[
{
  "model": "auth.group",
  "fields": {
    "permissions": [],
    "name": "teacher"
  },
  "pk": 1
},
{
  "model": "auth.user",
  "fields": {
    "date_joined": "2015-11-10T05:25:55.655Z",
    "is_staff": true,
    "last_name": "",
    "email": "ilay.raz@gmail.com",
    "first_name": "",
    "username": "admin",
    "groups": [],
    "is_superuser": true,
    "password": "pbkdf2_sha256$20000$efeMXL4JJXvw$yH9N/P0hF4khWf1PdUqLD/p9SFWxul8sHhpTmGVvHps=",
    "last_login": "2015-11-10T18:17:02.368Z",
    "is_active": true,
    "user_permissions": []
  },
  "pk": 1
},
{
  "model": "auth.user",
  "fields": {
    "date_joined": "2015-11-10T05:27:01Z",
    "is_staff": false,
    "last_name": "Secant",
    "email": "TIm.Secant@teacher.edu",
    "first_name": "Tim",
    "username": "teacher1",
    "groups": [
      1
    ],
    "is_superuser": false,
    "password": "pbkdf2_sha256$20000$1YyZXVr4xOXB$PUYac/SxC7nyUZ3T4Tjaf03qiGL9HoCFINXppl+o4jc=",
    "last_login": "2015-11-10T05:49:28.770Z",
    "is_active": true,
    "user_permissions": []
  },
  "pk": 2
},
{
  "model": "auth.user",
  "fields": {
    "date_joined": "2015-11-10T05:27:37Z",
    "is_staff": false,
    "last_name": "El",
    "email": "",
    "first_name": "Kal",
    "username": "teacher2",
    "groups": [
      1
    ],
    "is_superuser": false,
    "password": "pbkdf2_sha256$20000$78lUS9QqstP8$nEW2Aog3VWR/Uz8vWWebVNNcdapAr1b15+eRIslQ1XM=",
    "last_login": null,
    "is_active": true,
    "user_permissions": []
  },
  "pk": 3
},
{
  "model": "admin.logentry",
  "fields": {
    "action_flag": 1,
    "object_id": "1",
    "content_type": 2,
    "user": 1,
    "change_message": "",
    "action_time": "2015-11-10T05:26:52.312Z",
    "object_repr": "teacher"
  },
  "pk": 1
},
{
  "model": "admin.logentry",
  "fields": {
    "action_flag": 1,
    "object_id": "2",
    "content_type": 3,
    "user": 1,
    "change_message": "",
    "action_time": "2015-11-10T05:27:01.513Z",
    "object_repr": "teacher1"
  },
  "pk": 2
},
{
  "model": "admin.logentry",
  "fields": {
    "action_flag": 2,
    "object_id": "2",
    "content_type": 3,
    "user": 1,
    "change_message": "Changed first_name, last_name, email and groups.",
    "action_time": "2015-11-10T05:27:25.732Z",
    "object_repr": "teacher1"
  },
  "pk": 3
},
{
  "model": "admin.logentry",
  "fields": {
    "action_flag": 1,
    "object_id": "3",
    "content_type": 3,
    "user": 1,
    "change_message": "",
    "action_time": "2015-11-10T05:27:37.621Z",
    "object_repr": "teacher2"
  },
  "pk": 4
},
{
  "model": "admin.logentry",
  "fields": {
    "action_flag": 2,
    "object_id": "3",
    "content_type": 3,
    "user": 1,
    "change_message": "Changed first_name, last_name and groups.",
    "action_time": "2015-11-10T05:27:54.084Z",
    "object_repr": "teacher2"
  },
  "pk": 5
},
{
  "model": "admin.logentry",
  "fields": {
    "action_flag": 3,
    "object_id": "1",
    "content_type": 7,
    "user": 1,
    "change_message": "",
    "action_time": "2015-11-10T05:45:40.384Z",
    "object_repr": "S1"
  },
  "pk": 6
},
{
  "model": "admin.logentry",
  "fields": {
    "action_flag": 3,
    "object_id": "2",
    "content_type": 7,
    "user": 1,
    "change_message": "",
    "action_time": "2015-11-10T18:17:10.153Z",
    "object_repr": "S1"
  },
  "pk": 7
},
{
  "model": "sessions.session",
  "fields": {
    "session_data": "NDNjZGFmMTg4NDFmYTc2YjM1MjFlMGFlNDAxMDk0NGFhNGU5ZjU4NDp7Il9hdXRoX3VzZXJfaGFzaCI6ImJkYmY4NTVlYmM2OGJiYzkzYTM2MjMxN2ZkMzczNTczZGQ5ZWE1MzciLCJfYXV0aF91c2VyX2lkIjoiMiIsIl9hdXRoX3VzZXJfYmFja2VuZCI6ImRqYW5nby5jb250cmliLmF1dGguYmFja2VuZHMuTW9kZWxCYWNrZW5kIn0=",
    "expire_date": "2015-11-24T05:49:28.773Z"
  },
  "pk": "0pau9xdyq88l7mqx2qt1p9kk34jkgm2q"
},
{
  "model": "sessions.session",
  "fields": {
    "session_data": "NzJkY2QzYzg4NGEyYWViOWZiMjNjMGYxOGIyOTIyYTQ1YzZjMmE2Njp7Il9hdXRoX3VzZXJfaWQiOiIxIiwiX2F1dGhfdXNlcl9iYWNrZW5kIjoiZGphbmdvLmNvbnRyaWIuYXV0aC5iYWNrZW5kcy5Nb2RlbEJhY2tlbmQiLCJfYXV0aF91c2VyX2hhc2giOiIxYzhiNzFkNzFmYzA0MDFkYTg2YjVkMGVkMWQzZWQ5OTNiOTAzMDY1In0=",
    "expire_date": "2015-11-24T18:17:02.371Z"
  },
  "pk": "rs6sc5yaeu5qywk8h7958s7t1us2u4jl"
},
{
  "model": "group_manager.student_class",
  "fields": {
    "teacher": 2,
    "type": 0,
    "period": 1
  },
  "pk": 15
},
{
  "model": "group_manager.student_class",
  "fields": {
    "teacher": 2,
    "type": 0,
    "period": 2
  },
  "pk": 16
},
{
  "model": "group_manager.student_class",
  "fields": {
    "teacher": 2,
    "type": 0,
    "period": 3
  },
  "pk": 17
},
{
  "model": "group_manager.student_class",
  "fields": {
    "teacher": 2,
    "type": 0,
    "period": 4
  },
  "pk": 18
},
{
  "model": "group_manager.student_class",
  "fields": {
    "teacher": 2,
    "type": 0,
    "period": 5
  },
  "pk": 19
},
{
  "model": "group_manager.student_class",
  "fields": {
    "teacher": 2,
    "type": 0,
    "period": 6
  },
  "pk": 20
},
{
  "model": "group_manager.student_class",
  "fields": {
    "teacher": 2,
    "type": 0,
    "period": 7
  },
  "pk": 21
},
{
  "model": "group_manager.student_class",
  "fields": {
    "teacher": 3,
    "type": 1,
    "period": 1
  },
  "pk": 22
},
{
  "model": "group_manager.student_class",
  "fields": {
    "teacher": 3,
    "type": 1,
    "period": 2
  },
  "pk": 23
},
{
  "model": "group_manager.student_class",
  "fields": {
    "teacher": 3,
    "type": 1,
    "period": 3
  },
  "pk": 24
},
{
  "model": "group_manager.student_class",
  "fields": {
    "teacher": 3,
    "type": 1,
    "period": 4
  },
  "pk": 25
},
{
  "model": "group_manager.student_class",
  "fields": {
    "teacher": 3,
    "type": 1,
    "period": 5
  },
  "pk": 26
},
{
  "model": "group_manager.student_class",
  "fields": {
    "teacher": 3,
    "type": 1,
    "period": 6
  },
  "pk": 27
},
{
  "model": "group_manager.student_class",
  "fields": {
    "teacher": 3,
    "type": 1,
    "period": 7
  },
  "pk": 28
},
{
  "model": "group_manager.student",
  "fields": {
    "email": "marioej19@ausdk12.org",
    "ihs_class": 22,
    "english_class": 19,
    "first_name": "Mario",
    "last_name": "Jones",
    "group": null
  },
  "pk": 203591
},
{
  "model": "group_manager.student",
  "fields": {
    "email": "carolinag19@ausdk12.org",
    "ihs_class": 24,
    "english_class": 15,
    "first_name": "Carolina",
    "last_name": "Gonzalez",
    "group": null
  },
  "pk": 203638
},
{
  "model": "group_manager.student",
  "fields": {
    "email": "jaredjs19@ausdk12.org",
    "ihs_class": 27,
    "english_class": 19,
    "first_name": "Jared",
    "last_name": "Snyder",
    "group": null
  },
  "pk": 203765
},
{
  "model": "group_manager.student",
  "fields": {
    "email": "sreyrothjl19@ausdk12.org",
    "ihs_class": 27,
    "english_class": 18,
    "first_name": "Sreyroth",
    "last_name": "Lor",
    "group": null
  },
  "pk": 203952
},
{
  "model": "group_manager.student",
  "fields": {
    "email": "alexaca19@ausdk12.org",
    "ihs_class": 28,
    "english_class": 18,
    "first_name": "Alexa",
    "last_name": "Albert",
    "group": null
  },
  "pk": 204345
},
{
  "model": "group_manager.student",
  "fields": {
    "email": "ianma19@ausdk12.org",
    "ihs_class": 27,
    "english_class": 16,
    "first_name": "Ian",
    "last_name": "Adair",
    "group": null
  },
  "pk": 204353
},
{
  "model": "group_manager.student",
  "fields": {
    "email": "brendanaa19@ausdk12.org",
    "ihs_class": 28,
    "english_class": 16,
    "first_name": "Brendan",
    "last_name": "Albee-Good",
    "group": null
  },
  "pk": 204354
},
{
  "model": "group_manager.student",
  "fields": {
    "email": "lizbethca19@ausdk12.org",
    "ihs_class": 28,
    "english_class": 16,
    "first_name": "Lizbeth",
    "last_name": "Aguayo",
    "group": null
  },
  "pk": 204356
},
{
  "model": "group_manager.student",
  "fields": {
    "email": "monicaca19@ausdk12.org",
    "ihs_class": 22,
    "english_class": 16,
    "first_name": "Monica",
    "last_name": "Aguilar",
    "group": null
  },
  "pk": 204357
},
{
  "model": "group_manager.student",
  "fields": {
    "email": "lewisjb19@ausdk12.org",
    "ihs_class": 22,
    "english_class": 17,
    "first_name": "Lewis",
    "last_name": "Bittner",
    "group": null
  },
  "pk": 204359
},
{
  "model": "group_manager.student",
  "fields": {
    "email": "trentonwb19@ausdk12.org",
    "ihs_class": 26,
    "english_class": 15,
    "first_name": "Trenton",
    "last_name": "Black",
    "group": null
  },
  "pk": 204361
},
{
  "model": "group_manager.student",
  "fields": {
    "email": "stellaad19@ausdk12.org",
    "ihs_class": 24,
    "english_class": 19,
    "first_name": "Stella",
    "last_name": "Dixon",
    "group": null
  },
  "pk": 204369
},
{
  "model": "group_manager.student",
  "fields": {
    "email": "isabelaec19@ausdk12.org",
    "ihs_class": 26,
    "english_class": 15,
    "first_name": "Isabela",
    "last_name": "Colmenar",
    "group": null
  },
  "pk": 204371
},
{
  "model": "group_manager.student",
  "fields": {
    "email": "henryac19@ausdk12.org",
    "ihs_class": 23,
    "english_class": 17,
    "first_name": "Henry",
    "last_name": "Cohen",
    "group": null
  },
  "pk": 204372
},
{
  "model": "group_manager.student",
  "fields": {
    "email": "athenacc19@ausdk12.org",
    "ihs_class": 28,
    "english_class": 18,
    "first_name": "Athena",
    "last_name": "Chow",
    "group": null
  },
  "pk": 204373
},
{
  "model": "group_manager.student",
  "fields": {
    "email": "mylanc19@ausdk12.org",
    "ihs_class": 27,
    "english_class": 16,
    "first_name": "Myla",
    "last_name": "Campbell",
    "group": null
  },
  "pk": 204375
},
{
  "model": "group_manager.student",
  "fields": {
    "email": "matteoc19@ausdk12.org",
    "ihs_class": 26,
    "english_class": 21,
    "first_name": "Matteo",
    "last_name": "Calafiura-Soleri",
    "group": null
  },
  "pk": 204377
},
{
  "model": "group_manager.student",
  "fields": {
    "email": "geneliseah19@ausdk12.org",
    "ihs_class": 22,
    "english_class": 18,
    "first_name": "Genelise",
    "last_name": "Hazen",
    "group": null
  },
  "pk": 204389
},
{
  "model": "group_manager.student",
  "fields": {
    "email": "caraxh19@ausdk12.org",
    "ihs_class": 28,
    "english_class": 16,
    "first_name": "Cara",
    "last_name": "Higgins",
    "group": null
  },
  "pk": 204390
},
{
  "model": "group_manager.student",
  "fields": {
    "email": "garrettrh19@ausdk12.org",
    "ihs_class": 22,
    "english_class": 16,
    "first_name": "Garrett",
    "last_name": "Hill",
    "group": null
  },
  "pk": 204391
},
{
  "model": "group_manager.student",
  "fields": {
    "email": "lucaskh19@ausdk12.org",
    "ihs_class": 24,
    "english_class": 20,
    "first_name": "Lucas",
    "last_name": "Hori",
    "group": null
  },
  "pk": 204392
},
{
  "model": "group_manager.student",
  "fields": {
    "email": "jamesth19@ausdk12.org",
    "ihs_class": 28,
    "english_class": 16,
    "first_name": "James",
    "last_name": "Hort",
    "group": null
  },
  "pk": 204393
},
{
  "model": "group_manager.student",
  "fields": {
    "email": "jaylenmi19@ausdk12.org",
    "ihs_class": 27,
    "english_class": 16,
    "first_name": "Jaylen",
    "last_name": "Ivey",
    "group": null
  },
  "pk": 204397
},
{
  "model": "group_manager.student",
  "fields": {
    "email": "johnnj19@ausdk12.org",
    "ihs_class": 27,
    "english_class": 19,
    "first_name": "John",
    "last_name": "Judge",
    "group": null
  },
  "pk": 204400
},
{
  "model": "group_manager.student",
  "fields": {
    "email": "zainak19@ausdk12.org",
    "ihs_class": 24,
    "english_class": 20,
    "first_name": "Zain",
    "last_name": "Kazi",
    "group": null
  },
  "pk": 204401
},
{
  "model": "group_manager.student",
  "fields": {
    "email": "juliek19@ausdk12.org",
    "ihs_class": 22,
    "english_class": 16,
    "first_name": "Julie",
    "last_name": "Khou",
    "group": null
  },
  "pk": 204402
},
{
  "model": "group_manager.student",
  "fields": {
    "email": "noahrk19@ausdk12.org",
    "ihs_class": 22,
    "english_class": 20,
    "first_name": "Noah",
    "last_name": "King",
    "group": null
  },
  "pk": 204419
},
{
  "model": "group_manager.student",
  "fields": {
    "email": "jirachayak19@ausdk12.org",
    "ihs_class": 25,
    "english_class": 15,
    "first_name": "Jirachaya",
    "last_name": "Kiriruangchai",
    "group": null
  },
  "pk": 204420
},
{
  "model": "group_manager.student",
  "fields": {
    "email": "camillerk19@ausdk12.org",
    "ihs_class": 26,
    "english_class": 16,
    "first_name": "Camille",
    "last_name": "Kobelin",
    "group": null
  },
  "pk": 204421
},
{
  "model": "group_manager.student",
  "fields": {
    "email": "shaunak19@ausdk12.org",
    "ihs_class": 25,
    "english_class": 17,
    "first_name": "Shauna",
    "last_name": "Korchin",
    "group": null
  },
  "pk": 204423
},
{
  "model": "group_manager.student",
  "fields": {
    "email": "abigailal19@ausdk12.org",
    "ihs_class": 27,
    "english_class": 21,
    "first_name": "Abigail",
    "last_name": "Lawrence",
    "group": null
  },
  "pk": 204425
},
{
  "model": "group_manager.student",
  "fields": {
    "email": "ethanl19@ausdk12.org",
    "ihs_class": 28,
    "english_class": 16,
    "first_name": "Ethan",
    "last_name": "Leventhal",
    "group": null
  },
  "pk": 204428
},
{
  "model": "group_manager.student",
  "fields": {
    "email": "nathanal19@ausdk12.org",
    "ihs_class": 22,
    "english_class": 18,
    "first_name": "Nathan",
    "last_name": "Levine",
    "group": null
  },
  "pk": 204429
},
{
  "model": "group_manager.student",
  "fields": {
    "email": "williaml19@ausdk12.org",
    "ihs_class": 27,
    "english_class": 18,
    "first_name": "William",
    "last_name": "Li",
    "group": null
  },
  "pk": 204430
},
{
  "model": "group_manager.student",
  "fields": {
    "email": "danielbl19@ausdk12.org",
    "ihs_class": 28,
    "english_class": 18,
    "first_name": "Daniel",
    "last_name": "Liu",
    "group": null
  },
  "pk": 204433
},
{
  "model": "group_manager.student",
  "fields": {
    "email": "peterrl19@ausdk12.org",
    "ihs_class": 28,
    "english_class": 16,
    "first_name": "Peter",
    "last_name": "Loizeaux",
    "group": null
  },
  "pk": 204434
},
{
  "model": "group_manager.student",
  "fields": {
    "email": "margaretbl19@ausdk12.org",
    "ihs_class": 28,
    "english_class": 16,
    "first_name": "Maisie",
    "last_name": "Long",
    "group": null
  },
  "pk": 204435
},
{
  "model": "group_manager.student",
  "fields": {
    "email": "jonathanl19@ausdk12.org",
    "ihs_class": 26,
    "english_class": 16,
    "first_name": "Jonathan",
    "last_name": "Luo",
    "group": null
  },
  "pk": 204436
},
{
  "model": "group_manager.student",
  "fields": {
    "email": "emmamm19@ausdk12.org",
    "ihs_class": 26,
    "english_class": 18,
    "first_name": "Emma",
    "last_name": "Maass",
    "group": null
  },
  "pk": 204437
},
{
  "model": "group_manager.student",
  "fields": {
    "email": "enzoym19@ausdk12.org",
    "ihs_class": 24,
    "english_class": 19,
    "first_name": "Enzo",
    "last_name": "Maida",
    "group": null
  },
  "pk": 204438
},
{
  "model": "group_manager.student",
  "fields": {
    "email": "ezrajm19@ausdk12.org",
    "ihs_class": 27,
    "english_class": 17,
    "first_name": "Ezra",
    "last_name": "Mander",
    "group": null
  },
  "pk": 204439
},
{
  "model": "group_manager.student",
  "fields": {
    "email": "camdenlm19@ausdk12.org",
    "ihs_class": 22,
    "english_class": 20,
    "first_name": "Camden",
    "last_name": "McCroskey",
    "group": null
  },
  "pk": 204442
},
{
  "model": "group_manager.student",
  "fields": {
    "email": "tessem19@ausdk12.org",
    "ihs_class": 27,
    "english_class": 16,
    "first_name": "Tess",
    "last_name": "McGinley",
    "group": null
  },
  "pk": 204443
},
{
  "model": "group_manager.student",
  "fields": {
    "email": "johnam19@ausdk12.org",
    "ihs_class": 28,
    "english_class": 16,
    "first_name": "John",
    "last_name": "Miki",
    "group": null
  },
  "pk": 204446
},
{
  "model": "group_manager.student",
  "fields": {
    "email": "colem19@ausdk12.org",
    "ihs_class": 24,
    "english_class": 19,
    "first_name": "Cole",
    "last_name": "Mink",
    "group": null
  },
  "pk": 204447
},
{
  "model": "group_manager.student",
  "fields": {
    "email": "porschen19@ausdk12.org",
    "ihs_class": 22,
    "english_class": 18,
    "first_name": "Porsche",
    "last_name": "Noble",
    "group": null
  },
  "pk": 204450
},
{
  "model": "group_manager.student",
  "fields": {
    "email": "clairso19@ausdk12.org",
    "ihs_class": 26,
    "english_class": 16,
    "first_name": "Clair",
    "last_name": "O'Shea",
    "group": null
  },
  "pk": 204453
},
{
  "model": "group_manager.student",
  "fields": {
    "email": "lucasjp19@ausdk12.org",
    "ihs_class": 22,
    "english_class": 18,
    "first_name": "Lucas",
    "last_name": "Picard",
    "group": null
  },
  "pk": 204456
},
{
  "model": "group_manager.student",
  "fields": {
    "email": "nataliayp19@ausdk12.org",
    "ihs_class": 24,
    "english_class": 19,
    "first_name": "Natalia",
    "last_name": "Porras",
    "group": null
  },
  "pk": 204457
},
{
  "model": "group_manager.student",
  "fields": {
    "email": "isabelrr19@ausdk12.org",
    "ihs_class": 24,
    "english_class": 19,
    "first_name": "Isabel",
    "last_name": "Rainey",
    "group": null
  },
  "pk": 204459
},
{
  "model": "group_manager.student",
  "fields": {
    "email": "averyjr19@ausdk12.org",
    "ihs_class": 23,
    "english_class": 20,
    "first_name": "Avery",
    "last_name": "Rasband",
    "group": null
  },
  "pk": 204460
},
{
  "model": "group_manager.student",
  "fields": {
    "email": "cleightonwr19@ausdk12.org",
    "ihs_class": 27,
    "english_class": 21,
    "first_name": "Cleighton",
    "last_name": "Roberts",
    "group": null
  },
  "pk": 204464
},
{
  "model": "group_manager.student",
  "fields": {
    "email": "elianamr19@ausdk12.org",
    "ihs_class": 24,
    "english_class": 21,
    "first_name": "Eliana",
    "last_name": "Rosen-Bloom",
    "group": null
  },
  "pk": 204465
},
{
  "model": "group_manager.student",
  "fields": {
    "email": "milodr19@ausdk12.org",
    "ihs_class": 26,
    "english_class": 16,
    "first_name": "Milo",
    "last_name": "Ruberto",
    "group": null
  },
  "pk": 204466
},
{
  "model": "group_manager.student",
  "fields": {
    "email": "christopherrr19@ausdk12.org",
    "ihs_class": 26,
    "english_class": 16,
    "first_name": "Christopher",
    "last_name": "Rynhoud",
    "group": null
  },
  "pk": 204467
},
{
  "model": "group_manager.student",
  "fields": {
    "email": "elkaks19@ausdk12.org",
    "ihs_class": 22,
    "english_class": 16,
    "first_name": "Elka",
    "last_name": "Saaf",
    "group": null
  },
  "pk": 204478
},
{
  "model": "group_manager.student",
  "fields": {
    "email": "saghafi.arman@gmail.com",
    "ihs_class": 26,
    "english_class": 21,
    "first_name": "Arman",
    "last_name": "Saghafi",
    "group": null
  },
  "pk": 204480
},
{
  "model": "group_manager.student",
  "fields": {
    "email": "heibahws19@ausdk12.org",
    "ihs_class": 24,
    "english_class": 15,
    "first_name": "Heibah",
    "last_name": "Shaikh",
    "group": null
  },
  "pk": 204485
},
{
  "model": "group_manager.student",
  "fields": {
    "email": "nealbs19@ausdk12.org",
    "ihs_class": 23,
    "english_class": 20,
    "first_name": "Neal",
    "last_name": "Shipman",
    "group": null
  },
  "pk": 204487
},
{
  "model": "group_manager.student",
  "fields": {
    "email": "margaretas19@ausdk12.org",
    "ihs_class": 24,
    "english_class": 20,
    "first_name": "Margaret",
    "last_name": "Silva",
    "group": null
  },
  "pk": 204489
},
{
  "model": "group_manager.student",
  "fields": {
    "email": "wictoriaks19@ausdk12.org",
    "ihs_class": 24,
    "english_class": 21,
    "first_name": "Wictoria",
    "last_name": "Silvestre",
    "group": null
  },
  "pk": 204490
},
{
  "model": "group_manager.student",
  "fields": {
    "email": "matthewjs19@ausdk12.org",
    "ihs_class": 26,
    "english_class": 18,
    "first_name": "Matthew",
    "last_name": "Sim",
    "group": null
  },
  "pk": 204491
},
{
  "model": "group_manager.student",
  "fields": {
    "email": "georgens19@ausdk12.org",
    "ihs_class": 23,
    "english_class": 15,
    "first_name": "George",
    "last_name": "Simon",
    "group": null
  },
  "pk": 204492
},
{
  "model": "group_manager.student",
  "fields": {
    "email": "alexanderps19@ausdk12.org",
    "ihs_class": 24,
    "english_class": 15,
    "first_name": "Alexander",
    "last_name": "Szumilo",
    "group": null
  },
  "pk": 204499
},
{
  "model": "group_manager.student",
  "fields": {
    "email": "shreyat19@ausdk12.org",
    "ihs_class": 23,
    "english_class": 19,
    "first_name": "Shreya",
    "last_name": "Tamang",
    "group": null
  },
  "pk": 204500
},
{
  "model": "group_manager.student",
  "fields": {
    "email": "ogyendt19@ausdk12.org",
    "ihs_class": 24,
    "english_class": 19,
    "first_name": "Ogyen",
    "last_name": "Tembay",
    "group": null
  },
  "pk": 204502
},
{
  "model": "group_manager.student",
  "fields": {
    "email": "dorjeet19@ausdk12.org",
    "ihs_class": 23,
    "english_class": 17,
    "first_name": "Dorjee",
    "last_name": "Tenzing",
    "group": null
  },
  "pk": 204503
},
{
  "model": "group_manager.student",
  "fields": {
    "email": "lindseyt19@ausdk12.org",
    "ihs_class": 27,
    "english_class": 18,
    "first_name": "Lindsey",
    "last_name": "Tran",
    "group": null
  },
  "pk": 204504
},
{
  "model": "group_manager.student",
  "fields": {
    "email": "helena.tremblay@gmail.com",
    "ihs_class": 27,
    "english_class": 16,
    "first_name": "Helena",
    "last_name": "Tremblay",
    "group": null
  },
  "pk": 204505
},
{
  "model": "group_manager.student",
  "fields": {
    "email": "dominicqt19@ausdk12.org",
    "ihs_class": 26,
    "english_class": 18,
    "first_name": "Dominic",
    "last_name": "Treseler",
    "group": null
  },
  "pk": 204506
},
{
  "model": "group_manager.student",
  "fields": {
    "email": "russellet19@ausdk12.org",
    "ihs_class": 27,
    "english_class": 16,
    "first_name": "Russell",
    "last_name": "Trutane",
    "group": null
  },
  "pk": 204507
},
{
  "model": "group_manager.student",
  "fields": {
    "email": "tamaradv19@ausdk12.org",
    "ihs_class": 22,
    "english_class": 16,
    "first_name": "Tamara",
    "last_name": "Valenzuela",
    "group": null
  },
  "pk": 204509
},
{
  "model": "group_manager.student",
  "fields": {
    "email": "mariack19@ausdk12.org",
    "ihs_class": 24,
    "english_class": 19,
    "first_name": "Maria",
    "last_name": "Krashna",
    "group": null
  },
  "pk": 204510
},
{
  "model": "group_manager.student",
  "fields": {
    "email": "lajw19@ausdk12.org",
    "ihs_class": 23,
    "english_class": 15,
    "first_name": "La Mar",
    "last_name": "Waters",
    "group": null
  },
  "pk": 204512
},
{
  "model": "group_manager.student",
  "fields": {
    "email": "tiffanyyw19@ausdk12.org",
    "ihs_class": 26,
    "english_class": 18,
    "first_name": "Tiffany",
    "last_name": "Wong",
    "group": null
  },
  "pk": 204514
},
{
  "model": "group_manager.student",
  "fields": {
    "email": "jessicamw19@ausdk12.org",
    "ihs_class": 23,
    "english_class": 19,
    "first_name": "Jessica",
    "last_name": "Wright",
    "group": null
  },
  "pk": 204516
},
{
  "model": "group_manager.student",
  "fields": {
    "email": "alberthx19@ausdk12.org",
    "ihs_class": 25,
    "english_class": 15,
    "first_name": "Albert",
    "last_name": "Xing",
    "group": null
  },
  "pk": 204518
},
{
  "model": "group_manager.student",
  "fields": {
    "email": "kevinsy19@ausdk12.org",
    "ihs_class": 26,
    "english_class": 17,
    "first_name": "Kevin",
    "last_name": "Yee",
    "group": null
  },
  "pk": 204519
},
{
  "model": "group_manager.student",
  "fields": {
    "email": "evanz19@ausdk12.org",
    "ihs_class": 23,
    "english_class": 15,
    "first_name": "Evan",
    "last_name": "Zhong",
    "group": null
  },
  "pk": 204521
},
{
  "model": "group_manager.student",
  "fields": {
    "email": "sunnytz19@ausdk12.org",
    "ihs_class": 22,
    "english_class": 20,
    "first_name": "Sunny",
    "last_name": "Zhou",
    "group": null
  },
  "pk": 204522
},
{
  "model": "group_manager.student",
  "fields": {
    "email": "calderla19@ausdk12.org",
    "ihs_class": 26,
    "english_class": 15,
    "first_name": "Calder",
    "last_name": "Abbott",
    "group": null
  },
  "pk": 204524
},
{
  "model": "group_manager.student",
  "fields": {
    "email": "sageec19@ausdk12.org",
    "ihs_class": 24,
    "english_class": 21,
    "first_name": "Sage",
    "last_name": "Charp",
    "group": null
  },
  "pk": 204526
},
{
  "model": "group_manager.student",
  "fields": {
    "email": "madeleinerc19@ausdk12.org",
    "ihs_class": 27,
    "english_class": 19,
    "first_name": "Madeleine",
    "last_name": "Chen",
    "group": null
  },
  "pk": 204527
},
{
  "model": "group_manager.student",
  "fields": {
    "email": "jacquelinehd19@ausdk12.org",
    "ihs_class": 22,
    "english_class": 18,
    "first_name": "Jacqueline",
    "last_name": "Davis",
    "group": null
  },
  "pk": 204529
},
{
  "model": "group_manager.student",
  "fields": {
    "email": "josephwd19@ausdk12.org",
    "ihs_class": 26,
    "english_class": 18,
    "first_name": "Joseph",
    "last_name": "DePianto",
    "group": null
  },
  "pk": 204530
},
{
  "model": "group_manager.student",
  "fields": {
    "email": "mollyeg19@ausdk12.org",
    "ihs_class": 26,
    "english_class": 18,
    "first_name": "Molly",
    "last_name": "Goose",
    "group": null
  },
  "pk": 204531
},
{
  "model": "group_manager.student",
  "fields": {
    "email": "jasonyl19@ausdk12.org",
    "ihs_class": 26,
    "english_class": 18,
    "first_name": "Jason",
    "last_name": "Liu",
    "group": null
  },
  "pk": 204533
},
{
  "model": "group_manager.student",
  "fields": {
    "email": "sarahmn19@ausdk12.org",
    "ihs_class": 24,
    "english_class": 15,
    "first_name": "Sarah",
    "last_name": "Ng",
    "group": null
  },
  "pk": 204535
},
{
  "model": "group_manager.student",
  "fields": {
    "email": "mateogr19@ausdk12.org",
    "ihs_class": 25,
    "english_class": 20,
    "first_name": "Mateo",
    "last_name": "Rodriguez",
    "group": null
  },
  "pk": 204537
},
{
  "model": "group_manager.student",
  "fields": {
    "email": "jessicaes19@ausdk12.org",
    "ihs_class": 27,
    "english_class": 18,
    "first_name": "Jessica",
    "last_name": "Shen-Wachter",
    "group": null
  },
  "pk": 204538
},
{
  "model": "group_manager.student",
  "fields": {
    "email": "kaileygs19@ausdk12.org",
    "ihs_class": 28,
    "english_class": 16,
    "first_name": "Kailey",
    "last_name": "Stallmeyer",
    "group": null
  },
  "pk": 204540
},
{
  "model": "group_manager.student",
  "fields": {
    "email": "koryss19@ausdk12.org",
    "ihs_class": 24,
    "english_class": 20,
    "first_name": "Kory",
    "last_name": "Swygert",
    "group": null
  },
  "pk": 204541
},
{
  "model": "group_manager.student",
  "fields": {
    "email": "aditiaj19@ausdk12.org",
    "ihs_class": 23,
    "english_class": 15,
    "first_name": "Aditi",
    "last_name": "Jain",
    "group": null
  },
  "pk": 204559
},
{
  "model": "group_manager.student",
  "fields": {
    "email": "emmaig19@ausdk12.org",
    "ihs_class": 22,
    "english_class": 16,
    "first_name": "Emma",
    "last_name": "Green",
    "group": null
  },
  "pk": 204560
},
{
  "model": "group_manager.student",
  "fields": {
    "email": "chloets19@ausdk12.org",
    "ihs_class": 26,
    "english_class": 17,
    "first_name": "Chloe",
    "last_name": "Stapleton-Gray",
    "group": null
  },
  "pk": 204562
},
{
  "model": "group_manager.student",
  "fields": {
    "email": "davidaw19@ausdk12.org",
    "ihs_class": 28,
    "english_class": 16,
    "first_name": "David",
    "last_name": "Wolf",
    "group": null
  },
  "pk": 204564
},
{
  "model": "group_manager.student",
  "fields": {
    "email": "leannefb19@ausdk12.org",
    "ihs_class": 27,
    "english_class": 21,
    "first_name": "Leanne",
    "last_name": "Blum",
    "group": null
  },
  "pk": 204605
},
{
  "model": "group_manager.student",
  "fields": {
    "email": "matthewlb19@ausdk12.org",
    "ihs_class": 28,
    "english_class": 18,
    "first_name": "Matthew",
    "last_name": "Brusseau",
    "group": null
  },
  "pk": 204606
},
{
  "model": "group_manager.student",
  "fields": {
    "email": "abdulrahmanue19@ausdk12.org",
    "ihs_class": 28,
    "english_class": 18,
    "first_name": "Abdul-Rahman",
    "last_name": "El-Saied",
    "group": null
  },
  "pk": 204612
},
{
  "model": "group_manager.student",
  "fields": {
    "email": "jadehg19@ausdk12.org",
    "ihs_class": 27,
    "english_class": 19,
    "first_name": "Jade",
    "last_name": "Goree",
    "group": null
  },
  "pk": 204614
},
{
  "model": "group_manager.student",
  "fields": {
    "email": "lunarg19@ausdk12.org",
    "ihs_class": 26,
    "english_class": 18,
    "first_name": "Luna",
    "last_name": "Gulisano",
    "group": null
  },
  "pk": 204616
},
{
  "model": "group_manager.student",
  "fields": {
    "email": "jackjh19@ausdk12.org",
    "ihs_class": 26,
    "english_class": 18,
    "first_name": "Jack",
    "last_name": "Hallinan",
    "group": null
  },
  "pk": 204617
},
{
  "model": "group_manager.student",
  "fields": {
    "email": "nikkopi19@ausdk12.org",
    "ihs_class": 28,
    "english_class": 18,
    "first_name": "Nikko",
    "last_name": "Intoci",
    "group": null
  },
  "pk": 204618
},
{
  "model": "group_manager.student",
  "fields": {
    "email": "lucienfl19@ausdk12.org",
    "ihs_class": 28,
    "english_class": 16,
    "first_name": "Lucien",
    "last_name": "Lucky",
    "group": null
  },
  "pk": 204622
},
{
  "model": "group_manager.student",
  "fields": {
    "email": "ryanlm19@ausdk12.org",
    "ihs_class": 26,
    "english_class": 21,
    "first_name": "Ryan",
    "last_name": "Man",
    "group": null
  },
  "pk": 204623
},
{
  "model": "group_manager.student",
  "fields": {
    "email": "stellarn19@ausdk12.org",
    "ihs_class": 27,
    "english_class": 18,
    "first_name": "Stella",
    "last_name": "Naylor",
    "group": null
  },
  "pk": 204626
},
{
  "model": "group_manager.student",
  "fields": {
    "email": "andresmp19@ausdk12.org",
    "ihs_class": 22,
    "english_class": 19,
    "first_name": "Andres",
    "last_name": "Payongayong",
    "group": null
  },
  "pk": 204627
},
{
  "model": "group_manager.student",
  "fields": {
    "email": "caspianjp19@ausdk12.org",
    "ihs_class": 26,
    "english_class": 16,
    "first_name": "Caspian",
    "last_name": "Pimpan",
    "group": null
  },
  "pk": 204629
},
{
  "model": "group_manager.student",
  "fields": {
    "email": "nicots19@ausdk12.org",
    "ihs_class": 26,
    "english_class": 16,
    "first_name": "Nico",
    "last_name": "Sorensen",
    "group": null
  },
  "pk": 204632
},
{
  "model": "group_manager.student",
  "fields": {
    "email": "yinlinls19@ausdk12.org",
    "ihs_class": 22,
    "english_class": 20,
    "first_name": "Yinlin",
    "last_name": "Suennen",
    "group": null
  },
  "pk": 204634
},
{
  "model": "group_manager.student",
  "fields": {
    "email": "angelocf19@ausdk12.org",
    "ihs_class": 23,
    "english_class": 15,
    "first_name": "Angelo",
    "last_name": "Feliciano",
    "group": null
  },
  "pk": 204661
},
{
  "model": "group_manager.student",
  "fields": {
    "email": "calebvf19@ausdk12.org",
    "ihs_class": 22,
    "english_class": 16,
    "first_name": "Caleb",
    "last_name": "Foster",
    "group": null
  },
  "pk": 204665
},
{
  "model": "group_manager.student",
  "fields": {
    "email": "jaredkf19@ausdk12.org",
    "ihs_class": 23,
    "english_class": 19,
    "first_name": "Jared",
    "last_name": "Fukumae",
    "group": null
  },
  "pk": 204666
},
{
  "model": "group_manager.student",
  "fields": {
    "email": "marisafr19@ausdk12.org",
    "ihs_class": 26,
    "english_class": 21,
    "first_name": "Marisa",
    "last_name": "Rockwell",
    "group": null
  },
  "pk": 204675
},
{
  "model": "group_manager.student",
  "fields": {
    "email": "tiamak19@ausdk12.org",
    "ihs_class": 26,
    "english_class": 21,
    "first_name": "Tiam",
    "last_name": "Kermanshahi",
    "group": null
  },
  "pk": 204678
},
{
  "model": "group_manager.student",
  "fields": {
    "email": "michaelsl19@ausdk12.org",
    "ihs_class": 24,
    "english_class": 18,
    "first_name": "Michael",
    "last_name": "Luoma",
    "group": null
  },
  "pk": 204679
},
{
  "model": "group_manager.student",
  "fields": {
    "email": "benjaminzl19@ausdk12.org",
    "ihs_class": 23,
    "english_class": 19,
    "first_name": "Benjamin",
    "last_name": "Lo",
    "group": null
  },
  "pk": 204714
},
{
  "model": "group_manager.student",
  "fields": {
    "email": "kylep19@ausdk12.org",
    "ihs_class": 27,
    "english_class": 17,
    "first_name": "Kyle",
    "last_name": "Paiz",
    "group": null
  },
  "pk": 204761
},
{
  "model": "group_manager.student",
  "fields": {
    "email": "madisonl19@ausdk12.org",
    "ihs_class": 22,
    "english_class": 16,
    "first_name": "Madison",
    "last_name": "Lee",
    "group": null
  },
  "pk": 204762
},
{
  "model": "group_manager.student",
  "fields": {
    "email": "tylerij19@ausdk12.org",
    "ihs_class": 24,
    "english_class": 15,
    "first_name": "Tyler",
    "last_name": "Jackson",
    "group": null
  },
  "pk": 204823
},
{
  "model": "group_manager.student",
  "fields": {
    "email": "ninace19@ausdk12.org",
    "ihs_class": 23,
    "english_class": 20,
    "first_name": "Nina",
    "last_name": "Escoto",
    "group": null
  },
  "pk": 204832
},
{
  "model": "group_manager.student",
  "fields": {
    "email": "tiffanyaj19@ausdk12.org",
    "ihs_class": 27,
    "english_class": 17,
    "first_name": "Tiffany",
    "last_name": "Johnson",
    "group": null
  },
  "pk": 204864
},
{
  "model": "group_manager.student",
  "fields": {
    "email": "lukemw19@ausdk12.org",
    "ihs_class": 23,
    "english_class": 17,
    "first_name": "Luke",
    "last_name": "Williams",
    "group": null
  },
  "pk": 204874
},
{
  "model": "group_manager.student",
  "fields": {
    "email": "henrydp19@ausdk12.org",
    "ihs_class": 23,
    "english_class": 19,
    "first_name": "Henry",
    "last_name": "Pree",
    "group": null
  },
  "pk": 204878
},
{
  "model": "group_manager.student",
  "fields": {
    "email": "kristylp19@ausdk12.org",
    "ihs_class": 23,
    "english_class": 19,
    "first_name": "Kristyl Anne",
    "last_name": "Plamenco",
    "group": null
  },
  "pk": 204910
},
{
  "model": "group_manager.student",
  "fields": {
    "email": "areezam19@ausdk12.org",
    "ihs_class": 27,
    "english_class": 19,
    "first_name": "Areez",
    "last_name": "Malik",
    "group": null
  },
  "pk": 204936
},
{
  "model": "group_manager.student",
  "fields": {
    "email": "elizabetha19@ausdk12.org",
    "ihs_class": 23,
    "english_class": 15,
    "first_name": "Elizabeth",
    "last_name": "Alvarado",
    "group": null
  },
  "pk": 204973
},
{
  "model": "group_manager.student",
  "fields": {
    "email": "derrickjc19@ausdk12.org",
    "ihs_class": 22,
    "english_class": 20,
    "first_name": "Derrick",
    "last_name": "Chen",
    "group": null
  },
  "pk": 205072
},
{
  "model": "group_manager.student",
  "fields": {
    "email": "jerryrw19@ausdk12.org",
    "ihs_class": 22,
    "english_class": 20,
    "first_name": "Jerry",
    "last_name": "Wu",
    "group": null
  },
  "pk": 205076
},
{
  "model": "group_manager.student",
  "fields": {
    "email": "rubyt19@ausdk12.org",
    "ihs_class": 22,
    "english_class": 20,
    "first_name": "Ruby",
    "last_name": "Tang",
    "group": null
  },
  "pk": 205159
},
{
  "model": "group_manager.student",
  "fields": {
    "email": "maximl19@ausdk12.org",
    "ihs_class": 24,
    "english_class": 20,
    "first_name": "Maxim",
    "last_name": "Loshak",
    "group": null
  },
  "pk": 205212
},
{
  "model": "group_manager.student",
  "fields": {
    "email": "yaraie19@ausdk12.org",
    "ihs_class": 28,
    "english_class": 16,
    "first_name": "Yara",
    "last_name": "Eliyan",
    "group": null
  },
  "pk": 205259
},
{
  "model": "group_manager.student",
  "fields": {
    "email": "emilyzl19@ausdk12.org",
    "ihs_class": 23,
    "english_class": 20,
    "first_name": "Emily",
    "last_name": "Lu",
    "group": null
  },
  "pk": 205295
},
{
  "model": "group_manager.student",
  "fields": {
    "email": "jettsl19@ausdk12.org",
    "ihs_class": 24,
    "english_class": 15,
    "first_name": "Jett",
    "last_name": "Lim",
    "group": null
  },
  "pk": 205310
},
{
  "model": "group_manager.student",
  "fields": {
    "email": "delianjl19@ausdk12.org",
    "ihs_class": 25,
    "english_class": 15,
    "first_name": "Delian",
    "last_name": "Ligon",
    "group": null
  },
  "pk": 205315
},
{
  "model": "group_manager.student",
  "fields": {
    "email": "shauniecelw19@ausdk12.org",
    "ihs_class": 23,
    "english_class": 15,
    "first_name": "Shauniece",
    "last_name": "Williams",
    "group": null
  },
  "pk": 205403
},
{
  "model": "group_manager.student",
  "fields": {
    "email": "alfredmb19@ausdk12.org",
    "ihs_class": 23,
    "english_class": 15,
    "first_name": "Alfred",
    "last_name": "Butiong",
    "group": null
  },
  "pk": 205433
},
{
  "model": "group_manager.student",
  "fields": {
    "email": "anam19@ausdk12.org",
    "ihs_class": 27,
    "english_class": 19,
    "first_name": "Ana",
    "last_name": "Megibben",
    "group": null
  },
  "pk": 205479
},
{
  "model": "group_manager.student",
  "fields": {
    "email": "tamaradb19@ausdk12.org",
    "ihs_class": 25,
    "english_class": 19,
    "first_name": "Tamara",
    "last_name": "Borgfeldt",
    "group": null
  },
  "pk": 205492
},
{
  "model": "group_manager.student",
  "fields": {
    "email": "karmans19@ausdk12.org",
    "ihs_class": 26,
    "english_class": 18,
    "first_name": "Karman",
    "last_name": "Sikand",
    "group": null
  },
  "pk": 205503
},
{
  "model": "group_manager.student",
  "fields": {
    "email": "nataliau19@ausdk12.org",
    "ihs_class": 23,
    "english_class": 20,
    "first_name": "Natalia",
    "last_name": "Urbas",
    "group": null
  },
  "pk": 205507
},
{
  "model": "group_manager.student",
  "fields": {
    "email": "maxwelljm19@ausdk12.org",
    "ihs_class": 27,
    "english_class": 19,
    "first_name": "Maxwell",
    "last_name": "Meyers",
    "group": null
  },
  "pk": 205550
},
{
  "model": "group_manager.student",
  "fields": {
    "email": "sophiawa19@ausdk12.org",
    "ihs_class": 26,
    "english_class": 17,
    "first_name": "Sophia",
    "last_name": "Acker",
    "group": null
  },
  "pk": 205564
},
{
  "model": "group_manager.student",
  "fields": {
    "email": "anthonyjn19@ausdk12.org",
    "ihs_class": 28,
    "english_class": 16,
    "first_name": "Anthony",
    "last_name": "Nihei",
    "group": null
  },
  "pk": 205589
},
{
  "model": "group_manager.student",
  "fields": {
    "email": "jungaha19@ausdk12.org",
    "ihs_class": 24,
    "english_class": 19,
    "first_name": "Jungah",
    "last_name": "Ahn",
    "group": null
  },
  "pk": 205640
},
{
  "model": "group_manager.student",
  "fields": {
    "email": "alexandermc19@ausdk12.org",
    "ihs_class": 23,
    "english_class": 15,
    "first_name": "Alexander",
    "last_name": "Cortez",
    "group": null
  },
  "pk": 205643
},
{
  "model": "group_manager.student",
  "fields": {
    "email": "shuntongd19@ausdk12.org",
    "ihs_class": 26,
    "english_class": 21,
    "first_name": "Shuntong",
    "last_name": "Deng",
    "group": null
  },
  "pk": 205644
},
{
  "model": "group_manager.student",
  "fields": {
    "email": "rosete19@ausdk12.org",
    "ihs_class": 27,
    "english_class": 18,
    "first_name": "Rose",
    "last_name": "Ernst",
    "group": null
  },
  "pk": 205645
},
{
  "model": "group_manager.student",
  "fields": {
    "email": "nicoleh19@ausdk12.org",
    "ihs_class": 28,
    "english_class": 16,
    "first_name": "Nicole",
    "last_name": "Hernandez",
    "group": null
  },
  "pk": 205648
},
{
  "model": "group_manager.student",
  "fields": {
    "email": "sulaimanms19@ausdk12.org",
    "ihs_class": 23,
    "english_class": 15,
    "first_name": "Sulaiman",
    "last_name": "Sabir",
    "group": null
  },
  "pk": 205651
},
{
  "model": "group_manager.student",
  "fields": {
    "email": "nathands19@ausdk12.org",
    "ihs_class": 22,
    "english_class": 16,
    "first_name": "Nathan",
    "last_name": "Skinner",
    "group": null
  },
  "pk": 205655
},
{
  "model": "group_manager.student",
  "fields": {
    "email": "sungk19@ausdk12.org",
    "ihs_class": 28,
    "english_class": 16,
    "first_name": "Sung Joo",
    "last_name": "Kim",
    "group": null
  },
  "pk": 205659
},
{
  "model": "group_manager.student",
  "fields": {
    "email": "DarrienAM19@ausdk12.org",
    "ihs_class": 26,
    "english_class": 16,
    "first_name": "Darrien",
    "last_name": "Miller",
    "group": null
  },
  "pk": 205736
},
{
  "model": "group_manager.student",
  "fields": {
    "email": "NicholasGC19@ausdk12.org",
    "ihs_class": 22,
    "english_class": 18,
    "first_name": "Nicholas",
    "last_name": "Chavez",
    "group": null
  },
  "pk": 205754
},
{
  "model": "group_manager.student",
  "fields": {
    "email": "anjeloup19@ausdk12.org",
    "ihs_class": 28,
    "english_class": 16,
    "first_name": "Anjelou",
    "last_name": "Parafina",
    "group": null
  },
  "pk": 205777
},
{
  "model": "group_manager.student",
  "fields": {
    "email": "calebcj19@ausdk12.org",
    "ihs_class": 23,
    "english_class": 15,
    "first_name": "Caleb",
    "last_name": "Johnson",
    "group": null
  },
  "pk": 205788
},
{
  "model": "group_manager.student",
  "fields": {
    "email": "liambc19@ausdk12.org",
    "ihs_class": 27,
    "english_class": 18,
    "first_name": "Liam",
    "last_name": "Cardozo",
    "group": null
  },
  "pk": 205792
},
{
  "model": "group_manager.student",
  "fields": {
    "email": "isaaclz19@ausdk12.org",
    "ihs_class": 26,
    "english_class": 18,
    "first_name": "Isaac",
    "last_name": "Zalkin",
    "group": null
  },
  "pk": 205812
},
{
  "model": "group_manager.student",
  "fields": {
    "email": "altanchimego19@ausdk12.org",
    "ihs_class": 23,
    "english_class": 17,
    "first_name": "Altanchimeg",
    "last_name": "Odbayar",
    "group": null
  },
  "pk": 205933
},
{
  "model": "group_manager.student",
  "fields": {
    "email": "andreyv19@ausdk12.org",
    "ihs_class": 24,
    "english_class": 21,
    "first_name": "Andrey",
    "last_name": "Voronov",
    "group": null
  },
  "pk": 205965
},
{
  "model": "group_manager.student",
  "fields": {
    "email": "alexk19@ausdk12.org",
    "ihs_class": 27,
    "english_class": 16,
    "first_name": "Alex",
    "last_name": "Kireeff",
    "group": null
  },
  "pk": 206305
},
{
  "model": "group_manager.student",
  "fields": {
    "email": "brandonwc19@ausdk12.org",
    "ihs_class": 27,
    "english_class": 21,
    "first_name": "Brandon",
    "last_name": "Chen",
    "group": null
  },
  "pk": 206335
},
{
  "model": "group_manager.student",
  "fields": {
    "email": "lucasga19@ausdk12.org",
    "ihs_class": 26,
    "english_class": 21,
    "first_name": "Lucas",
    "last_name": "Aurelio",
    "group": null
  },
  "pk": 206411
},
{
  "model": "group_manager.student",
  "fields": {
    "email": "sebastianlf19@ausdk12.org",
    "ihs_class": 22,
    "english_class": 18,
    "first_name": "Sebastian",
    "last_name": "Falconi",
    "group": null
  },
  "pk": 206457
},
{
  "model": "group_manager.student",
  "fields": {
    "email": "apoorvap19@ausdk12.org",
    "ihs_class": 24,
    "english_class": 21,
    "first_name": "Apoorva",
    "last_name": "Parajuli",
    "group": null
  },
  "pk": 206487
},
{
  "model": "group_manager.student",
  "fields": {
    "email": "calibs19@ausdk12.org",
    "ihs_class": 22,
    "english_class": 16,
    "first_name": "Cali",
    "last_name": "Stewart",
    "group": null
  },
  "pk": 206495
},
{
  "model": "group_manager.student",
  "fields": {
    "email": "shayels19@ausdk12.org",
    "ihs_class": 23,
    "english_class": 20,
    "first_name": "Shaye",
    "last_name": "Sullivan",
    "group": null
  },
  "pk": 206555
},
{
  "model": "group_manager.student",
  "fields": {
    "email": "graceed19@ausdk12.org",
    "ihs_class": 22,
    "english_class": 17,
    "first_name": "Grace",
    "last_name": "Davidson",
    "group": null
  },
  "pk": 206557
},
{
  "model": "group_manager.student",
  "fields": {
    "email": "wendywl19@ausdk12.org",
    "ihs_class": 23,
    "english_class": 19,
    "first_name": "Wendy",
    "last_name": "Liu",
    "group": null
  },
  "pk": 206701
},
{
  "model": "group_manager.student",
  "fields": {
    "email": "amayam19@ausdk12.org",
    "ihs_class": 27,
    "english_class": 16,
    "first_name": "Amaya",
    "last_name": "Munoz",
    "group": null
  },
  "pk": 206707
},
{
  "model": "group_manager.student",
  "fields": {
    "email": "amalpk19@ausdk12.org",
    "ihs_class": 27,
    "english_class": 18,
    "first_name": "Amal",
    "last_name": "Kaduwela",
    "group": null
  },
  "pk": 207102
},
{
  "model": "group_manager.student",
  "fields": {
    "email": "julianev19@ausdk12.org",
    "ihs_class": 24,
    "english_class": 20,
    "first_name": "Julian Florence",
    "last_name": "Villegas",
    "group": null
  },
  "pk": 207104
},
{
  "model": "group_manager.student",
  "fields": {
    "email": "azzayam19@ausdk12.org",
    "ihs_class": 22,
    "english_class": 18,
    "first_name": "Azzaya",
    "last_name": "Munkhbat",
    "group": null
  },
  "pk": 207329
},
{
  "model": "group_manager.student",
  "fields": {
    "email": "kungad19@ausdk12.org",
    "ihs_class": 27,
    "english_class": 18,
    "first_name": "Kunga",
    "last_name": "Divie",
    "group": null
  },
  "pk": 207330
},
{
  "model": "group_manager.student",
  "fields": {
    "email": "emilyf19@ausdk12.org",
    "ihs_class": 28,
    "english_class": 18,
    "first_name": "Emily",
    "last_name": "Federspiel",
    "group": null
  },
  "pk": 207371
},
{
  "model": "group_manager.student",
  "fields": {
    "email": "carlosp19@ausdk12.org",
    "ihs_class": 27,
    "english_class": 18,
    "first_name": "Carlos",
    "last_name": "Palma",
    "group": null
  },
  "pk": 207373
},
{
  "model": "group_manager.student",
  "fields": {
    "email": "yunfanz19@ausdk12.org",
    "ihs_class": 28,
    "english_class": 16,
    "first_name": "Yunfan",
    "last_name": "Zhong",
    "group": null
  },
  "pk": 207377
},
{
  "model": "group_manager.student",
  "fields": {
    "email": "abela19@ausdk12.org",
    "ihs_class": 24,
    "english_class": 19,
    "first_name": "Abel",
    "last_name": "Amare",
    "group": null
  },
  "pk": 207917
},
{
  "model": "group_manager.student",
  "fields": {
    "email": "milesrd19@ausdk12.org",
    "ihs_class": 27,
    "english_class": 21,
    "first_name": "Miles",
    "last_name": "DeRosa",
    "group": null
  },
  "pk": 207918
},
{
  "model": "group_manager.student",
  "fields": {
    "email": "irenemo19@ausdk12.org",
    "ihs_class": 27,
    "english_class": 18,
    "first_name": "Irene",
    "last_name": "Ohshita",
    "group": null
  },
  "pk": 207920
},
{
  "model": "group_manager.student",
  "fields": {
    "email": "sages19@ausdk12.org",
    "ihs_class": 28,
    "english_class": 18,
    "first_name": "Sage",
    "last_name": "Sherman-Howell",
    "group": null
  },
  "pk": 207955
},
{
  "model": "group_manager.student",
  "fields": {
    "email": "clussier1488@att.net",
    "ihs_class": 22,
    "english_class": 18,
    "first_name": "Camille",
    "last_name": "Lussier",
    "group": null
  },
  "pk": 1100230
},
{
  "model": "group_manager.student",
  "fields": {
    "email": "shelbywm19@ausdk12.org",
    "ihs_class": 28,
    "english_class": 18,
    "first_name": "Shelby",
    "last_name": "McDonald",
    "group": null
  },
  "pk": 1100231
},
{
  "model": "group_manager.student",
  "fields": {
    "email": "jamaicakk19@ausdk12.org",
    "ihs_class": 28,
    "english_class": 18,
    "first_name": "Jamaica",
    "last_name": "Kalika",
    "group": null
  },
  "pk": 1100236
},
{
  "model": "group_manager.student",
  "fields": {
    "email": "lenaao19@ausdk12.org",
    "ihs_class": 26,
    "english_class": 17,
    "first_name": "Lena",
    "last_name": "Owens Fiesel",
    "group": null
  },
  "pk": 1100244
},
{
  "model": "group_manager.student",
  "fields": {
    "email": "umajo19@ausdk12.org",
    "ihs_class": 27,
    "english_class": 16,
    "first_name": "Uma",
    "last_name": "Owens Fiesel",
    "group": null
  },
  "pk": 1100247
},
{
  "model": "group_manager.student",
  "fields": {
    "email": "alvinh19@ausdk12.org",
    "ihs_class": 26,
    "english_class": 16,
    "first_name": "Alvin",
    "last_name": "Holmes-Ung",
    "group": null
  },
  "pk": 1100254
},
{
  "model": "group_manager.student",
  "fields": {
    "email": "elizabethrm19@ausdk12.org",
    "ihs_class": 28,
    "english_class": 18,
    "first_name": "Elizabeth",
    "last_name": "McGuire",
    "group": null
  },
  "pk": 1100260
},
{
  "model": "group_manager.student",
  "fields": {
    "email": "mabelet19@ausdk12.org",
    "ihs_class": 26,
    "english_class": 16,
    "first_name": "Mabel",
    "last_name": "Thaden",
    "group": null
  },
  "pk": 1100265
},
{
  "model": "group_manager.student",
  "fields": {
    "email": "milotk19@ausdk12.org",
    "ihs_class": 26,
    "english_class": 21,
    "first_name": "Milo",
    "last_name": "Kasparek",
    "group": null
  },
  "pk": 1100272
},
{
  "model": "group_manager.student",
  "fields": {
    "email": "avrif19@ausdk12.org",
    "ihs_class": 24,
    "english_class": 21,
    "first_name": "Avri",
    "last_name": "Finch",
    "group": null
  },
  "pk": 1100274
},
{
  "model": "group_manager.student",
  "fields": {
    "email": "dantef19@ausdk12.org",
    "ihs_class": 22,
    "english_class": 17,
    "first_name": "Dante",
    "last_name": "Finley",
    "group": null
  },
  "pk": 1100284
},
{
  "model": "group_manager.student",
  "fields": {
    "email": "guadalupecw19@ausdk12.org",
    "ihs_class": 22,
    "english_class": 20,
    "first_name": "Guadalupe",
    "last_name": "Wright",
    "group": null
  },
  "pk": 1100285
},
{
  "model": "group_manager.student",
  "fields": {
    "email": "isabelab19@ausdk12.org",
    "ihs_class": 28,
    "english_class": 16,
    "first_name": "Isabel",
    "last_name": "Bustamante",
    "group": null
  },
  "pk": 1100286
},
{
  "model": "group_manager.student",
  "fields": {
    "email": "jacquelineg19@ausdk12.org",
    "ihs_class": 24,
    "english_class": 21,
    "first_name": "Jacqueline",
    "last_name": "Gonzales",
    "group": null
  },
  "pk": 1100288
},
{
  "model": "group_manager.student",
  "fields": {
    "email": "mariasa19@ausdk12.org",
    "ihs_class": 27,
    "english_class": 16,
    "first_name": "Maria",
    "last_name": "Almeida Caballero",
    "group": null
  },
  "pk": 1100289
},
{
  "model": "group_manager.student",
  "fields": {
    "email": "nicholases19@ausdk12.org",
    "ihs_class": 22,
    "english_class": 16,
    "first_name": "Nicholas",
    "last_name": "Stiehm",
    "group": null
  },
  "pk": 1100290
},
{
  "model": "group_manager.student",
  "fields": {
    "email": "asiamb19@ausdk12.org",
    "ihs_class": 24,
    "english_class": 15,
    "first_name": "Asia",
    "last_name": "Brantley",
    "group": null
  },
  "pk": 1100292
},
{
  "model": "group_manager.student",
  "fields": {
    "email": "giannipg19@ausdk12.org",
    "ihs_class": 26,
    "english_class": 16,
    "first_name": "Gianni",
    "last_name": "Galaviz",
    "group": null
  },
  "pk": 1100293
},
{
  "model": "group_manager.student",
  "fields": {
    "email": "aidanjm19@ausdk12.org",
    "ihs_class": 22,
    "english_class": 18,
    "first_name": "Aidan",
    "last_name": "McRoberts",
    "group": null
  },
  "pk": 1100294
},
{
  "model": "group_manager.student",
  "fields": {
    "email": "samanthas19@ausdk12.org",
    "ihs_class": 27,
    "english_class": 18,
    "first_name": "Samantha",
    "last_name": "Smithies",
    "group": null
  },
  "pk": 1100298
},
{
  "model": "group_manager.student",
  "fields": {
    "email": "spencerah19@ausdk12.org",
    "ihs_class": 22,
    "english_class": 17,
    "first_name": "Spencer",
    "last_name": "Hampton",
    "group": null
  },
  "pk": 1100312
},
{
  "model": "group_manager.student",
  "fields": {
    "email": "luanqianl19@ausdk12.org",
    "ihs_class": 26,
    "english_class": 17,
    "first_name": "Luanqian",
    "last_name": "Li",
    "group": null
  },
  "pk": 1100313
},
{
  "model": "group_manager.student",
  "fields": {
    "email": "mayart19@ausdk12.org",
    "ihs_class": 23,
    "english_class": 17,
    "first_name": "Maya",
    "last_name": "Tarano",
    "group": null
  },
  "pk": 1100314
},
{
  "model": "group_manager.student",
  "fields": {
    "email": "ryansp19@ausdk12.org",
    "ihs_class": 27,
    "english_class": 17,
    "first_name": "Ryan",
    "last_name": "Petersen",
    "group": null
  },
  "pk": 1100316
},
{
  "model": "group_manager.student",
  "fields": {
    "email": "jordanaw19@ausdk12.org",
    "ihs_class": 26,
    "english_class": 18,
    "first_name": "Jordan",
    "last_name": "White",
    "group": null
  },
  "pk": 1100317
},
{
  "model": "group_manager.student",
  "fields": {
    "email": "suzannesn19@ausdk12.org",
    "ihs_class": 25,
    "english_class": 20,
    "first_name": "Suzanne",
    "last_name": "Nalle",
    "group": null
  },
  "pk": 1100318
},
{
  "model": "group_manager.student",
  "fields": {
    "email": "shidenmg19@ausdk12.org",
    "ihs_class": 22,
    "english_class": 19,
    "first_name": "Shiden",
    "last_name": "Gebremichael",
    "group": null
  },
  "pk": 1100320
},
{
  "model": "group_manager.student",
  "fields": {
    "email": "gracem19@ausdk12.org",
    "ihs_class": 25,
    "english_class": 19,
    "first_name": "Grace",
    "last_name": "Murphy",
    "group": null
  },
  "pk": 1100322
},
{
  "model": "group_manager.student",
  "fields": {
    "email": "matthewm19@ausdk12.org",
    "ihs_class": 26,
    "english_class": 18,
    "first_name": "Matthew",
    "last_name": "Murphy",
    "group": null
  },
  "pk": 1100323
},
{
  "model": "group_manager.student",
  "fields": {
    "email": "tarakg19@ausdk12.org",
    "ihs_class": 25,
    "english_class": 19,
    "first_name": "Tara",
    "last_name": "Gyaltsen",
    "group": null
  },
  "pk": 1100325
},
{
  "model": "group_manager.student",
  "fields": {
    "email": "elizabethys19@ausdk12.org",
    "ihs_class": 24,
    "english_class": 20,
    "first_name": "Elizabeth",
    "last_name": "Scalice",
    "group": null
  },
  "pk": 1100331
},
{
  "model": "group_manager.student",
  "fields": {
    "email": "amayaml19@ausdk12.org",
    "ihs_class": 27,
    "english_class": 21,
    "first_name": "Amaya",
    "last_name": "Lucas",
    "group": null
  },
  "pk": 1100332
},
{
  "model": "group_manager.student",
  "fields": {
    "email": "madelynjl19@ausdk12.org",
    "ihs_class": 26,
    "english_class": 16,
    "first_name": "Madelyn",
    "last_name": "Larkins",
    "group": null
  },
  "pk": 1100340
},
{
  "model": "group_manager.student",
  "fields": {
    "email": "shavasegs19@ausdk12.org",
    "ihs_class": 27,
    "english_class": 18,
    "first_name": "Shavase",
    "last_name": "Shine",
    "group": null
  },
  "pk": 1100346
},
{
  "model": "group_manager.student",
  "fields": {
    "email": "sarahjh19@ausdk12.org",
    "ihs_class": 27,
    "english_class": 18,
    "first_name": "Sarah",
    "last_name": "Hoke",
    "group": null
  },
  "pk": 1100366
},
{
  "model": "group_manager.student",
  "fields": {
    "email": "mariasophiaf19@ausdk12.org",
    "ihs_class": 27,
    "english_class": 18,
    "first_name": "Maria-Sophia",
    "last_name": "Fedyk",
    "group": null
  },
  "pk": 1100367
},
{
  "model": "group_manager.student",
  "fields": {
    "email": "richardj19@ausdk12.org",
    "ihs_class": 22,
    "english_class": 17,
    "first_name": "Richard",
    "last_name": "Jimenez",
    "group": null
  },
  "pk": 1100372
},
{
  "model": "group_manager.student",
  "fields": {
    "email": "brayamap19@ausdk12.org",
    "ihs_class": 26,
    "english_class": 18,
    "first_name": "Brayam",
    "last_name": "Peralta",
    "group": null
  },
  "pk": 1100377
},
{
  "model": "group_manager.student",
  "fields": {
    "email": "sequoiaob19@ausdk12.org",
    "ihs_class": 28,
    "english_class": 18,
    "first_name": "Sequoia",
    "last_name": "Boubion-McKay",
    "group": null
  },
  "pk": 1100384
},
{
  "model": "group_manager.student",
  "fields": {
    "email": "coriellla19@ausdk12.org",
    "ihs_class": 26,
    "english_class": 16,
    "first_name": "Coriell",
    "last_name": "Alexander",
    "group": null
  },
  "pk": 1100396
},
{
  "model": "group_manager.student",
  "fields": {
    "email": "elybj19@ausdk12.org",
    "ihs_class": 27,
    "english_class": 19,
    "first_name": "Ely",
    "last_name": "Jrade",
    "group": null
  },
  "pk": 1100415
},
{
  "model": "group_manager.student",
  "fields": {
    "email": "noelkk19@ausdk12.org",
    "ihs_class": 27,
    "english_class": 16,
    "first_name": "Noel",
    "last_name": "Kyle",
    "group": null
  },
  "pk": 1100430
},
{
  "model": "group_manager.student",
  "fields": {
    "email": "fanx19@ausdk12.org",
    "ihs_class": 28,
    "english_class": 18,
    "first_name": "Fan",
    "last_name": "Xia",
    "group": null
  },
  "pk": 1100435
},
{
  "model": "group_manager.student",
  "fields": {
    "email": "serenami19@ausdk12.org",
    "ihs_class": 27,
    "english_class": 18,
    "first_name": "Serena",
    "last_name": "Ingalls",
    "group": null
  },
  "pk": 1100438
},
{
  "model": "group_manager.student",
  "fields": {
    "email": "miloss19@ausdk12.org",
    "ihs_class": 24,
    "english_class": 15,
    "first_name": "Milo",
    "last_name": "Siegmann-Watson",
    "group": null
  },
  "pk": 1100441
},
{
  "model": "group_manager.student",
  "fields": {
    "email": "mokaag19@ausdk12.org",
    "ihs_class": 26,
    "english_class": 18,
    "first_name": "Moka",
    "last_name": "Gagnon",
    "group": null
  },
  "pk": 1100446
},
{
  "model": "group_manager.student",
  "fields": {
    "email": "joaquinlj19@ausdk12.org",
    "ihs_class": 22,
    "english_class": 17,
    "first_name": "Joaquin",
    "last_name": "Jarman",
    "group": null
  },
  "pk": 1100447
},
{
  "model": "group_manager.student",
  "fields": {
    "email": "kolomonami19@ausdk12.org",
    "ihs_class": 26,
    "english_class": 18,
    "first_name": "Kolomona Ryan",
    "last_name": "Irvine",
    "group": null
  },
  "pk": 1100453
},
{
  "model": "group_manager.student",
  "fields": {
    "email": "kirbypf19@ausdk12.org",
    "ihs_class": 22,
    "english_class": 20,
    "first_name": "Kirby",
    "last_name": "Faine",
    "group": null
  },
  "pk": 1100467
},
{
  "model": "group_manager.student",
  "fields": {
    "email": "aidannr19@ausdk12.org",
    "ihs_class": 22,
    "english_class": 16,
    "first_name": "Aidan",
    "last_name": "Rogers",
    "group": null
  },
  "pk": 1100471
},
{
  "model": "group_manager.student",
  "fields": {
    "email": "yusufzj19@ausdk12.org",
    "ihs_class": 27,
    "english_class": 18,
    "first_name": "Yusuf",
    "last_name": "Jandali",
    "group": null
  },
  "pk": 1100476
},
{
  "model": "group_manager.student",
  "fields": {
    "email": "raqueler19@ausdk12.org",
    "ihs_class": 23,
    "english_class": 17,
    "first_name": "Raquel",
    "last_name": "Ramirez",
    "group": null
  },
  "pk": 1100483
},
{
  "model": "group_manager.student",
  "fields": {
    "email": "lungilenn19@ausdk12.org",
    "ihs_class": 22,
    "english_class": 18,
    "first_name": "Lungile",
    "last_name": "Nyoni",
    "group": null
  },
  "pk": 1100485
},
{
  "model": "group_manager.student",
  "fields": {
    "email": "tenziny19@ausdk12.org",
    "ihs_class": 26,
    "english_class": 18,
    "first_name": "Tenzin",
    "last_name": "Yangdon",
    "group": null
  },
  "pk": 1100486
},
{
  "model": "group_manager.student",
  "fields": {
    "email": "angels19@ausdk12.org",
    "ihs_class": 22,
    "english_class": 18,
    "first_name": "Angel",
    "last_name": "Simental",
    "group": null
  },
  "pk": 1100487
},
{
  "model": "group_manager.student",
  "fields": {
    "email": "quinnh19@ausdk12.org",
    "ihs_class": 25,
    "english_class": 17,
    "first_name": "Quinn",
    "last_name": "Hufler",
    "group": null
  },
  "pk": 1100498
},
{
  "model": "group_manager.student",
  "fields": {
    "email": "Bojuulaa@gmail.com",
    "ihs_class": 22,
    "english_class": 18,
    "first_name": "Batchuluun",
    "last_name": "Battulga",
    "group": null
  },
  "pk": 1100510
},
{
  "model": "group_manager.student",
  "fields": {
    "email": "veronicab19@ausdk12.org",
    "ihs_class": 24,
    "english_class": 16,
    "first_name": "Veronica",
    "last_name": "Brown",
    "group": null
  },
  "pk": 3100012
},
{
  "model": "group_manager.student",
  "fields": {
    "email": "christophermm19@ausdk12.org",
    "ihs_class": 27,
    "english_class": 18,
    "first_name": "Christopher",
    "last_name": "Mowdy",
    "group": null
  },
  "pk": 3100014
},
{
  "model": "group_manager.student",
  "fields": {
    "email": "loganjt19@ausdk12.org",
    "ihs_class": 26,
    "english_class": 18,
    "first_name": "Logan",
    "last_name": "Taylor",
    "group": null
  },
  "pk": 3100023
},
{
  "model": "group_manager.student",
  "fields": {
    "email": "kailanibk19@ausdk12.org",
    "ihs_class": 22,
    "english_class": 17,
    "first_name": "Kailani",
    "last_name": "Kwan-Sy",
    "group": null
  },
  "pk": 3100077
},
{
  "model": "group_manager.student",
  "fields": {
    "email": "nyahg19@ausdk12.org",
    "ihs_class": 26,
    "english_class": 18,
    "first_name": "Nyah",
    "last_name": "Guerrero",
    "group": null
  },
  "pk": 3100179
},
{
  "model": "group_manager.student",
  "fields": {
    "email": "taraer19@ausdk12.org",
    "ihs_class": 25,
    "english_class": 17,
    "first_name": "Tara",
    "last_name": "Robey",
    "group": null
  },
  "pk": 3100180
},
{
  "model": "group_manager.student",
  "fields": {
    "email": "joshuacs19@ausdk12.org",
    "ihs_class": 22,
    "english_class": 19,
    "first_name": "Joshua",
    "last_name": "Sloan",
    "group": null
  },
  "pk": 3100186
},
{
  "model": "group_manager.student",
  "fields": {
    "email": "danieleh19@ausdk12.org",
    "ihs_class": 22,
    "english_class": 20,
    "first_name": "Daniel",
    "last_name": "Henriquez",
    "group": null
  },
  "pk": 4100005
},
{
  "model": "group_manager.student",
  "fields": {
    "email": "angelah19@ausdk12.org",
    "ihs_class": 26,
    "english_class": 21,
    "first_name": "Angela",
    "last_name": "Hong",
    "group": null
  },
  "pk": 4100024
},
{
  "model": "group_manager.student",
  "fields": {
    "email": "roshanp19@ausdk12.org",
    "ihs_class": 27,
    "english_class": 17,
    "first_name": "Roshan",
    "last_name": "Pandey",
    "group": null
  },
  "pk": 4100025
},
{
  "model": "group_manager.student",
  "fields": {
    "email": "jalenp19@ausdk12.org",
    "ihs_class": 24,
    "english_class": 19,
    "first_name": "Jalen",
    "last_name": "Palega",
    "group": null
  },
  "pk": 4100029
},
{
  "model": "group_manager.student",
  "fields": {
    "email": "johndm19@ausdk12.org",
    "ihs_class": 27,
    "english_class": 19,
    "first_name": "John",
    "last_name": "Monk",
    "group": null
  },
  "pk": 4100141
},
{
  "model": "group_manager.student",
  "fields": {
    "email": "georgiaet19@ausdk12.org",
    "ihs_class": 28,
    "english_class": 16,
    "first_name": "Georgia",
    "last_name": "Thomsen",
    "group": null
  },
  "pk": 4100151
},
{
  "model": "group_manager.student",
  "fields": {
    "email": "marcusok19@ausdk12.org",
    "ihs_class": 26,
    "english_class": 17,
    "first_name": "Marcus",
    "last_name": "Kosma",
    "group": null
  },
  "pk": 5100117
},
{
  "model": "group_manager.student",
  "fields": {
    "email": "devunja19@ausdk12.org",
    "ihs_class": 27,
    "english_class": 19,
    "first_name": "Devun Norberto",
    "last_name": "Amoranto",
    "group": null
  },
  "pk": 5100166
},
{
  "model": "group_manager.student",
  "fields": {
    "email": "junp19@ausdk12.org",
    "ihs_class": 24,
    "english_class": 15,
    "first_name": "Jun Seo",
    "last_name": "Park",
    "group": null
  },
  "pk": 5100253
},
{
  "model": "group_manager.student",
  "fields": {
    "email": "emiliams19@ausdk12.org",
    "ihs_class": 26,
    "english_class": 16,
    "first_name": "Emilia",
    "last_name": "Sarikakis",
    "group": null
  },
  "pk": 5100258
},
{
  "model": "group_manager.student",
  "fields": {
    "email": "henryco19@ausdk12.org",
    "ihs_class": 24,
    "english_class": 20,
    "first_name": "Henry",
    "last_name": "O'Connell",
    "group": null
  },
  "pk": 5100268
},
{
  "model": "group_manager.student",
  "fields": {
    "email": "netsannetsj19@ausdk12.org",
    "ihs_class": 24,
    "english_class": 19,
    "first_name": "Netsannet",
    "last_name": "Jones",
    "group": null
  },
  "pk": 5100341
},
{
  "model": "group_manager.student",
  "fields": {
    "email": "milok19@ausdk12.org",
    "ihs_class": 23,
    "english_class": 17,
    "first_name": "Milo",
    "last_name": "Kearney",
    "group": null
  },
  "pk": 5100397
},
{
  "model": "group_manager.student",
  "fields": {
    "email": "barryar19@ausdk12.org",
    "ihs_class": 26,
    "english_class": 21,
    "first_name": "Barry",
    "last_name": "Rodriguez",
    "group": null
  },
  "pk": 100100430
},
{
  "model": "group_manager.student",
  "fields": {
    "email": "jonathanbt19@ausdk12.org",
    "ihs_class": 27,
    "english_class": 16,
    "first_name": "Jonathan",
    "last_name": "Torres Gutierrez",
    "group": null
  },
  "pk": 100100432
},
{
  "model": "group_manager.student",
  "fields": {
    "email": "arnoldft19@ausdk12.org",
    "ihs_class": 27,
    "english_class": 18,
    "first_name": "Arnold",
    "last_name": "Torres",
    "group": null
  },
  "pk": 100100433
},
{
  "model": "group_manager.student",
  "fields": {
    "email": "danielp19@ausdk12.org",
    "ihs_class": 25,
    "english_class": 15,
    "first_name": "Daniel",
    "last_name": "Park",
    "group": null
  },
  "pk": 100100434
},
{
  "model": "group_manager.student",
  "fields": {
    "email": "zacharywh19@ausdk12.org",
    "ihs_class": 22,
    "english_class": 20,
    "first_name": "Zachary",
    "last_name": "Harkness",
    "group": null
  },
  "pk": 100100437
},
{
  "model": "group_manager.student",
  "fields": {
    "email": "leilamm19@ausdk12.org",
    "ihs_class": 24,
    "english_class": 18,
    "first_name": "Leila",
    "last_name": "Massoudi",
    "group": null
  },
  "pk": 100100438
},
{
  "model": "group_manager.student",
  "fields": {
    "email": "tylergr19@ausdk12.org",
    "ihs_class": 24,
    "english_class": 15,
    "first_name": "Tyler",
    "last_name": "Rissmann",
    "group": null
  },
  "pk": 100100439
},
{
  "model": "group_manager.student",
  "fields": {
    "email": "zhengbt19@ausdk12.org",
    "ihs_class": 27,
    "english_class": 17,
    "first_name": "Zheng",
    "last_name": "Tan",
    "group": null
  },
  "pk": 100100444
},
{
  "model": "group_manager.student",
  "fields": {
    "email": "hailieg19@ausdk12.org",
    "ihs_class": 26,
    "english_class": 18,
    "first_name": "Hailie",
    "last_name": "Gillis",
    "group": null
  },
  "pk": 100100446
},
{
  "model": "group_manager.student",
  "fields": {
    "email": "emmams19@ausdk12.org",
    "ihs_class": 24,
    "english_class": 15,
    "first_name": "Emma",
    "last_name": "Siecienski",
    "group": null
  },
  "pk": 100100447
},
{
  "model": "group_manager.student",
  "fields": {
    "email": "sebastianmm19@ausdk12.org",
    "ihs_class": 22,
    "english_class": 18,
    "first_name": "Sebastian",
    "last_name": "Maaren",
    "group": null
  },
  "pk": 100100449
},
{
  "model": "group_manager.student",
  "fields": {
    "email": "christinalb18@ausdk12.org",
    "ihs_class": 24,
    "english_class": 19,
    "first_name": "Christina",
    "last_name": "Blake",
    "group": null
  },
  "pk": 100100450
},
{
  "model": "group_manager.student",
  "fields": {
    "email": "mikaelaas19@ausdk12.org",
    "ihs_class": 23,
    "english_class": 15,
    "first_name": "Mikaela",
    "last_name": "Stewart",
    "group": null
  },
  "pk": 100100453
},
{
  "model": "group_manager.student",
  "fields": {
    "email": "richardp19@ausdk12.org",
    "ihs_class": 24,
    "english_class": 18,
    "first_name": "Richard",
    "last_name": "Polidori",
    "group": null
  },
  "pk": 100100456
},
{
  "model": "group_manager.student",
  "fields": {
    "email": "jamesja19@ausdk12.org",
    "ihs_class": 22,
    "english_class": 17,
    "first_name": "James",
    "last_name": "Attree",
    "group": null
  },
  "pk": 100100460
},
{
  "model": "group_manager.student",
  "fields": {
    "email": "jessicala19@ausdk12.org",
    "ihs_class": 22,
    "english_class": 19,
    "first_name": "Jessica",
    "last_name": "Aguilar",
    "group": null
  },
  "pk": 100100461
},
{
  "model": "group_manager.student",
  "fields": {
    "email": "ajr26643@gmail.com",
    "ihs_class": 25,
    "english_class": 15,
    "first_name": "Adrian",
    "last_name": "Rodriguez",
    "group": null
  },
  "pk": 100100462
},
{
  "model": "group_manager.student",
  "fields": {
    "email": "bassiroujm19@ausdk12.org",
    "ihs_class": 26,
    "english_class": 16,
    "first_name": "Bassirou",
    "last_name": "Mbacke",
    "group": null
  },
  "pk": 100100470
},
{
  "model": "group_manager.student",
  "fields": {
    "email": "ameliaro19@ausdk12.org",
    "ihs_class": 25,
    "english_class": 15,
    "first_name": "Amelia",
    "last_name": "Olip-Booth",
    "group": null
  },
  "pk": 100100472
},
{
  "model": "group_manager.student",
  "fields": {
    "email": "juliancb19@ausdk12.org",
    "ihs_class": 24,
    "english_class": 19,
    "first_name": "Julian",
    "last_name": "Bryant",
    "group": null
  },
  "pk": 100100483
},
{
  "model": "group_manager.student",
  "fields": {
    "email": "edwardlm19@ausdk12.org",
    "ihs_class": 24,
    "english_class": 19,
    "first_name": "Edward",
    "last_name": "Mighetto",
    "group": null
  },
  "pk": 300000002
},
{
  "model": "group_manager.judge",
  "fields": {
    "email": "katherinegp17@ausdk12.org",
    "last_name": "Perdue",
    "first_name": "Katherine"
  },
  "pk": 201965
},
{
  "model": "group_manager.judge",
  "fields": {
    "email": "andrewwl17@ausdk12.org",
    "last_name": "Liu",
    "first_name": "Andrew"
  },
  "pk": 201988
},
{
  "model": "group_manager.judge",
  "fields": {
    "email": "portiala17@ausdk12.org",
    "last_name": "Abbott",
    "first_name": "Portia"
  },
  "pk": 202742
},
{
  "model": "group_manager.judge",
  "fields": {
    "email": "jordanma17@ausdk12.org",
    "last_name": "Allen",
    "first_name": "Jordan"
  },
  "pk": 202743
},
{
  "model": "group_manager.judge",
  "fields": {
    "email": "drewcb17@ausdk12.org",
    "last_name": "Baldwin",
    "first_name": "Drew"
  },
  "pk": 202823
},
{
  "model": "group_manager.judge",
  "fields": {
    "email": "jonathanwb17@ausdk12.org",
    "last_name": "Barnes",
    "first_name": "Jonathan"
  },
  "pk": 202824
},
{
  "model": "group_manager.judge",
  "fields": {
    "email": "crewvb17@ausdk12.org",
    "last_name": "Bittner",
    "first_name": "Crew"
  },
  "pk": 202828
},
{
  "model": "group_manager.judge",
  "fields": {
    "email": "henrymb17@ausdk12.org",
    "last_name": "Brusseau",
    "first_name": "Henry"
  },
  "pk": 202829
},
{
  "model": "group_manager.judge",
  "fields": {
    "email": "julianhb17@ausdk12.org",
    "last_name": "Burke",
    "first_name": "Julian"
  },
  "pk": 202831
},
{
  "model": "group_manager.judge",
  "fields": {
    "email": "benjaminmc17@ausdk12.org",
    "last_name": "Church",
    "first_name": "Benjamin"
  },
  "pk": 202836
},
{
  "model": "group_manager.judge",
  "fields": {
    "email": "alexanderhc17@ausdk12.org",
    "last_name": "Cohen",
    "first_name": "Alexander"
  },
  "pk": 202837
},
{
  "model": "group_manager.judge",
  "fields": {
    "email": "noahsc17@ausdk12.org",
    "last_name": "Cohen",
    "first_name": "Noah"
  },
  "pk": 202838
},
{
  "model": "group_manager.judge",
  "fields": {
    "email": "evarc17@ausdk12.org",
    "last_name": "Collins",
    "first_name": "Eva"
  },
  "pk": 202840
},
{
  "model": "group_manager.judge",
  "fields": {
    "email": "janewc17@ausdk12.org",
    "last_name": "Collins",
    "first_name": "Jane"
  },
  "pk": 202841
},
{
  "model": "group_manager.judge",
  "fields": {
    "email": "dexterqc17@ausdk12.org",
    "last_name": "Cotton",
    "first_name": "Dexter"
  },
  "pk": 202844
},
{
  "model": "group_manager.judge",
  "fields": {
    "email": "treymd17@ausdk12.org",
    "last_name": "Dao",
    "first_name": "Trey"
  },
  "pk": 202845
},
{
  "model": "group_manager.judge",
  "fields": {
    "email": "lucascd17@ausdk12.org",
    "last_name": "De Hart",
    "first_name": "Lucas"
  },
  "pk": 202846
},
{
  "model": "group_manager.judge",
  "fields": {
    "email": "aprilae17@ausdk12.org",
    "last_name": "Elder-Ernst",
    "first_name": "April"
  },
  "pk": 202880
},
{
  "model": "group_manager.judge",
  "fields": {
    "email": "angelaf17@ausdk12.org",
    "last_name": "Feng",
    "first_name": "Angela"
  },
  "pk": 202881
},
{
  "model": "group_manager.judge",
  "fields": {
    "email": "danieldf17@ausdk12.org",
    "last_name": "Fone",
    "first_name": "Daniel"
  },
  "pk": 202883
},
{
  "model": "group_manager.judge",
  "fields": {
    "email": "gabrieltf17@ausdk12.org",
    "last_name": "Freed",
    "first_name": "Gabriel"
  },
  "pk": 202884
},
{
  "model": "group_manager.judge",
  "fields": {
    "email": "christopherag17@ausdk12.org",
    "last_name": "Garcia",
    "first_name": "Christopher"
  },
  "pk": 202886
},
{
  "model": "group_manager.judge",
  "fields": {
    "email": "juliaag17@ausdk12.org",
    "last_name": "Glasser",
    "first_name": "Julia"
  },
  "pk": 202887
},
{
  "model": "group_manager.judge",
  "fields": {
    "email": "franciskg17@ausdk12.org",
    "last_name": "Goess",
    "first_name": "Francis"
  },
  "pk": 202889
},
{
  "model": "group_manager.judge",
  "fields": {
    "email": "michaelth17@ausdk12.org",
    "last_name": "Haight",
    "first_name": "Michael"
  },
  "pk": 202892
},
{
  "model": "group_manager.judge",
  "fields": {
    "email": "alexanderdh17@ausdk12.org",
    "last_name": "Hempel",
    "first_name": "Alexander"
  },
  "pk": 202895
},
{
  "model": "group_manager.judge",
  "fields": {
    "email": "lilyih17@ausdk12.org",
    "last_name": "Hopwood",
    "first_name": "Lily"
  },
  "pk": 202898
},
{
  "model": "group_manager.judge",
  "fields": {
    "email": "sophiaah17@ausdk12.org",
    "last_name": "Howard",
    "first_name": "Sophia"
  },
  "pk": 202900
},
{
  "model": "group_manager.judge",
  "fields": {
    "email": "richardng17@ausdk12.org",
    "last_name": "Gray",
    "first_name": "Richard"
  },
  "pk": 202902
},
{
  "model": "group_manager.judge",
  "fields": {
    "email": "wynterrh17@ausdk12.org",
    "last_name": "Huntenburg",
    "first_name": "Wynter"
  },
  "pk": 202903
},
{
  "model": "group_manager.judge",
  "fields": {
    "email": "juliabg17@ausdk12.org",
    "last_name": "Greensfelder",
    "first_name": "Julia"
  },
  "pk": 202904
},
{
  "model": "group_manager.judge",
  "fields": {
    "email": "jaysonnk17@ausdk12.org",
    "last_name": "Kamuri",
    "first_name": "Jayson"
  },
  "pk": 202905
},
{
  "model": "group_manager.judge",
  "fields": {
    "email": "kyraak17@ausdk12.org",
    "last_name": "Kawamoto",
    "first_name": "Kyra"
  },
  "pk": 202906
},
{
  "model": "group_manager.judge",
  "fields": {
    "email": "jessicaek17@ausdk12.org",
    "last_name": "Kelly",
    "first_name": "Jessica"
  },
  "pk": 202907
},
{
  "model": "group_manager.judge",
  "fields": {
    "email": "estinek17@ausdk12.org",
    "last_name": "Kim",
    "first_name": "Estine"
  },
  "pk": 202909
},
{
  "model": "group_manager.judge",
  "fields": {
    "email": "peggyky17@ausdk12.org",
    "last_name": "Yan",
    "first_name": "Peggy"
  },
  "pk": 202913
},
{
  "model": "group_manager.judge",
  "fields": {
    "email": "isabelml17@ausdk12.org",
    "last_name": "Lavrov",
    "first_name": "Isabel"
  },
  "pk": 202915
},
{
  "model": "group_manager.judge",
  "fields": {
    "email": "celiajl17@ausdk12.org",
    "last_name": "Lee",
    "first_name": "Celia"
  },
  "pk": 202917
},
{
  "model": "group_manager.judge",
  "fields": {
    "email": "rileysl17@ausdk12.org",
    "last_name": "Lee",
    "first_name": "Riley"
  },
  "pk": 202920
},
{
  "model": "group_manager.judge",
  "fields": {
    "email": "nikolasml17@ausdk12.org",
    "last_name": "Lopez",
    "first_name": "Nikolas"
  },
  "pk": 202924
},
{
  "model": "group_manager.judge",
  "fields": {
    "email": "pryncerahyeemtm17@ausdk12.org",
    "last_name": "Martin",
    "first_name": "Prynce-Rahyeem"
  },
  "pk": 202928
},
{
  "model": "group_manager.judge",
  "fields": {
    "email": "mariaham17@ausdk12.org",
    "last_name": "McKinney-Lerma",
    "first_name": "Mariah"
  },
  "pk": 202932
},
{
  "model": "group_manager.judge",
  "fields": {
    "email": "shaudialm17@ausdk12.org",
    "last_name": "McKissack",
    "first_name": "Shaudia"
  },
  "pk": 202933
},
{
  "model": "group_manager.judge",
  "fields": {
    "email": "conorpn17@ausdk12.org",
    "last_name": "Norris",
    "first_name": "Conor"
  },
  "pk": 202937
},
{
  "model": "group_manager.judge",
  "fields": {
    "email": "mayamp17@ausdk12.org",
    "last_name": "Palioca",
    "first_name": "Maya"
  },
  "pk": 202942
},
{
  "model": "group_manager.judge",
  "fields": {
    "email": "skyleeam17@ausdk12.org",
    "last_name": "Morrison",
    "first_name": "Skylee"
  },
  "pk": 202946
},
{
  "model": "group_manager.judge",
  "fields": {
    "email": "herschelmp17@ausdk12.org",
    "last_name": "Portnoy",
    "first_name": "Herschel"
  },
  "pk": 202947
},
{
  "model": "group_manager.judge",
  "fields": {
    "email": "miaar17@ausdk12.org",
    "last_name": "Rabin",
    "first_name": "Mia"
  },
  "pk": 202951
},
{
  "model": "group_manager.judge",
  "fields": {
    "email": "alisonmr17@ausdk12.org",
    "last_name": "Radkey",
    "first_name": "Alison"
  },
  "pk": 202952
},
{
  "model": "group_manager.judge",
  "fields": {
    "email": "nathanielar17@ausdk12.org",
    "last_name": "Rhodes",
    "first_name": "Nathaniel"
  },
  "pk": 202956
},
{
  "model": "group_manager.judge",
  "fields": {
    "email": "claresr17@ausdk12.org",
    "last_name": "Ritchie",
    "first_name": "Clare"
  },
  "pk": 202957
},
{
  "model": "group_manager.judge",
  "fields": {
    "email": "mirandalr17@ausdk12.org",
    "last_name": "Robbeloth",
    "first_name": "Miranda"
  },
  "pk": 202958
},
{
  "model": "group_manager.judge",
  "fields": {
    "email": "staceyyr17@ausdk12.org",
    "last_name": "Rodriguez",
    "first_name": "Stacey"
  },
  "pk": 202960
},
{
  "model": "group_manager.judge",
  "fields": {
    "email": "nicholasrr17@ausdk12.org",
    "last_name": "Rynhoud",
    "first_name": "Nicholas"
  },
  "pk": 202963
},
{
  "model": "group_manager.judge",
  "fields": {
    "email": "adinals17@ausdk12.org",
    "last_name": "Saaf",
    "first_name": "Adina"
  },
  "pk": 202964
},
{
  "model": "group_manager.judge",
  "fields": {
    "email": "nathanielrs17@ausdk12.org",
    "last_name": "Sanders",
    "first_name": "Nathaniel"
  },
  "pk": 202965
},
{
  "model": "group_manager.judge",
  "fields": {
    "email": "jonathans17@ausdk12.org",
    "last_name": "Shan",
    "first_name": "Jonathan"
  },
  "pk": 202966
},
{
  "model": "group_manager.judge",
  "fields": {
    "email": "quentinas17@ausdk12.org",
    "last_name": "Shelton",
    "first_name": "Quentin"
  },
  "pk": 202968
},
{
  "model": "group_manager.judge",
  "fields": {
    "email": "abegailos17@ausdk12.org",
    "last_name": "Shores",
    "first_name": "Abegail"
  },
  "pk": 202969
},
{
  "model": "group_manager.judge",
  "fields": {
    "email": "codyss17@ausdk12.org",
    "last_name": "Sim",
    "first_name": "Cody"
  },
  "pk": 202970
},
{
  "model": "group_manager.judge",
  "fields": {
    "email": "lyleps17@ausdk12.org",
    "last_name": "Simmons",
    "first_name": "Lyle"
  },
  "pk": 202971
},
{
  "model": "group_manager.judge",
  "fields": {
    "email": "alanyl17@ausdk12.org",
    "last_name": "Liang",
    "first_name": "Alan"
  },
  "pk": 202975
},
{
  "model": "group_manager.judge",
  "fields": {
    "email": "brianyl17@ausdk12.org",
    "last_name": "Liang",
    "first_name": "Brian"
  },
  "pk": 202976
},
{
  "model": "group_manager.judge",
  "fields": {
    "email": "graemepn17@ausdk12.org",
    "last_name": "Norris",
    "first_name": "Graeme"
  },
  "pk": 202979
},
{
  "model": "group_manager.judge",
  "fields": {
    "email": "icyssmo17@ausdk12.org",
    "last_name": "Olivas",
    "first_name": "Icyss"
  },
  "pk": 202981
},
{
  "model": "group_manager.judge",
  "fields": {
    "email": "alexistb17@ausdk12.org",
    "last_name": "Ballman",
    "first_name": "Alexis"
  },
  "pk": 202983
},
{
  "model": "group_manager.judge",
  "fields": {
    "email": "evajj17@ausdk12.org",
    "last_name": "Juengling Bean",
    "first_name": "Eva"
  },
  "pk": 202984
},
{
  "model": "group_manager.judge",
  "fields": {
    "email": "willgb17@ausdk12.org",
    "last_name": "Burkett",
    "first_name": "Will"
  },
  "pk": 202985
},
{
  "model": "group_manager.judge",
  "fields": {
    "email": "coryds17@ausdk12.org",
    "last_name": "Sterner",
    "first_name": "Cory"
  },
  "pk": 202988
},
{
  "model": "group_manager.judge",
  "fields": {
    "email": "luciamc17@ausdk12.org",
    "last_name": "Curran",
    "first_name": "Lucia"
  },
  "pk": 202993
},
{
  "model": "group_manager.judge",
  "fields": {
    "email": "isabellat17@ausdk12.org",
    "last_name": "Tangherlini",
    "first_name": "Isabella"
  },
  "pk": 202996
},
{
  "model": "group_manager.judge",
  "fields": {
    "email": "luciebf17@ausdk12.org",
    "last_name": "Frauenfelder",
    "first_name": "Lucie"
  },
  "pk": 202997
},
{
  "model": "group_manager.judge",
  "fields": {
    "email": "benedictt17@ausdk12.org",
    "last_name": "Tannady",
    "first_name": "Benedict"
  },
  "pk": 202998
},
{
  "model": "group_manager.judge",
  "fields": {
    "email": "haoyit17@ausdk12.org",
    "last_name": "Tian",
    "first_name": "Haoyi"
  },
  "pk": 202999
},
{
  "model": "group_manager.judge",
  "fields": {
    "email": "henrynt17@ausdk12.org",
    "last_name": "Thomas",
    "first_name": "Henry"
  },
  "pk": 203000
},
{
  "model": "group_manager.judge",
  "fields": {
    "email": "oonalf17@ausdk12.org",
    "last_name": "Frauenfelder",
    "first_name": "Oona"
  },
  "pk": 203001
},
{
  "model": "group_manager.judge",
  "fields": {
    "email": "kristiec17@ausdk12.org",
    "last_name": "Chen",
    "first_name": "Kristie"
  },
  "pk": 203002
},
{
  "model": "group_manager.judge",
  "fields": {
    "email": "eileenht17@ausdk12.org",
    "last_name": "Tran",
    "first_name": "Eileen"
  },
  "pk": 203003
},
{
  "model": "group_manager.judge",
  "fields": {
    "email": "clairecc17@ausdk12.org",
    "last_name": "Chuang",
    "first_name": "Claire"
  },
  "pk": 203004
},
{
  "model": "group_manager.judge",
  "fields": {
    "email": "raidenwv17@ausdk12.org",
    "last_name": "Van Bronkhorst",
    "first_name": "Raiden"
  },
  "pk": 203007
},
{
  "model": "group_manager.judge",
  "fields": {
    "email": "margaretjf17@ausdk12.org",
    "last_name": "Flanagan",
    "first_name": "Margaret"
  },
  "pk": 203008
},
{
  "model": "group_manager.judge",
  "fields": {
    "email": "ryannh17@ausdk12.org",
    "last_name": "Higley",
    "first_name": "Ryan"
  },
  "pk": 203009
},
{
  "model": "group_manager.judge",
  "fields": {
    "email": "samueltw17@ausdk12.org",
    "last_name": "Walden",
    "first_name": "Samuel"
  },
  "pk": 203010
},
{
  "model": "group_manager.judge",
  "fields": {
    "email": "seannh17@ausdk12.org",
    "last_name": "Higley",
    "first_name": "Sean"
  },
  "pk": 203011
},
{
  "model": "group_manager.judge",
  "fields": {
    "email": "eriklh17@ausdk12.org",
    "last_name": "Hsu-Storaker",
    "first_name": "Erik"
  },
  "pk": 203013
},
{
  "model": "group_manager.judge",
  "fields": {
    "email": "nicholaspw17@ausdk12.org",
    "last_name": "Wood",
    "first_name": "Nicholas"
  },
  "pk": 203016
},
{
  "model": "group_manager.judge",
  "fields": {
    "email": "jennyl17@ausdk12.org",
    "last_name": "Li",
    "first_name": "Jenny"
  },
  "pk": 203019
},
{
  "model": "group_manager.judge",
  "fields": {
    "email": "isaacjm17@ausdk12.org",
    "last_name": "Martin-Beer",
    "first_name": "Isaac"
  },
  "pk": 203020
},
{
  "model": "group_manager.judge",
  "fields": {
    "email": "nathanbx17@ausdk12.org",
    "last_name": "Xu",
    "first_name": "Nathan"
  },
  "pk": 203021
},
{
  "model": "group_manager.judge",
  "fields": {
    "email": "trishnap17@ausdk12.org",
    "last_name": "Patkar-Banerjee",
    "first_name": "Trishna"
  },
  "pk": 203023
},
{
  "model": "group_manager.judge",
  "fields": {
    "email": "weidiz17@ausdk12.org",
    "last_name": "Zhang",
    "first_name": "Weidi"
  },
  "pk": 203029
},
{
  "model": "group_manager.judge",
  "fields": {
    "email": "andrewaz17@ausdk12.org",
    "last_name": "Zhang",
    "first_name": "Andrew"
  },
  "pk": 203033
},
{
  "model": "group_manager.judge",
  "fields": {
    "email": "taliamw17@ausdk12.org",
    "last_name": "Weston",
    "first_name": "Talia"
  },
  "pk": 203036
},
{
  "model": "group_manager.judge",
  "fields": {
    "email": "giacomomp17@ausdk12.org",
    "last_name": "Prioreschi",
    "first_name": "Giacomo"
  },
  "pk": 203039
},
{
  "model": "group_manager.judge",
  "fields": {
    "email": "lukeee17@ausdk12.org",
    "last_name": "Ernst",
    "first_name": "Luke"
  },
  "pk": 203044
},
{
  "model": "group_manager.judge",
  "fields": {
    "email": "michaeljj17@ausdk12.org",
    "last_name": "Javier",
    "first_name": "Michael"
  },
  "pk": 203050
},
{
  "model": "group_manager.judge",
  "fields": {
    "email": "darrenl17@ausdk12.org",
    "last_name": "Leung",
    "first_name": "Darren"
  },
  "pk": 203096
},
{
  "model": "group_manager.judge",
  "fields": {
    "email": "mylesah17@ausdk12.org",
    "last_name": "Halpern",
    "first_name": "Myles"
  },
  "pk": 203097
},
{
  "model": "group_manager.judge",
  "fields": {
    "email": "codyjr17@ausdk12.org",
    "last_name": "Rapella",
    "first_name": "Cody"
  },
  "pk": 203098
},
{
  "model": "group_manager.judge",
  "fields": {
    "email": "anastaziamp17@ausdk12.org",
    "last_name": "Paiz",
    "first_name": "Anastazia"
  },
  "pk": 203099
},
{
  "model": "group_manager.judge",
  "fields": {
    "email": "willisfc17@ausdk12.org",
    "last_name": "Cao",
    "first_name": "Willis"
  },
  "pk": 203100
},
{
  "model": "group_manager.judge",
  "fields": {
    "email": "briahnacj17@ausdk12.org",
    "last_name": "Jackson",
    "first_name": "Briahna"
  },
  "pk": 203101
},
{
  "model": "group_manager.judge",
  "fields": {
    "email": "nikasnm17@ausdk12.org",
    "last_name": "Mermer",
    "first_name": "Nikas"
  },
  "pk": 203102
},
{
  "model": "group_manager.judge",
  "fields": {
    "email": "delilahr17@ausdk12.org",
    "last_name": "Ralston",
    "first_name": "Delilah"
  },
  "pk": 203103
},
{
  "model": "group_manager.judge",
  "fields": {
    "email": "shannonjc17@ausdk12.org",
    "last_name": "Choi",
    "first_name": "Shannon"
  },
  "pk": 203104
},
{
  "model": "group_manager.judge",
  "fields": {
    "email": "michaelme17@ausdk12.org",
    "last_name": "Endo",
    "first_name": "Michael"
  },
  "pk": 203105
},
{
  "model": "group_manager.judge",
  "fields": {
    "email": "brianvc17@ausdk12.org",
    "last_name": "Citragno",
    "first_name": "Brian"
  },
  "pk": 203107
},
{
  "model": "group_manager.judge",
  "fields": {
    "email": "bryandm17@ausdk12.org",
    "last_name": "Mendes",
    "first_name": "Bryan"
  },
  "pk": 203108
},
{
  "model": "group_manager.judge",
  "fields": {
    "email": "micaellatm17@ausdk12.org",
    "last_name": "Mosqueda",
    "first_name": "Micaella"
  },
  "pk": 203109
},
{
  "model": "group_manager.judge",
  "fields": {
    "email": "gabrielmd17@ausdk12.org",
    "last_name": "DaSilva",
    "first_name": "Gabriel"
  },
  "pk": 203110
},
{
  "model": "group_manager.judge",
  "fields": {
    "email": "luciane17@ausdk12.org",
    "last_name": "Escoto",
    "first_name": "Lucia"
  },
  "pk": 203111
},
{
  "model": "group_manager.judge",
  "fields": {
    "email": "summerlv17@ausdk12.org",
    "last_name": "Vodnoy",
    "first_name": "Summer"
  },
  "pk": 203115
},
{
  "model": "group_manager.judge",
  "fields": {
    "email": "clarissarm17@ausdk12.org",
    "last_name": "McNally",
    "first_name": "Clarissa"
  },
  "pk": 203116
},
{
  "model": "group_manager.judge",
  "fields": {
    "email": "remyls17@ausdk12.org",
    "last_name": "Supar",
    "first_name": "Remy"
  },
  "pk": 203117
},
{
  "model": "group_manager.judge",
  "fields": {
    "email": "sophiams17@ausdk12.org",
    "last_name": "Supar",
    "first_name": "Sophia"
  },
  "pk": 203118
},
{
  "model": "group_manager.judge",
  "fields": {
    "email": "ellehj17@ausdk12.org",
    "last_name": "Jackson",
    "first_name": "Elle"
  },
  "pk": 203119
},
{
  "model": "group_manager.judge",
  "fields": {
    "email": "kaedenmw17@ausdk12.org",
    "last_name": "Wemmer",
    "first_name": "Kaeden"
  },
  "pk": 203120
},
{
  "model": "group_manager.judge",
  "fields": {
    "email": "brianp17@ausdk12.org",
    "last_name": "Pennington-Kent",
    "first_name": "Brian"
  },
  "pk": 203124
},
{
  "model": "group_manager.judge",
  "fields": {
    "email": "kevinsz17@ausdk12.org",
    "last_name": "Zhang",
    "first_name": "Kevin"
  },
  "pk": 203125
},
{
  "model": "group_manager.judge",
  "fields": {
    "email": "bryant17@ausdk12.org",
    "last_name": "Tran",
    "first_name": "Bryan"
  },
  "pk": 203176
},
{
  "model": "group_manager.judge",
  "fields": {
    "email": "manyil17@ausdk12.org",
    "last_name": "Leung",
    "first_name": "Manyi"
  },
  "pk": 203178
},
{
  "model": "group_manager.judge",
  "fields": {
    "email": "michaelyt17@ausdk12.org",
    "last_name": "Than",
    "first_name": "Michael"
  },
  "pk": 203233
},
{
  "model": "group_manager.judge",
  "fields": {
    "email": "ivanj17@ausdk12.org",
    "last_name": "Juarez",
    "first_name": "Ivan"
  },
  "pk": 203247
},
{
  "model": "group_manager.judge",
  "fields": {
    "email": "jaredrf17@ausdk12.org",
    "last_name": "Ferguson",
    "first_name": "Jared"
  },
  "pk": 203337
},
{
  "model": "group_manager.judge",
  "fields": {
    "email": "gracecp17@ausdk12.org",
    "last_name": "Patterson",
    "first_name": "Grace"
  },
  "pk": 203349
},
{
  "model": "group_manager.judge",
  "fields": {
    "email": "lomask17@ausdk12.org",
    "last_name": "Kim-Mann",
    "first_name": "Loma"
  },
  "pk": 203351
},
{
  "model": "group_manager.judge",
  "fields": {
    "email": "dylansr17@ausdk12.org",
    "last_name": "Ransley",
    "first_name": "Dylan"
  },
  "pk": 203378
},
{
  "model": "group_manager.judge",
  "fields": {
    "email": "emilyh17@ausdk12.org",
    "last_name": "Ho",
    "first_name": "Emily"
  },
  "pk": 203386
},
{
  "model": "group_manager.judge",
  "fields": {
    "email": "stephaniepw17@ausdk12.org",
    "last_name": "Wu",
    "first_name": "Stephanie"
  },
  "pk": 203387
},
{
  "model": "group_manager.judge",
  "fields": {
    "email": "tallulahrl17@ausdk12.org",
    "last_name": "Lebowitz",
    "first_name": "Tallulah"
  },
  "pk": 203392
},
{
  "model": "group_manager.judge",
  "fields": {
    "email": "alexandersr17@ausdk12.org",
    "last_name": "Rahman",
    "first_name": "Alexander"
  },
  "pk": 203398
},
{
  "model": "group_manager.judge",
  "fields": {
    "email": "scottf17@ausdk12.org",
    "last_name": "Fong",
    "first_name": "Scott"
  },
  "pk": 203458
},
{
  "model": "group_manager.judge",
  "fields": {
    "email": "enhsaruulsz17@ausdk12.org",
    "last_name": "Zorigt",
    "first_name": "Enhsaruul"
  },
  "pk": 203539
},
{
  "model": "group_manager.judge",
  "fields": {
    "email": "emitaa17@ausdk12.org",
    "last_name": "Amatya",
    "first_name": "Emita"
  },
  "pk": 203579
},
{
  "model": "group_manager.judge",
  "fields": {
    "email": "joshuals17@ausdk12.org",
    "last_name": "Solomon-Culp",
    "first_name": "Joshua"
  },
  "pk": 203595
},
{
  "model": "group_manager.judge",
  "fields": {
    "email": "michaeljw17@ausdk12.org",
    "last_name": "Wang",
    "first_name": "Michael"
  },
  "pk": 203683
},
{
  "model": "group_manager.judge",
  "fields": {
    "email": "karinp17@ausdk12.org",
    "last_name": "Pal",
    "first_name": "Karin"
  },
  "pk": 203796
},
{
  "model": "group_manager.judge",
  "fields": {
    "email": "alejandraga17@ausdk12.org",
    "last_name": "Aguilar",
    "first_name": "Alejandra"
  },
  "pk": 203799
},
{
  "model": "group_manager.judge",
  "fields": {
    "email": "isabelma17@ausdk12.org",
    "last_name": "Aguilar",
    "first_name": "Isabel"
  },
  "pk": 203800
},
{
  "model": "group_manager.judge",
  "fields": {
    "email": "elizabethas17@ausdk12.org",
    "last_name": "Storrs",
    "first_name": "Elizabeth"
  },
  "pk": 203801
},
{
  "model": "group_manager.judge",
  "fields": {
    "email": "lewisjp17@ausdk12.org",
    "last_name": "Pietropaoli",
    "first_name": "Lewis"
  },
  "pk": 203802
},
{
  "model": "group_manager.judge",
  "fields": {
    "email": "juliaap17@ausdk12.org",
    "last_name": "Panian",
    "first_name": "Julia"
  },
  "pk": 203803
},
{
  "model": "group_manager.judge",
  "fields": {
    "email": "mehrao17@ausdk12.org",
    "last_name": "Osterholt",
    "first_name": "Mehra"
  },
  "pk": 203805
},
{
  "model": "group_manager.judge",
  "fields": {
    "email": "gabrieldw17@ausdk12.org",
    "last_name": "Walden",
    "first_name": "Gabriel"
  },
  "pk": 203863
},
{
  "model": "group_manager.judge",
  "fields": {
    "email": "kentonay17@ausdk12.org",
    "last_name": "Yee",
    "first_name": "Kenton"
  },
  "pk": 203864
},
{
  "model": "group_manager.judge",
  "fields": {
    "email": "hermanw17@ausdk12.org",
    "last_name": "Wu",
    "first_name": "Herman"
  },
  "pk": 203866
},
{
  "model": "group_manager.judge",
  "fields": {
    "email": "ratumm17@ausdk12.org",
    "last_name": "Maulana",
    "first_name": "Ratu"
  },
  "pk": 203943
},
{
  "model": "group_manager.judge",
  "fields": {
    "email": "nicholasao17@ausdk12.org",
    "last_name": "Olmos",
    "first_name": "Nicholas"
  },
  "pk": 204054
},
{
  "model": "group_manager.judge",
  "fields": {
    "email": "amuunaaz17@ausdk12.org",
    "last_name": "Zulkhuu",
    "first_name": "Amuunaa"
  },
  "pk": 204128
},
{
  "model": "group_manager.judge",
  "fields": {
    "email": "justins17@ausdk12.org",
    "last_name": "Shen",
    "first_name": "Justin"
  },
  "pk": 204132
},
{
  "model": "group_manager.judge",
  "fields": {
    "email": "wajihaz17@ausdk12.org",
    "last_name": "Zahid",
    "first_name": "Wajiha"
  },
  "pk": 204194
},
{
  "model": "group_manager.judge",
  "fields": {
    "email": "mariadc17@ausdk12.org",
    "last_name": "Cortes",
    "first_name": "Maria"
  },
  "pk": 204249
},
{
  "model": "group_manager.judge",
  "fields": {
    "email": "harrybf17@ausdk12.org",
    "last_name": "Fricker",
    "first_name": "Harry"
  },
  "pk": 204316
},
{
  "model": "group_manager.judge",
  "fields": {
    "email": "mariafa17@ausdk12.org",
    "last_name": "Aguayo",
    "first_name": "Maria"
  },
  "pk": 204571
},
{
  "model": "group_manager.judge",
  "fields": {
    "email": "nicholasds17@ausdk12.org",
    "last_name": "Scott",
    "first_name": "Nicholas"
  },
  "pk": 204573
},
{
  "model": "group_manager.judge",
  "fields": {
    "email": "elianaxs17@ausdk12.org",
    "last_name": "Senturia",
    "first_name": "Eliana"
  },
  "pk": 204574
},
{
  "model": "group_manager.judge",
  "fields": {
    "email": "simonaz17@ausdk12.org",
    "last_name": "Zeiger",
    "first_name": "Simon"
  },
  "pk": 204576
},
{
  "model": "group_manager.judge",
  "fields": {
    "email": "timothyql17@ausdk12.org",
    "last_name": "Li",
    "first_name": "Timothy"
  },
  "pk": 204644
},
{
  "model": "group_manager.judge",
  "fields": {
    "email": "oliviab17@ausdk12.org",
    "last_name": "Bensman",
    "first_name": "Olivia"
  },
  "pk": 204717
},
{
  "model": "group_manager.judge",
  "fields": {
    "email": "ellier17@ausdk12.org",
    "last_name": "Roche",
    "first_name": "Ellie"
  },
  "pk": 204839
},
{
  "model": "group_manager.judge",
  "fields": {
    "email": "jaimeeb17@ausdk12.org",
    "last_name": "Banegas",
    "first_name": "Jaime"
  },
  "pk": 204844
},
{
  "model": "group_manager.judge",
  "fields": {
    "email": "subekshas17@ausdk12.org",
    "last_name": "Sharma",
    "first_name": "Subeksha"
  },
  "pk": 204967
},
{
  "model": "group_manager.judge",
  "fields": {
    "email": "christopherlm17@ausdk12.org",
    "last_name": "Miller",
    "first_name": "Christopher"
  },
  "pk": 205121
},
{
  "model": "group_manager.judge",
  "fields": {
    "email": "nileshs17@ausdk12.org",
    "last_name": "Shyu",
    "first_name": "Niles"
  },
  "pk": 205305
},
{
  "model": "group_manager.judge",
  "fields": {
    "email": "kathrynec17@ausdk12.org",
    "last_name": "Cassin",
    "first_name": "Kathryn"
  },
  "pk": 205358
},
{
  "model": "group_manager.judge",
  "fields": {
    "email": "mireim17@ausdk12.org",
    "last_name": "Machiyama",
    "first_name": "Mirei"
  },
  "pk": 205367
},
{
  "model": "group_manager.judge",
  "fields": {
    "email": "tylerrg17@ausdk12.org",
    "last_name": "Georgeson-Hartman",
    "first_name": "Tyler"
  },
  "pk": 205444
},
{
  "model": "group_manager.judge",
  "fields": {
    "email": "jeromejw17@ausdk12.org",
    "last_name": "Wei",
    "first_name": "Jerome"
  },
  "pk": 205571
},
{
  "model": "group_manager.judge",
  "fields": {
    "email": "gonpot17@ausdk12.org",
    "last_name": "Tashi",
    "first_name": "Gonpo"
  },
  "pk": 205603
},
{
  "model": "group_manager.judge",
  "fields": {
    "email": "tananj17@ausdk12.org",
    "last_name": "Javkhlantugs",
    "first_name": "Tanan"
  },
  "pk": 205666
},
{
  "model": "group_manager.judge",
  "fields": {
    "email": "williamck17@ausdk12.org",
    "last_name": "Kim",
    "first_name": "William"
  },
  "pk": 205667
},
{
  "model": "group_manager.judge",
  "fields": {
    "email": "elliotds17@ausdk12.org",
    "last_name": "Skinner",
    "first_name": "Elliot"
  },
  "pk": 205670
},
{
  "model": "group_manager.judge",
  "fields": {
    "email": "jayrp17@ausdk12.org",
    "last_name": "Parafina",
    "first_name": "Jay"
  },
  "pk": 205778
},
{
  "model": "group_manager.judge",
  "fields": {
    "email": "gabrieljc17@ausdk12.org",
    "last_name": "Cardozo",
    "first_name": "Gabriel"
  },
  "pk": 205793
},
{
  "model": "group_manager.judge",
  "fields": {
    "email": "aaronb17@ausdk12.org",
    "last_name": "Brumels",
    "first_name": "Aaron"
  },
  "pk": 205798
},
{
  "model": "group_manager.judge",
  "fields": {
    "email": "christinejw17@ausdk12.org",
    "last_name": "Wang",
    "first_name": "Christine"
  },
  "pk": 205853
},
{
  "model": "group_manager.judge",
  "fields": {
    "email": "mitchelljb17@ausdk12.org",
    "last_name": "Buchan",
    "first_name": "Mitchell"
  },
  "pk": 205864
},
{
  "model": "group_manager.judge",
  "fields": {
    "email": "linz17@ausdk12.org",
    "last_name": "Zhu",
    "first_name": "Lin"
  },
  "pk": 205912
},
{
  "model": "group_manager.judge",
  "fields": {
    "email": "oliviapk17@ausdk12.org",
    "last_name": "Keller",
    "first_name": "Olivia"
  },
  "pk": 206216
},
{
  "model": "group_manager.judge",
  "fields": {
    "email": "laurengr17@ausdk12.org",
    "last_name": "Ray",
    "first_name": "Lauren"
  },
  "pk": 206219
},
{
  "model": "group_manager.judge",
  "fields": {
    "email": "amanrs17@ausdk12.org",
    "last_name": "Shrestha",
    "first_name": "Aman"
  },
  "pk": 206290
},
{
  "model": "group_manager.judge",
  "fields": {
    "email": "dasanm17@ausdk12.org",
    "last_name": "Milan",
    "first_name": "Dasan"
  },
  "pk": 206291
},
{
  "model": "group_manager.judge",
  "fields": {
    "email": "gwendolynmo17@ausdk12.org",
    "last_name": "Ooghe",
    "first_name": "Gwendolyn"
  },
  "pk": 206293
},
{
  "model": "group_manager.judge",
  "fields": {
    "email": "garrisonp17@ausdk12.org",
    "last_name": "Pennington",
    "first_name": "Garrison"
  },
  "pk": 206296
},
{
  "model": "group_manager.judge",
  "fields": {
    "email": "angelah17@ausdk12.org",
    "last_name": "Hancock",
    "first_name": "Angel"
  },
  "pk": 206337
},
{
  "model": "group_manager.judge",
  "fields": {
    "email": "lucaskf17@ausdk12.org",
    "last_name": "Fraga",
    "first_name": "Lucas"
  },
  "pk": 206388
},
{
  "model": "group_manager.judge",
  "fields": {
    "email": "amyd17@ausdk12.org",
    "last_name": "Dhakal",
    "first_name": "Amy"
  },
  "pk": 206446
},
{
  "model": "group_manager.judge",
  "fields": {
    "email": "julianro17@ausdk12.org",
    "last_name": "Ou",
    "first_name": "Julian"
  },
  "pk": 206641
},
{
  "model": "group_manager.judge",
  "fields": {
    "email": "anivrk17@ausdk12.org",
    "last_name": "Khawaunju",
    "first_name": "Aniv"
  },
  "pk": 206653
},
{
  "model": "group_manager.judge",
  "fields": {
    "email": "gagandeepst17@ausdk12.org",
    "last_name": "Thandi",
    "first_name": "Gagandeep"
  },
  "pk": 207092
},
{
  "model": "group_manager.judge",
  "fields": {
    "email": "harkaranss17@ausdk12.org",
    "last_name": "Sidhu",
    "first_name": "Harkaran"
  },
  "pk": 207093
},
{
  "model": "group_manager.judge",
  "fields": {
    "email": "peterlg17@ausdk12.org",
    "last_name": "Gibbons",
    "first_name": "Peter"
  },
  "pk": 207095
},
{
  "model": "group_manager.judge",
  "fields": {
    "email": "jonahpm17@ausdk12.org",
    "last_name": "McClellan",
    "first_name": "Jonah"
  },
  "pk": 207121
},
{
  "model": "group_manager.judge",
  "fields": {
    "email": "arayahtf17@ausdk12.org",
    "last_name": "Fleming",
    "first_name": "Arayah"
  },
  "pk": 207196
},
{
  "model": "group_manager.judge",
  "fields": {
    "email": "miriamrs17@ausdk12.org",
    "last_name": "Simon",
    "first_name": "Miriam"
  },
  "pk": 207295
},
{
  "model": "group_manager.judge",
  "fields": {
    "email": "emiliei17@ausdk12.org",
    "last_name": "Ivtchenko",
    "first_name": "Emilie"
  },
  "pk": 207335
},
{
  "model": "group_manager.judge",
  "fields": {
    "email": "sofiacv17@ausdk12.org",
    "last_name": "Vanderlaan",
    "first_name": "Sofia"
  },
  "pk": 207370
},
{
  "model": "group_manager.judge",
  "fields": {
    "email": "samayah17@ausdk12.org",
    "last_name": "Hornsby",
    "first_name": "Samaya"
  },
  "pk": 207382
},
{
  "model": "group_manager.judge",
  "fields": {
    "email": "timothylb17@ausdk12.org",
    "last_name": "Bernal",
    "first_name": "Timothy"
  },
  "pk": 207389
},
{
  "model": "group_manager.judge",
  "fields": {
    "email": "samueln17@ausdk12.org",
    "last_name": "Noriega",
    "first_name": "Samuel"
  },
  "pk": 207415
},
{
  "model": "group_manager.judge",
  "fields": {
    "email": "rebeccamb17@ausdk12.org",
    "last_name": "Brown",
    "first_name": "Rebecca"
  },
  "pk": 207427
},
{
  "model": "group_manager.judge",
  "fields": {
    "email": "ilayr17@ausdk12.org",
    "last_name": "Raz",
    "first_name": "Ilay"
  },
  "pk": 207457
},
{
  "model": "group_manager.judge",
  "fields": {
    "email": "sonamka17@ausdk12.org",
    "last_name": "Arya",
    "first_name": "Sonam"
  },
  "pk": 207530
},
{
  "model": "group_manager.judge",
  "fields": {
    "email": "tenzink17@ausdk12.org",
    "last_name": "Khyentse",
    "first_name": "Tenzin"
  },
  "pk": 207549
},
{
  "model": "group_manager.judge",
  "fields": {
    "email": "jerriab17@ausdk12.org",
    "last_name": "Bonnel",
    "first_name": "Jerri"
  },
  "pk": 207798
},
{
  "model": "group_manager.judge",
  "fields": {
    "email": "nicholasmb17@ausdk12.org",
    "last_name": "Buoncristiani",
    "first_name": "Nicholas"
  },
  "pk": 207799
},
{
  "model": "group_manager.judge",
  "fields": {
    "email": "sophiacj17@ausdk12.org",
    "last_name": "Johnson",
    "first_name": "Sophia"
  },
  "pk": 207802
},
{
  "model": "group_manager.judge",
  "fields": {
    "email": "jasminek17@ausdk12.org",
    "last_name": "Khamenian",
    "first_name": "Jasmine"
  },
  "pk": 207804
},
{
  "model": "group_manager.judge",
  "fields": {
    "email": "quynhnt17@ausdk12.org",
    "last_name": "Tran",
    "first_name": "Quynh"
  },
  "pk": 207806
},
{
  "model": "group_manager.judge",
  "fields": {
    "email": "jyotijt17@ausdk12.org",
    "last_name": "Tuladhar",
    "first_name": "Jyoti"
  },
  "pk": 207807
},
{
  "model": "group_manager.judge",
  "fields": {
    "email": "oscarb17@ausdk12.org",
    "last_name": "Burke",
    "first_name": "Oscar"
  },
  "pk": 1100001
},
{
  "model": "group_manager.judge",
  "fields": {
    "email": "calebdc17@ausdk12.org",
    "last_name": "Candelaria",
    "first_name": "Caleb"
  },
  "pk": 1100002
},
{
  "model": "group_manager.judge",
  "fields": {
    "email": "johnf17@ausdk12.org",
    "last_name": "Friedman",
    "first_name": "John"
  },
  "pk": 1100006
},
{
  "model": "group_manager.judge",
  "fields": {
    "email": "jerryg17@ausdk12.org",
    "last_name": "Gaitan",
    "first_name": "Jerry"
  },
  "pk": 1100007
},
{
  "model": "group_manager.judge",
  "fields": {
    "email": "nestordj17@ausdk12.org",
    "last_name": "Jimenez",
    "first_name": "Nestor"
  },
  "pk": 1100009
},
{
  "model": "group_manager.judge",
  "fields": {
    "email": "margaretcm17@ausdk12.org",
    "last_name": "McGuire",
    "first_name": "Margaret"
  },
  "pk": 1100011
},
{
  "model": "group_manager.judge",
  "fields": {
    "email": "joannelp17@ausdk12.org",
    "last_name": "Pope",
    "first_name": "Joanne"
  },
  "pk": 1100012
},
{
  "model": "group_manager.judge",
  "fields": {
    "email": "georginacs17@ausdk12.org",
    "last_name": "Shirazi",
    "first_name": "Georgina"
  },
  "pk": 1100013
},
{
  "model": "group_manager.judge",
  "fields": {
    "email": "sarbjots17@ausdk12.org",
    "last_name": "Singh",
    "first_name": "Sarbjot"
  },
  "pk": 1100014
},
{
  "model": "group_manager.judge",
  "fields": {
    "email": "courtneymt17@ausdk12.org",
    "last_name": "Tamaki",
    "first_name": "Courtney"
  },
  "pk": 1100015
},
{
  "model": "group_manager.judge",
  "fields": {
    "email": "kylejt17@ausdk12.org",
    "last_name": "Taylor",
    "first_name": "Kyle"
  },
  "pk": 1100016
},
{
  "model": "group_manager.judge",
  "fields": {
    "email": "emetaw17@ausdk12.org",
    "last_name": "Wofford",
    "first_name": "Emet"
  },
  "pk": 1100017
},
{
  "model": "group_manager.judge",
  "fields": {
    "email": "nicholasjw17@ausdk12.org",
    "last_name": "Wugofski",
    "first_name": "Nicholas"
  },
  "pk": 1100047
},
{
  "model": "group_manager.judge",
  "fields": {
    "email": "giannaml17@ausdk12.org",
    "last_name": "Lavin",
    "first_name": "Gianna"
  },
  "pk": 1100048
},
{
  "model": "group_manager.judge",
  "fields": {
    "email": "ericpm17@ausdk12.org",
    "last_name": "Mireri",
    "first_name": "Eric"
  },
  "pk": 1100055
},
{
  "model": "group_manager.judge",
  "fields": {
    "email": "danielop17@ausdk12.org",
    "last_name": "Padilla Mendoza",
    "first_name": "Daniel"
  },
  "pk": 1100058
},
{
  "model": "group_manager.judge",
  "fields": {
    "email": "laurenc17@ausdk12.org",
    "last_name": "Chu",
    "first_name": "Lauren"
  },
  "pk": 1100061
},
{
  "model": "group_manager.judge",
  "fields": {
    "email": "monam17@ausdk12.org",
    "last_name": "Mirzaie",
    "first_name": "Mona"
  },
  "pk": 1100065
},
{
  "model": "group_manager.judge",
  "fields": {
    "email": "tenzint17@ausdk12.org",
    "last_name": "Tsering",
    "first_name": "Tenzin"
  },
  "pk": 1100066
},
{
  "model": "group_manager.judge",
  "fields": {
    "email": "melizcm17@ausdk12.org",
    "last_name": "McGowen",
    "first_name": "Meliz"
  },
  "pk": 1100080
},
{
  "model": "group_manager.judge",
  "fields": {
    "email": "eleonorcp17@ausdk12.org",
    "last_name": "Palabrica",
    "first_name": "Eleonor"
  },
  "pk": 1100084
},
{
  "model": "group_manager.judge",
  "fields": {
    "email": "brendanms17@ausdk12.org",
    "last_name": "Smith",
    "first_name": "Brendan"
  },
  "pk": 1100095
},
{
  "model": "group_manager.judge",
  "fields": {
    "email": "bailyls17@ausdk12.org",
    "last_name": "Smith",
    "first_name": "Baily"
  },
  "pk": 1100096
},
{
  "model": "group_manager.judge",
  "fields": {
    "email": "simoneel17@ausdk12.org",
    "last_name": "Lamboy",
    "first_name": "Simone"
  },
  "pk": 1100108
},
{
  "model": "group_manager.judge",
  "fields": {
    "email": "dylanfk17@ausdk12.org",
    "last_name": "Kurzer-Ogul",
    "first_name": "Dylan"
  },
  "pk": 1100110
},
{
  "model": "group_manager.judge",
  "fields": {
    "email": "sarahx17@ausdk12.org",
    "last_name": "Xu",
    "first_name": "Sarah"
  },
  "pk": 1100112
},
{
  "model": "group_manager.judge",
  "fields": {
    "email": "anyac17@ausdk12.org",
    "last_name": "Cheng",
    "first_name": "An-ya"
  },
  "pk": 1100117
},
{
  "model": "group_manager.judge",
  "fields": {
    "email": "eddrisag17@ausdk12.org",
    "last_name": "Gardizi",
    "first_name": "Eddris"
  },
  "pk": 1100123
},
{
  "model": "group_manager.judge",
  "fields": {
    "email": "mariafc17@ausdk12.org",
    "last_name": "Collazos",
    "first_name": "Maria"
  },
  "pk": 1100124
},
{
  "model": "group_manager.judge",
  "fields": {
    "email": "kaelibtw17@ausdk12.org",
    "last_name": "Wilson",
    "first_name": "Kaelib"
  },
  "pk": 1100130
},
{
  "model": "group_manager.judge",
  "fields": {
    "email": "edenrr17@ausdk12.org",
    "last_name": "Rothblatt-Kenney",
    "first_name": "Eden"
  },
  "pk": 1100135
},
{
  "model": "group_manager.judge",
  "fields": {
    "email": "aninaag17@ausdk12.org",
    "last_name": "Guerrero de Escalante",
    "first_name": "Anina"
  },
  "pk": 1100138
},
{
  "model": "group_manager.judge",
  "fields": {
    "email": "jillianag17@ausdk12.org",
    "last_name": "Guffy",
    "first_name": "Jillian"
  },
  "pk": 1100144
},
{
  "model": "group_manager.judge",
  "fields": {
    "email": "matthewjs17@ausdk12.org",
    "last_name": "Silva",
    "first_name": "Matthew"
  },
  "pk": 1100155
},
{
  "model": "group_manager.judge",
  "fields": {
    "email": "tylerbl17@ausdk12.org",
    "last_name": "Larkins",
    "first_name": "Tyler"
  },
  "pk": 1100163
},
{
  "model": "group_manager.judge",
  "fields": {
    "email": "ezequielg17@ausdk12.org",
    "last_name": "Goldsmith-Morgan",
    "first_name": "Ezequiel"
  },
  "pk": 1100167
},
{
  "model": "group_manager.judge",
  "fields": {
    "email": "oliviacd17@ausdk12.org",
    "last_name": "D'Adamo",
    "first_name": "Olivia"
  },
  "pk": 1100173
},
{
  "model": "group_manager.judge",
  "fields": {
    "email": "lorinnb17@ausdk12.org",
    "last_name": "Bates",
    "first_name": "Lorin"
  },
  "pk": 1100175
},
{
  "model": "group_manager.judge",
  "fields": {
    "email": "danielanz17@ausdk12.org",
    "last_name": "Zepeda",
    "first_name": "Daniela"
  },
  "pk": 1100180
},
{
  "model": "group_manager.judge",
  "fields": {
    "email": "yunghw17@ausdk12.org",
    "last_name": "Wu",
    "first_name": "Yung"
  },
  "pk": 1100194
},
{
  "model": "group_manager.judge",
  "fields": {
    "email": "yuzhenjc17@ausdk12.org",
    "last_name": "Che",
    "first_name": "Yuzhen"
  },
  "pk": 1100200
},
{
  "model": "group_manager.judge",
  "fields": {
    "email": "rigobertom17@ausdk12.org",
    "last_name": "Mejia",
    "first_name": "Rigoberto"
  },
  "pk": 1100227
},
{
  "model": "group_manager.judge",
  "fields": {
    "email": "yuhanl17@ausdk12.org",
    "last_name": "Liu",
    "first_name": "Yuhan"
  },
  "pk": 1100239
},
{
  "model": "group_manager.judge",
  "fields": {
    "email": "samuelfs17@ausdk12.org",
    "last_name": "Schaffer",
    "first_name": "Samuel"
  },
  "pk": 1100259
},
{
  "model": "group_manager.judge",
  "fields": {
    "email": "karladb17@ausdk12.org",
    "last_name": "Balderas",
    "first_name": "Karla"
  },
  "pk": 1100266
},
{
  "model": "group_manager.judge",
  "fields": {
    "email": "negesteih17@ausdk12.org",
    "last_name": "Hai Hai",
    "first_name": "Negeste Pumehana"
  },
  "pk": 1100270
},
{
  "model": "group_manager.judge",
  "fields": {
    "email": "kendaf17@ausdk12.org",
    "last_name": "Finch",
    "first_name": "Kenda"
  },
  "pk": 1100275
},
{
  "model": "group_manager.judge",
  "fields": {
    "email": "sophiadk17@ausdk12.org",
    "last_name": "Kamps",
    "first_name": "Sophia"
  },
  "pk": 1100277
},
{
  "model": "group_manager.judge",
  "fields": {
    "email": "xil17@ausdk12.org",
    "last_name": "Li (Angela)",
    "first_name": "Xi"
  },
  "pk": 1100278
},
{
  "model": "group_manager.judge",
  "fields": {
    "email": "diegos17@ausdk12.org",
    "last_name": "Silva",
    "first_name": "Diego"
  },
  "pk": 1100305
},
{
  "model": "group_manager.judge",
  "fields": {
    "email": "aurianev17@ausdk12.org",
    "last_name": "Vacher",
    "first_name": "Auriane"
  },
  "pk": 100100276
},
{
  "model": "group_manager.judge",
  "fields": {
    "email": "clairemh17@ausdk12.org",
    "last_name": "Horner",
    "first_name": "Claire"
  },
  "pk": 100100277
},
{
  "model": "group_manager.judge",
  "fields": {
    "email": "milesrk17@ausdk12.org",
    "last_name": "King",
    "first_name": "Miles"
  },
  "pk": 100100279
},
{
  "model": "group_manager.judge",
  "fields": {
    "email": "troym17@ausdk12.org",
    "last_name": "Mestetsky",
    "first_name": "Troy"
  },
  "pk": 100100282
},
{
  "model": "group_manager.judge",
  "fields": {
    "email": "christopherml17@ausdk12.org",
    "last_name": "Luna-Sparks",
    "first_name": "Christopher"
  },
  "pk": 100100285
},
{
  "model": "group_manager.judge",
  "fields": {
    "email": "camryngs17@ausdk12.org",
    "last_name": "Sanchez",
    "first_name": "Camryn"
  },
  "pk": 100100286
},
{
  "model": "group_manager.judge",
  "fields": {
    "email": "danielsd17@ausdk12.org",
    "last_name": "Dictado",
    "first_name": "Daniel"
  },
  "pk": 100100287
},
{
  "model": "group_manager.judge",
  "fields": {
    "email": "hannahgm17@ausdk12.org",
    "last_name": "Murray",
    "first_name": "Hannah"
  },
  "pk": 100100288
},
{
  "model": "group_manager.judge",
  "fields": {
    "email": "lilysg17@ausdk12.org",
    "last_name": "Goldman",
    "first_name": "Lily"
  },
  "pk": 100100289
},
{
  "model": "group_manager.judge",
  "fields": {
    "email": "danieljm17@ausdk12.org",
    "last_name": "Murray",
    "first_name": "Daniel"
  },
  "pk": 100100291
},
{
  "model": "group_manager.judge",
  "fields": {
    "email": "hiwoted17@ausdk12.org",
    "last_name": "Dereje",
    "first_name": "Hiwot"
  },
  "pk": 100100294
},
{
  "model": "group_manager.judge",
  "fields": {
    "email": "lilatb17@ausdk12.org",
    "last_name": "Bernardin",
    "first_name": "Lila"
  },
  "pk": 100100297
},
{
  "model": "group_manager.judge",
  "fields": {
    "email": "siliangl17@ausdk12.org",
    "last_name": "Li",
    "first_name": "Siliang"
  },
  "pk": 100100301
},
{
  "model": "group_manager.judge",
  "fields": {
    "email": "kceevn17@ausdk12.org",
    "last_name": "Nguyen",
    "first_name": "KCee"
  },
  "pk": 100100304
},
{
  "model": "group_manager.judge",
  "fields": {
    "email": "xiangyuy17@ausdk12.org",
    "last_name": "Yang",
    "first_name": "Xiangyu Michael"
  },
  "pk": 100100306
},
{
  "model": "group_manager.judge",
  "fields": {
    "email": "shiramb17@ausdk12.org",
    "last_name": "Benau",
    "first_name": "Shira"
  },
  "pk": 100100315
},
{
  "model": "group_manager.judge",
  "fields": {
    "email": "giorgiald17@ausdk12.org",
    "last_name": "DePaolis",
    "first_name": "Giorgia"
  },
  "pk": 100100317
},
{
  "model": "group_manager.judge",
  "fields": {
    "email": "isabellaf17@ausdk12.org",
    "last_name": "Forti-Lynch",
    "first_name": "Isabella"
  },
  "pk": 100100322
},
{
  "model": "group_manager.judge",
  "fields": {
    "email": "xinyaol17@ausdk12.org",
    "last_name": "Liu",
    "first_name": "Xinyao"
  },
  "pk": 100100324
},
{
  "model": "group_manager.judge",
  "fields": {
    "email": "emmacs17@ausdk12.org",
    "last_name": "Sugarbaker",
    "first_name": "Emma"
  },
  "pk": 100100326
},
{
  "model": "group_manager.judge",
  "fields": {
    "email": "jaquand17@ausdk12.org",
    "last_name": "Davis",
    "first_name": "Ja'Quan"
  },
  "pk": 100100334
},
{
  "model": "group_manager.judge",
  "fields": {
    "email": "cameronmp17@ausdk12.org",
    "last_name": "Parrillo",
    "first_name": "Cameron"
  },
  "pk": 100100356
},
{
  "model": "group_manager.judge",
  "fields": {
    "email": "yatins17@ausdk12.org",
    "last_name": "Sharma",
    "first_name": "Yatin"
  },
  "pk": 100100370
},
{
  "model": "group_manager.judge",
  "fields": {
    "email": "kalenay17@ausdk12.org",
    "last_name": "Yamashiro",
    "first_name": "Kalen"
  },
  "pk": 100100380
},
{
  "model": "group_manager.judge",
  "fields": {
    "email": "miao17@ausdk12.org",
    "last_name": "O'Brien",
    "first_name": "Mia"
  },
  "pk": 100100383
},
{
  "model": "group_manager.judge",
  "fields": {
    "email": "yuviaam17@ausdk12.org",
    "last_name": "Mendoza",
    "first_name": "Yuvia"
  },
  "pk": 100100385
},
{
  "model": "group_manager.judge",
  "fields": {
    "email": "manrikiag17@ausdk12.org",
    "last_name": "Gagnon",
    "first_name": "Manriki"
  },
  "pk": 100100394
},
{
  "model": "group_manager.judge",
  "fields": {
    "email": "dorrista17@ausdk12.org",
    "last_name": "Abalon",
    "first_name": "Dorris Kaye"
  },
  "pk": 100100398
},
{
  "model": "group_manager.judge",
  "fields": {
    "email": "nicholasgc17@ausdk12.org",
    "last_name": "Chase",
    "first_name": "Nicholas"
  },
  "pk": 100100399
},
{
  "model": "group_manager.judge",
  "fields": {
    "email": "ziy17@ausdk12.org",
    "last_name": "Ye",
    "first_name": "Zi Sheng"
  },
  "pk": 100100405
},
{
  "model": "group_manager.judge",
  "fields": {
    "email": "phoebet17@ausdk12.org",
    "last_name": "Thokar",
    "first_name": "Phoebe"
  },
  "pk": 100100414
},
{
  "model": "group_manager.judge",
  "fields": {
    "email": "laticiams17@ausdk12.org",
    "last_name": "Suazo",
    "first_name": "Laticia"
  },
  "pk": 100100427
},
{
  "model": "group_manager.judge",
  "fields": {
    "email": "eduardolg17@ausdk12.org",
    "last_name": "Guths",
    "first_name": "Eduardo"
  },
  "pk": 100100436
},
{
  "model": "group_manager.judge",
  "fields": {
    "email": "phillips17@ausdk12.org",
    "last_name": "Son",
    "first_name": "Phillip"
  },
  "pk": 100100448
},
{
  "model": "group_manager.judge",
  "fields": {
    "email": "edomfa17@ausdk12.org",
    "last_name": "Awetahegn",
    "first_name": "Edom"
  },
  "pk": 100100451
},
{
  "model": "group_manager.judge",
  "fields": {
    "email": "parashp17@ausdk12.org",
    "last_name": "Pandey",
    "first_name": "Parash"
  },
  "pk": 100100452
},
{
  "model": "group_manager.judge",
  "fields": {
    "email": "nylakj17@ausdk12.org",
    "last_name": "Jones-Dismuke",
    "first_name": "Nyela"
  },
  "pk": 100100467
},
{
  "model": "group_manager.judge",
  "fields": {
    "email": "amicoleem17@ausdk12.org",
    "last_name": "Mbacke",
    "first_name": "Amicole"
  },
  "pk": 100100471
},
{
  "model": "group_manager.judge",
  "fields": {
    "email": "joars17@ausdk12.org",
    "last_name": "Stephansson",
    "first_name": "Joar"
  },
  "pk": 100100474
},
{
  "model": "group_manager.judge",
  "fields": {
    "email": "jasaidc17@ausdk12.org",
    "last_name": "Caldwell",
    "first_name": "Jasai"
  },
  "pk": 100100486
},
{
  "model": "group_manager.judge",
  "fields": {
    "email": "fernandos17@ausdk12.org",
    "last_name": "Sanjurjo",
    "first_name": "Fernando"
  },
  "pk": 100100488
},
{
  "model": "group_manager.judge",
  "fields": {
    "email": "abelyt17@ausdk12.org",
    "last_name": "Temesgen",
    "first_name": "Abel"
  },
  "pk": 100100491
},
{
  "model": "group_manager.judge",
  "fields": {
    "email": "ashleeymedrano@gmail.com",
    "last_name": "Medrano Ramos",
    "first_name": "Ashley"
  },
  "pk": 100100493
},
{
  "model": "group_manager.judge",
  "fields": {
    "email": "kumorichaan@gmail.com",
    "last_name": "Medrano Ramos",
    "first_name": "Kimberly"
  },
  "pk": 100100494
}
]
