[{"model": "contenttypes.contenttype", "pk": 1, "fields": {"app_label": "auth", "model": "permission"}}, {"model": "contenttypes.contenttype", "pk": 2, "fields": {"app_label": "auth", "model": "group"}}, {"model": "contenttypes.contenttype", "pk": 3, "fields": {"app_label": "auth", "model": "user"}}, {"model": "contenttypes.contenttype", "pk": 4, "fields": {"app_label": "admin", "model": "logentry"}}, {"model": "contenttypes.contenttype", "pk": 5, "fields": {"app_label": "contenttypes", "model": "contenttype"}}, {"model": "contenttypes.contenttype", "pk": 6, "fields": {"app_label": "sessions", "model": "session"}}, {"model": "contenttypes.contenttype", "pk": 7, "fields": {"app_label": "group_manager", "model": "student_group"}}, {"model": "contenttypes.contenttype", "pk": 8, "fields": {"app_label": "group_manager", "model": "student_class"}}, {"model": "contenttypes.contenttype", "pk": 9, "fields": {"app_label": "group_manager", "model": "judge_group"}}, {"model": "contenttypes.contenttype", "pk": 10, "fields": {"app_label": "group_manager", "model": "student"}}, {"model": "contenttypes.contenttype", "pk": 11, "fields": {"app_label": "group_manager", "model": "judge"}}, {"model": "contenttypes.contenttype", "pk": 12, "fields": {"app_label": "group_manager", "model": "location"}}, {"model": "contenttypes.contenttype", "pk": 13, "fields": {"app_label": "group_manager", "model": "debate_group"}}, {"model": "contenttypes.contenttype", "pk": 14, "fields": {"app_label": "group_manager", "model": "schedule"}}, {"model": "contenttypes.contenttype", "pk": 15, "fields": {"app_label": "group_manager", "model": "debate"}}, {"model": "sessions.session", "pk": "aj68oyhj6xlqwhtx769ea2mlp7o0jku9", "fields": {"session_data": "OWRiMjNjY2VkNTU5ZjNkMmI1NWE5NjM0YjYzZmE2NDU1NjY1NTE2YTp7Il9hdXRoX3VzZXJfaWQiOiIxIiwiX2F1dGhfdXNlcl9oYXNoIjoiOWM0OTM0YzI3MDk5MjY3OGEwZTNlNmFlNTc3OTRlNDU3MWRiYjdjZiIsIl9hdXRoX3VzZXJfYmFja2VuZCI6ImRqYW5nby5jb250cmliLmF1dGguYmFja2VuZHMuTW9kZWxCYWNrZW5kIn0=", "expire_date": "2015-12-27T04:58:12.760Z"}}, {"model": "sessions.session", "pk": "b49qva8urhoads0cne2w2dq1digs2ikm", "fields": {"session_data": "YjI4YzAyNmQ3N2RkY2E4NTFkYWMzYjBhNGE5ZDdhNTA5NmVjNThmZDp7Il9hdXRoX3VzZXJfaWQiOiIxIiwiX2F1dGhfdXNlcl9oYXNoIjoiYzc5ZTYzZDk3MjZjMDkzMzliYTZkMzQ1YmM2ZDA1OTc2N2UxZmY5MCIsIl9hdXRoX3VzZXJfYmFja2VuZCI6ImRqYW5nby5jb250cmliLmF1dGguYmFja2VuZHMuTW9kZWxCYWNrZW5kIn0=", "expire_date": "2015-12-14T22:28:36.881Z"}}, {"model": "sessions.session", "pk": "q74puhp70o5lv0f3sk33p7wmltn54ln3", "fields": {"session_data": "YjU1NmMxYTMwNmJhOTlhZjVjNzZmNDJlOTMzODIyMzc5Mzg3ODJjYzp7Il9hdXRoX3VzZXJfYmFja2VuZCI6ImRqYW5nby5jb250cmliLmF1dGguYmFja2VuZHMuTW9kZWxCYWNrZW5kIiwiX2F1dGhfdXNlcl9oYXNoIjoiY2I0OWRkNzI0NjgwYzhmZjFiOTY1ODY2YmVkZjYwZDUwN2NiNTdiMiIsIl9hdXRoX3VzZXJfaWQiOiIxMCJ9", "expire_date": "2015-12-15T02:36:43.415Z"}}, {"model": "sessions.session", "pk": "y6l9sjruh9tjafpy2affyxpk3sv6gprx", "fields": {"session_data": "YmEyMzI4ZDQ1MTQyNzM4NTcxNDc0ZDhlMzYwMmJlNTgzMGE0YWMxMjp7Il9hdXRoX3VzZXJfaGFzaCI6IjZhMmJhNjlkMjdkZTJhZTAxMzRmMGUwMjczNjAxYmNkMGI0NzRkNTIiLCJfYXV0aF91c2VyX2lkIjoiNCIsIl9hdXRoX3VzZXJfYmFja2VuZCI6ImRqYW5nby5jb250cmliLmF1dGguYmFja2VuZHMuTW9kZWxCYWNrZW5kIn0=", "expire_date": "2015-12-14T06:38:44.692Z"}}, {"model": "group_manager.student", "pk": 203591, "fields": {"first_name": "Mario", "last_name": "Jones", "email": "marioej19@ausdk12.org", "english_class": 26, "ihs_class": 19, "group": null}}, {"model": "group_manager.student", "pk": 203638, "fields": {"first_name": "Carolina", "last_name": "Gonzalez", "email": "carolinag19@ausdk12.org", "english_class": 24, "ihs_class": 21, "group": null}}, {"model": "group_manager.student", "pk": 203765, "fields": {"first_name": "Jared", "last_name": "Snyder", "email": "jaredjs19@ausdk12.org", "english_class": 36, "ihs_class": 31, "group": null}}, {"model": "group_manager.student", "pk": 203952, "fields": {"first_name": "Sreyroth", "last_name": "Lor", "email": "sreyrothjl19@ausdk12.org", "english_class": 35, "ihs_class": 31, "group": null}}, {"model": "group_manager.student", "pk": 204345, "fields": {"first_name": "Alexa", "last_name": "Albert", "email": "alexaca19@ausdk12.org", "english_class": 29, "ihs_class": 33, "group": null}}, {"model": "group_manager.student", "pk": 204353, "fields": {"first_name": "Ian", "last_name": "Adair", "email": "ianma19@ausdk12.org", "english_class": 40, "ihs_class": 32, "group": null}}, {"model": "group_manager.student", "pk": 204354, "fields": {"first_name": "Brendan", "last_name": "Albee-Good", "email": "brendanaa19@ausdk12.org", "english_class": 28, "ihs_class": 33, "group": null}}, {"model": "group_manager.student", "pk": 204355, "fields": {"first_name": "Maha", "last_name": "Aamir", "email": "mahaa19@ausdk12.org", "english_class": null, "ihs_class": 31, "group": null}}, {"model": "group_manager.student", "pk": 204356, "fields": {"first_name": "Lizbeth", "last_name": "Aguayo", "email": "lizbethca19@ausdk12.org", "english_class": 40, "ihs_class": 33, "group": null}}, {"model": "group_manager.student", "pk": 204359, "fields": {"first_name": "Lewis", "last_name": "Bittner", "email": "lewisjb19@ausdk12.org", "english_class": 25, "ihs_class": 19, "group": null}}, {"model": "group_manager.student", "pk": 204361, "fields": {"first_name": "Trenton", "last_name": "Black", "email": "trentonwb19@ausdk12.org", "english_class": 24, "ihs_class": 23, "group": 18}}, {"model": "group_manager.student", "pk": 204369, "fields": {"first_name": "Stella", "last_name": "Dixon", "email": "stellaad19@ausdk12.org", "english_class": 36, "ihs_class": 30, "group": null}}, {"model": "group_manager.student", "pk": 204371, "fields": {"first_name": "Isabela", "last_name": "Colmenar", "email": "isabelaec19@ausdk12.org", "english_class": 24, "ihs_class": 23, "group": 19}}, {"model": "group_manager.student", "pk": 204372, "fields": {"first_name": "Henry", "last_name": "Cohen", "email": "henryac19@ausdk12.org", "english_class": 25, "ihs_class": 20, "group": null}}, {"model": "group_manager.student", "pk": 204373, "fields": {"first_name": "Athena", "last_name": "Chow", "email": "athenacc19@ausdk12.org", "english_class": 29, "ihs_class": 33, "group": null}}, {"model": "group_manager.student", "pk": 204375, "fields": {"first_name": "Myla", "last_name": "Campbell", "email": "mylanc19@ausdk12.org", "english_class": 40, "ihs_class": 32, "group": null}}, {"model": "group_manager.student", "pk": 204377, "fields": {"first_name": "Matteo", "last_name": "Calafiura-Soleri", "email": "matteoc19@ausdk12.org", "english_class": 37, "ihs_class": 23, "group": null}}, {"model": "group_manager.student", "pk": 204389, "fields": {"first_name": "Genelise", "last_name": "Hazen", "email": "geneliseah19@ausdk12.org", "english_class": 41, "ihs_class": 38, "group": null}}, {"model": "group_manager.student", "pk": 204390, "fields": {"first_name": "Cara", "last_name": "Higgins", "email": "caraxh19@ausdk12.org", "english_class": 28, "ihs_class": 33, "group": null}}, {"model": "group_manager.student", "pk": 204391, "fields": {"first_name": "Garrett", "last_name": "Hill", "email": "garrettrh19@ausdk12.org", "english_class": 28, "ihs_class": 38, "group": null}}, {"model": "group_manager.student", "pk": 204392, "fields": {"first_name": "Lucas", "last_name": "Hori", "email": "lucaskh19@ausdk12.org", "english_class": 27, "ihs_class": 21, "group": null}}, {"model": "group_manager.student", "pk": 204393, "fields": {"first_name": "James", "last_name": "Hort", "email": "jamesth19@ausdk12.org", "english_class": 28, "ihs_class": 33, "group": null}}, {"model": "group_manager.student", "pk": 204397, "fields": {"first_name": "Jaylen", "last_name": "Ivey", "email": "jaylenmi19@ausdk12.org", "english_class": 40, "ihs_class": 32, "group": null}}, {"model": "group_manager.student", "pk": 204400, "fields": {"first_name": "John", "last_name": "Judge", "email": "johnnj19@ausdk12.org", "english_class": 36, "ihs_class": 31, "group": null}}, {"model": "group_manager.student", "pk": 204401, "fields": {"first_name": "Zain", "last_name": "Kazi", "email": "zainak19@ausdk12.org", "english_class": 27, "ihs_class": 21, "group": null}}, {"model": "group_manager.student", "pk": 204402, "fields": {"first_name": "Julie", "last_name": "Khou", "email": "juliek19@ausdk12.org", "english_class": 40, "ihs_class": 38, "group": null}}, {"model": "group_manager.student", "pk": 204419, "fields": {"first_name": "Noah", "last_name": "King", "email": "noahrk19@ausdk12.org", "english_class": 27, "ihs_class": 19, "group": null}}, {"model": "group_manager.student", "pk": 204420, "fields": {"first_name": "Jirachaya", "last_name": "Kiriruangchai", "email": "jirachayak19@ausdk12.org", "english_class": 24, "ihs_class": 22, "group": null}}, {"model": "group_manager.student", "pk": 204421, "fields": {"first_name": "Camille", "last_name": "Kobelin", "email": "camillerk19@ausdk12.org", "english_class": 40, "ihs_class": 39, "group": null}}, {"model": "group_manager.student", "pk": 204423, "fields": {"first_name": "Shauna", "last_name": "Korchin", "email": "shaunak19@ausdk12.org", "english_class": 25, "ihs_class": 22, "group": null}}, {"model": "group_manager.student", "pk": 204425, "fields": {"first_name": "Abigail", "last_name": "Lawrence", "email": "abigailal19@ausdk12.org", "english_class": 37, "ihs_class": 31, "group": null}}, {"model": "group_manager.student", "pk": 204428, "fields": {"first_name": "Ethan", "last_name": "Leventhal", "email": "ethanl19@ausdk12.org", "english_class": 28, "ihs_class": 33, "group": null}}, {"model": "group_manager.student", "pk": 204429, "fields": {"first_name": "Nathan", "last_name": "Levine", "email": "nathanal19@ausdk12.org", "english_class": 29, "ihs_class": 38, "group": null}}, {"model": "group_manager.student", "pk": 204430, "fields": {"first_name": "William", "last_name": "Li", "email": "williaml19@ausdk12.org", "english_class": 41, "ihs_class": 32, "group": null}}, {"model": "group_manager.student", "pk": 204433, "fields": {"first_name": "Daniel", "last_name": "Liu", "email": "danielbl19@ausdk12.org", "english_class": 29, "ihs_class": 33, "group": null}}, {"model": "group_manager.student", "pk": 204434, "fields": {"first_name": "Peter", "last_name": "Loizeaux", "email": "peterrl19@ausdk12.org", "english_class": 28, "ihs_class": 33, "group": null}}, {"model": "group_manager.student", "pk": 204435, "fields": {"first_name": "Maisie", "last_name": "Long", "email": "margaretbl19@ausdk12.org", "english_class": 40, "ihs_class": 33, "group": null}}, {"model": "group_manager.student", "pk": 204436, "fields": {"first_name": "Jonathan", "last_name": "Luo", "email": "jonathanl19@ausdk12.org", "english_class": 40, "ihs_class": 39, "group": null}}, {"model": "group_manager.student", "pk": 204437, "fields": {"first_name": "Emma", "last_name": "Maass", "email": "emmamm19@ausdk12.org", "english_class": 35, "ihs_class": 23, "group": null}}, {"model": "group_manager.student", "pk": 204438, "fields": {"first_name": "Enzo", "last_name": "Maida", "email": "enzoym19@ausdk12.org", "english_class": 26, "ihs_class": 21, "group": null}}, {"model": "group_manager.student", "pk": 204439, "fields": {"first_name": "Ezra", "last_name": "Mander", "email": "ezrajm19@ausdk12.org", "english_class": 34, "ihs_class": 31, "group": null}}, {"model": "group_manager.student", "pk": 204440, "fields": {"first_name": "Natalie", "last_name": "Marquina", "email": "nataliem19@ausdk12.org", "english_class": null, "ihs_class": 33, "group": null}}, {"model": "group_manager.student", "pk": 204442, "fields": {"first_name": "Camden", "last_name": "McCroskey", "email": "camdenlm19@ausdk12.org", "english_class": 27, "ihs_class": 19, "group": null}}, {"model": "group_manager.student", "pk": 204443, "fields": {"first_name": "Tess", "last_name": "McGinley", "email": "tessem19@ausdk12.org", "english_class": 28, "ihs_class": 32, "group": null}}, {"model": "group_manager.student", "pk": 204446, "fields": {"first_name": "John", "last_name": "Miki", "email": "johnam19@ausdk12.org", "english_class": 40, "ihs_class": 33, "group": null}}, {"model": "group_manager.student", "pk": 204447, "fields": {"first_name": "Cole", "last_name": "Mink", "email": "colem19@ausdk12.org", "english_class": 36, "ihs_class": 30, "group": null}}, {"model": "group_manager.student", "pk": 204450, "fields": {"first_name": "Porsche", "last_name": "Noble", "email": "porschen19@ausdk12.org", "english_class": 41, "ihs_class": 38, "group": null}}, {"model": "group_manager.student", "pk": 204453, "fields": {"first_name": "Clair", "last_name": "O'Shea", "email": "clairso19@ausdk12.org", "english_class": 28, "ihs_class": 39, "group": null}}, {"model": "group_manager.student", "pk": 204456, "fields": {"first_name": "Lucas", "last_name": "Picard", "email": "lucasjp19@ausdk12.org", "english_class": 29, "ihs_class": 38, "group": null}}, {"model": "group_manager.student", "pk": 204457, "fields": {"first_name": "Natalia", "last_name": "Porras", "email": "nataliayp19@ausdk12.org", "english_class": 26, "ihs_class": 21, "group": null}}, {"model": "group_manager.student", "pk": 204459, "fields": {"first_name": "Isabel", "last_name": "Rainey", "email": "isabelrr19@ausdk12.org", "english_class": 36, "ihs_class": 30, "group": null}}, {"model": "group_manager.student", "pk": 204460, "fields": {"first_name": "Avery", "last_name": "Rasband", "email": "averyjr19@ausdk12.org", "english_class": 27, "ihs_class": 20, "group": null}}, {"model": "group_manager.student", "pk": 204464, "fields": {"first_name": "Cleighton", "last_name": "Roberts", "email": "cleightonwr19@ausdk12.org", "english_class": 37, "ihs_class": 31, "group": null}}, {"model": "group_manager.student", "pk": 204465, "fields": {"first_name": "Eliana", "last_name": "Rosen-Bloom", "email": "elianamr19@ausdk12.org", "english_class": 37, "ihs_class": 30, "group": null}}, {"model": "group_manager.student", "pk": 204466, "fields": {"first_name": "Milo", "last_name": "Ruberto", "email": "milodr19@ausdk12.org", "english_class": 28, "ihs_class": 39, "group": null}}, {"model": "group_manager.student", "pk": 204467, "fields": {"first_name": "Christopher", "last_name": "Rynhoud", "email": "christopherrr19@ausdk12.org", "english_class": 40, "ihs_class": 39, "group": null}}, {"model": "group_manager.student", "pk": 204478, "fields": {"first_name": "Elka", "last_name": "Saaf", "email": "elkaks19@ausdk12.org", "english_class": 28, "ihs_class": 38, "group": null}}, {"model": "group_manager.student", "pk": 204480, "fields": {"first_name": "Arman", "last_name": "Saghafi", "email": "saghafi.arman@gmail.com", "english_class": 37, "ihs_class": 23, "group": null}}, {"model": "group_manager.student", "pk": 204485, "fields": {"first_name": "Heibah", "last_name": "Shaikh", "email": "heibahws19@ausdk12.org", "english_class": 24, "ihs_class": 21, "group": null}}, {"model": "group_manager.student", "pk": 204487, "fields": {"first_name": "Neal", "last_name": "Shipman", "email": "nealbs19@ausdk12.org", "english_class": 27, "ihs_class": 20, "group": null}}, {"model": "group_manager.student", "pk": 204489, "fields": {"first_name": "Margaret", "last_name": "Silva", "email": "margaretas19@ausdk12.org", "english_class": 27, "ihs_class": 21, "group": null}}, {"model": "group_manager.student", "pk": 204490, "fields": {"first_name": "Wictoria", "last_name": "Silvestre", "email": "wictoriaks19@ausdk12.org", "english_class": 37, "ihs_class": 30, "group": null}}, {"model": "group_manager.student", "pk": 204491, "fields": {"first_name": "Matthew", "last_name": "Sim", "email": "matthewjs19@ausdk12.org", "english_class": 29, "ihs_class": 39, "group": null}}, {"model": "group_manager.student", "pk": 204492, "fields": {"first_name": "George", "last_name": "Simon", "email": "georgens19@ausdk12.org", "english_class": 24, "ihs_class": 20, "group": null}}, {"model": "group_manager.student", "pk": 204499, "fields": {"first_name": "Alexander", "last_name": "Szumilo", "email": "alexanderps19@ausdk12.org", "english_class": 24, "ihs_class": 21, "group": null}}, {"model": "group_manager.student", "pk": 204500, "fields": {"first_name": "Shreya", "last_name": "Tamang", "email": "shreyat19@ausdk12.org", "english_class": 26, "ihs_class": 20, "group": null}}, {"model": "group_manager.student", "pk": 204502, "fields": {"first_name": "Ogyen", "last_name": "Tembay", "email": "ogyendt19@ausdk12.org", "english_class": 26, "ihs_class": 21, "group": null}}, {"model": "group_manager.student", "pk": 204503, "fields": {"first_name": "Dorjee", "last_name": "Tenzing", "email": "dorjeet19@ausdk12.org", "english_class": 25, "ihs_class": 20, "group": null}}, {"model": "group_manager.student", "pk": 204504, "fields": {"first_name": "Lindsey", "last_name": "Tran", "email": "lindseyt19@ausdk12.org", "english_class": 29, "ihs_class": 32, "group": null}}, {"model": "group_manager.student", "pk": 204505, "fields": {"first_name": "Helena", "last_name": "Tremblay", "email": "helena.tremblay@gmail.com", "english_class": 28, "ihs_class": 32, "group": null}}, {"model": "group_manager.student", "pk": 204506, "fields": {"first_name": "Dominic", "last_name": "Treseler", "email": "dominicqt19@ausdk12.org", "english_class": 29, "ihs_class": 39, "group": null}}, {"model": "group_manager.student", "pk": 204507, "fields": {"first_name": "Russell", "last_name": "Trutane", "email": "russellet19@ausdk12.org", "english_class": 28, "ihs_class": 32, "group": null}}, {"model": "group_manager.student", "pk": 204509, "fields": {"first_name": "Tamara", "last_name": "Valenzuela", "email": "tamaradv19@ausdk12.org", "english_class": 40, "ihs_class": 38, "group": null}}, {"model": "group_manager.student", "pk": 204510, "fields": {"first_name": "Maria", "last_name": "Krashna", "email": "mariack19@ausdk12.org", "english_class": 36, "ihs_class": 30, "group": null}}, {"model": "group_manager.student", "pk": 204512, "fields": {"first_name": "La Mar", "last_name": "Waters", "email": "lajw19@ausdk12.org", "english_class": 24, "ihs_class": 20, "group": null}}, {"model": "group_manager.student", "pk": 204514, "fields": {"first_name": "Tiffany", "last_name": "Wong", "email": "tiffanyyw19@ausdk12.org", "english_class": 41, "ihs_class": 39, "group": null}}, {"model": "group_manager.student", "pk": 204516, "fields": {"first_name": "Jessica", "last_name": "Wright", "email": "jessicamw19@ausdk12.org", "english_class": 26, "ihs_class": 20, "group": null}}, {"model": "group_manager.student", "pk": 204518, "fields": {"first_name": "Albert", "last_name": "Xing", "email": "alberthx19@ausdk12.org", "english_class": 24, "ihs_class": 22, "group": null}}, {"model": "group_manager.student", "pk": 204519, "fields": {"first_name": "Kevin", "last_name": "Yee", "email": "kevinsy19@ausdk12.org", "english_class": 34, "ihs_class": 23, "group": null}}, {"model": "group_manager.student", "pk": 204521, "fields": {"first_name": "Evan", "last_name": "Zhong", "email": "evanz19@ausdk12.org", "english_class": 24, "ihs_class": 20, "group": null}}, {"model": "group_manager.student", "pk": 204522, "fields": {"first_name": "Sunny", "last_name": "Zhou", "email": "sunnytz19@ausdk12.org", "english_class": 27, "ihs_class": 19, "group": null}}, {"model": "group_manager.student", "pk": 204524, "fields": {"first_name": "Calder", "last_name": "Abbott", "email": "calderla19@ausdk12.org", "english_class": 24, "ihs_class": 23, "group": 18}}, {"model": "group_manager.student", "pk": 204526, "fields": {"first_name": "Sage", "last_name": "Charp", "email": "sageec19@ausdk12.org", "english_class": 37, "ihs_class": 30, "group": null}}, {"model": "group_manager.student", "pk": 204527, "fields": {"first_name": "Madeleine", "last_name": "Chen", "email": "madeleinerc19@ausdk12.org", "english_class": 36, "ihs_class": 31, "group": null}}, {"model": "group_manager.student", "pk": 204529, "fields": {"first_name": "Jacqueline", "last_name": "Davis", "email": "jacquelinehd19@ausdk12.org", "english_class": 41, "ihs_class": 38, "group": null}}, {"model": "group_manager.student", "pk": 204530, "fields": {"first_name": "Joseph", "last_name": "DePianto", "email": "josephwd19@ausdk12.org", "english_class": 41, "ihs_class": 39, "group": null}}, {"model": "group_manager.student", "pk": 204531, "fields": {"first_name": "Molly", "last_name": "Goose", "email": "mollyeg19@ausdk12.org", "english_class": 35, "ihs_class": 23, "group": null}}, {"model": "group_manager.student", "pk": 204533, "fields": {"first_name": "Jason", "last_name": "Liu", "email": "jasonyl19@ausdk12.org", "english_class": 35, "ihs_class": 23, "group": null}}, {"model": "group_manager.student", "pk": 204535, "fields": {"first_name": "Sarah", "last_name": "Ng", "email": "sarahmn19@ausdk12.org", "english_class": 24, "ihs_class": 21, "group": null}}, {"model": "group_manager.student", "pk": 204537, "fields": {"first_name": "Mateo", "last_name": "Rodriguez", "email": "mateogr19@ausdk12.org", "english_class": 27, "ihs_class": 22, "group": null}}, {"model": "group_manager.student", "pk": 204538, "fields": {"first_name": "Jessica", "last_name": "Shen-Wachter", "email": "jessicaes19@ausdk12.org", "english_class": 29, "ihs_class": 32, "group": null}}, {"model": "group_manager.student", "pk": 204540, "fields": {"first_name": "Kailey", "last_name": "Stallmeyer", "email": "kaileygs19@ausdk12.org", "english_class": 28, "ihs_class": 33, "group": null}}, {"model": "group_manager.student", "pk": 204541, "fields": {"first_name": "Kory", "last_name": "Swygert", "email": "koryss19@ausdk12.org", "english_class": 27, "ihs_class": 21, "group": null}}, {"model": "group_manager.student", "pk": 204559, "fields": {"first_name": "Aditi", "last_name": "Jain", "email": "aditiaj19@ausdk12.org", "english_class": 24, "ihs_class": 20, "group": null}}, {"model": "group_manager.student", "pk": 204560, "fields": {"first_name": "Emma", "last_name": "Green", "email": "emmaig19@ausdk12.org", "english_class": 28, "ihs_class": 38, "group": null}}, {"model": "group_manager.student", "pk": 204562, "fields": {"first_name": "Chloe", "last_name": "Stapleton-Gray", "email": "chloets19@ausdk12.org", "english_class": 34, "ihs_class": 23, "group": null}}, {"model": "group_manager.student", "pk": 204564, "fields": {"first_name": "David", "last_name": "Wolf", "email": "davidaw19@ausdk12.org", "english_class": 40, "ihs_class": 33, "group": null}}, {"model": "group_manager.student", "pk": 204605, "fields": {"first_name": "Leanne", "last_name": "Blum", "email": "leannefb19@ausdk12.org", "english_class": 37, "ihs_class": 31, "group": null}}, {"model": "group_manager.student", "pk": 204606, "fields": {"first_name": "Matthew", "last_name": "Brusseau", "email": "matthewlb19@ausdk12.org", "english_class": 41, "ihs_class": 33, "group": null}}, {"model": "group_manager.student", "pk": 204612, "fields": {"first_name": "Abdul-Rahman", "last_name": "El-Saied", "email": "abdulrahmanue19@ausdk12.org", "english_class": 29, "ihs_class": 33, "group": null}}, {"model": "group_manager.student", "pk": 204614, "fields": {"first_name": "Jade", "last_name": "Goree", "email": "jadehg19@ausdk12.org", "english_class": 36, "ihs_class": 31, "group": null}}, {"model": "group_manager.student", "pk": 204616, "fields": {"first_name": "Luna", "last_name": "Gulisano", "email": "lunarg19@ausdk12.org", "english_class": 41, "ihs_class": 39, "group": null}}, {"model": "group_manager.student", "pk": 204617, "fields": {"first_name": "Jack", "last_name": "Hallinan", "email": "jackjh19@ausdk12.org", "english_class": 41, "ihs_class": 39, "group": null}}, {"model": "group_manager.student", "pk": 204618, "fields": {"first_name": "Nikko", "last_name": "Intoci", "email": "nikkopi19@ausdk12.org", "english_class": 41, "ihs_class": 33, "group": null}}, {"model": "group_manager.student", "pk": 204622, "fields": {"first_name": "Lucien", "last_name": "Lucky", "email": "lucienfl19@ausdk12.org", "english_class": 28, "ihs_class": 33, "group": null}}, {"model": "group_manager.student", "pk": 204623, "fields": {"first_name": "Ryan", "last_name": "Man", "email": "ryanlm19@ausdk12.org", "english_class": 37, "ihs_class": 23, "group": null}}, {"model": "group_manager.student", "pk": 204626, "fields": {"first_name": "Stella", "last_name": "Naylor", "email": "stellarn19@ausdk12.org", "english_class": 29, "ihs_class": 32, "group": null}}, {"model": "group_manager.student", "pk": 204627, "fields": {"first_name": "Andres", "last_name": "Payongayong", "email": "Andresmp19@ausdk12.org", "english_class": 26, "ihs_class": 19, "group": null}}, {"model": "group_manager.student", "pk": 204629, "fields": {"first_name": "Caspian", "last_name": "Pimpan", "email": "caspianjp19@ausdk12.org", "english_class": 28, "ihs_class": 39, "group": null}}, {"model": "group_manager.student", "pk": 204632, "fields": {"first_name": "Nico", "last_name": "Sorensen", "email": "nicots19@ausdk12.org", "english_class": 40, "ihs_class": 39, "group": null}}, {"model": "group_manager.student", "pk": 204634, "fields": {"first_name": "Yinlin", "last_name": "Suennen", "email": "yinlinls19@ausdk12.org", "english_class": 27, "ihs_class": 19, "group": null}}, {"model": "group_manager.student", "pk": 204661, "fields": {"first_name": "Angelo", "last_name": "Feliciano", "email": "angelocf19@ausdk12.org", "english_class": 24, "ihs_class": 20, "group": null}}, {"model": "group_manager.student", "pk": 204665, "fields": {"first_name": "Caleb", "last_name": "Foster", "email": "calebvf19@ausdk12.org", "english_class": 40, "ihs_class": 38, "group": null}}, {"model": "group_manager.student", "pk": 204666, "fields": {"first_name": "Jared", "last_name": "Fukumae", "email": "jaredkf19@ausdk12.org", "english_class": 26, "ihs_class": 20, "group": null}}, {"model": "group_manager.student", "pk": 204675, "fields": {"first_name": "Marisa", "last_name": "Rockwell", "email": "marisafr19@ausdk12.org", "english_class": 37, "ihs_class": 23, "group": null}}, {"model": "group_manager.student", "pk": 204678, "fields": {"first_name": "Tiam", "last_name": "Kermanshahi", "email": "tiamak19@ausdk12.org", "english_class": 37, "ihs_class": 23, "group": null}}, {"model": "group_manager.student", "pk": 204679, "fields": {"first_name": "Michael", "last_name": "Luoma", "email": "michaelsl19@ausdk12.org", "english_class": 35, "ihs_class": 30, "group": null}}, {"model": "group_manager.student", "pk": 204714, "fields": {"first_name": "Benjamin", "last_name": "Lo", "email": "benjaminzl19@ausdk12.org", "english_class": 26, "ihs_class": 20, "group": null}}, {"model": "group_manager.student", "pk": 204761, "fields": {"first_name": "Kyle", "last_name": "Paiz", "email": "kylep19@ausdk12.org", "english_class": 34, "ihs_class": 31, "group": null}}, {"model": "group_manager.student", "pk": 204762, "fields": {"first_name": "Madison", "last_name": "Lee", "email": "madisonl19@ausdk12.org", "english_class": 40, "ihs_class": 38, "group": null}}, {"model": "group_manager.student", "pk": 204823, "fields": {"first_name": "Tyler", "last_name": "Jackson", "email": "tylerij19@ausdk12.org", "english_class": 24, "ihs_class": 21, "group": null}}, {"model": "group_manager.student", "pk": 204832, "fields": {"first_name": "Nina", "last_name": "Escoto", "email": "ninace19@ausdk12.org", "english_class": 27, "ihs_class": 20, "group": null}}, {"model": "group_manager.student", "pk": 204864, "fields": {"first_name": "Tiffany", "last_name": "Johnson", "email": "tiffanyaj19@ausdk12.org", "english_class": 34, "ihs_class": 31, "group": null}}, {"model": "group_manager.student", "pk": 204874, "fields": {"first_name": "Luke", "last_name": "Williams", "email": "lukemw19@ausdk12.org", "english_class": 25, "ihs_class": 20, "group": null}}, {"model": "group_manager.student", "pk": 204878, "fields": {"first_name": "Henry", "last_name": "Pree", "email": "henrydp19@ausdk12.org", "english_class": 26, "ihs_class": 20, "group": null}}, {"model": "group_manager.student", "pk": 204910, "fields": {"first_name": "Kristyl Anne", "last_name": "Plamenco", "email": "kristylp19@ausdk12.org", "english_class": 26, "ihs_class": 20, "group": null}}, {"model": "group_manager.student", "pk": 204936, "fields": {"first_name": "Areez", "last_name": "Malik", "email": "areezam19@ausdk12.org", "english_class": 36, "ihs_class": 31, "group": null}}, {"model": "group_manager.student", "pk": 204973, "fields": {"first_name": "Elizabeth", "last_name": "Alvarado", "email": "elizabetha19@ausdk12.org", "english_class": 24, "ihs_class": 20, "group": 18}}, {"model": "group_manager.student", "pk": 205072, "fields": {"first_name": "Derrick", "last_name": "Chen", "email": "derrickjc19@ausdk12.org", "english_class": 27, "ihs_class": 19, "group": null}}, {"model": "group_manager.student", "pk": 205076, "fields": {"first_name": "Jerry", "last_name": "Wu", "email": "jerryrw19@ausdk12.org", "english_class": 27, "ihs_class": 19, "group": null}}, {"model": "group_manager.student", "pk": 205159, "fields": {"first_name": "Ruby", "last_name": "Tang", "email": "rubyt19@ausdk12.org", "english_class": 27, "ihs_class": 19, "group": null}}, {"model": "group_manager.student", "pk": 205212, "fields": {"first_name": "Maxim", "last_name": "Loshak", "email": "maximl19@ausdk12.org", "english_class": 27, "ihs_class": 21, "group": null}}, {"model": "group_manager.student", "pk": 205259, "fields": {"first_name": "Yara", "last_name": "Eliyan", "email": "yaraie19@ausdk12.org", "english_class": 28, "ihs_class": 33, "group": null}}, {"model": "group_manager.student", "pk": 205295, "fields": {"first_name": "Emily", "last_name": "Lu", "email": "emilyzl19@ausdk12.org", "english_class": 27, "ihs_class": 20, "group": null}}, {"model": "group_manager.student", "pk": 205310, "fields": {"first_name": "Jett", "last_name": "Lim", "email": "jettsl19@ausdk12.org", "english_class": 24, "ihs_class": 21, "group": null}}, {"model": "group_manager.student", "pk": 205315, "fields": {"first_name": "Delian", "last_name": "Ligon", "email": "delianjl19@ausdk12.org", "english_class": 24, "ihs_class": 22, "group": null}}, {"model": "group_manager.student", "pk": 205403, "fields": {"first_name": "Shauniece", "last_name": "Williams", "email": "shauniecelw19@ausdk12.org", "english_class": 24, "ihs_class": 20, "group": null}}, {"model": "group_manager.student", "pk": 205433, "fields": {"first_name": "Alfred", "last_name": "Butiong", "email": "alfredmb19@ausdk12.org", "english_class": 24, "ihs_class": 20, "group": 19}}, {"model": "group_manager.student", "pk": 205479, "fields": {"first_name": "Ana", "last_name": "Megibben", "email": "anam19@ausdk12.org", "english_class": 36, "ihs_class": 31, "group": null}}, {"model": "group_manager.student", "pk": 205492, "fields": {"first_name": "Tamara", "last_name": "Borgfeldt", "email": "tamaradb19@ausdk12.org", "english_class": 26, "ihs_class": 22, "group": null}}, {"model": "group_manager.student", "pk": 205503, "fields": {"first_name": "Karman", "last_name": "Sikand", "email": "karmans19@ausdk12.org", "english_class": 35, "ihs_class": 23, "group": null}}, {"model": "group_manager.student", "pk": 205507, "fields": {"first_name": "Natalia", "last_name": "Urbas", "email": "nataliau19@ausdk12.org", "english_class": 27, "ihs_class": 20, "group": null}}, {"model": "group_manager.student", "pk": 205550, "fields": {"first_name": "Maxwell", "last_name": "Meyers", "email": "maxwelljm19@ausdk12.org", "english_class": 36, "ihs_class": 31, "group": null}}, {"model": "group_manager.student", "pk": 205564, "fields": {"first_name": "Sophia", "last_name": "Acker", "email": "sophiawa19@ausdk12.org", "english_class": 34, "ihs_class": 23, "group": null}}, {"model": "group_manager.student", "pk": 205589, "fields": {"first_name": "Anthony", "last_name": "Nihei", "email": "anthonyjn19@ausdk12.org", "english_class": 28, "ihs_class": 33, "group": null}}, {"model": "group_manager.student", "pk": 205640, "fields": {"first_name": "Jungah", "last_name": "Ahn", "email": "jungaha19@ausdk12.org", "english_class": 36, "ihs_class": 30, "group": null}}, {"model": "group_manager.student", "pk": 205643, "fields": {"first_name": "Alexander", "last_name": "Cortez", "email": "alexandermc19@ausdk12.org", "english_class": 24, "ihs_class": 20, "group": null}}, {"model": "group_manager.student", "pk": 205644, "fields": {"first_name": "Shuntong", "last_name": "Deng", "email": "shuntongd19@ausdk12.org", "english_class": 37, "ihs_class": 23, "group": null}}, {"model": "group_manager.student", "pk": 205645, "fields": {"first_name": "Rose", "last_name": "Ernst", "email": "rosete19@ausdk12.org", "english_class": 35, "ihs_class": 31, "group": null}}, {"model": "group_manager.student", "pk": 205648, "fields": {"first_name": "Nicole", "last_name": "Hernandez", "email": "nicoleh19@ausdk12.org", "english_class": 40, "ihs_class": 33, "group": null}}, {"model": "group_manager.student", "pk": 205651, "fields": {"first_name": "Sulaiman", "last_name": "Sabir", "email": "sulaimanms19@ausdk12.org", "english_class": 24, "ihs_class": 20, "group": null}}, {"model": "group_manager.student", "pk": 205655, "fields": {"first_name": "Nathan", "last_name": "Skinner", "email": "nathands19@ausdk12.org", "english_class": 28, "ihs_class": 38, "group": null}}, {"model": "group_manager.student", "pk": 205659, "fields": {"first_name": "Sung Joo", "last_name": "Kim", "email": "sungk19@ausdk12.org", "english_class": 28, "ihs_class": 33, "group": null}}, {"model": "group_manager.student", "pk": 205754, "fields": {"first_name": "Nicholas", "last_name": "Chavez", "email": "NicholasGC19@ausdk12.org", "english_class": 29, "ihs_class": 38, "group": null}}, {"model": "group_manager.student", "pk": 205777, "fields": {"first_name": "Anjelou", "last_name": "Parafina", "email": "anjeloup19@ausdk12.org", "english_class": 28, "ihs_class": 33, "group": null}}, {"model": "group_manager.student", "pk": 205788, "fields": {"first_name": "Caleb", "last_name": "Johnson", "email": "calebcj19@ausdk12.org", "english_class": 24, "ihs_class": 20, "group": null}}, {"model": "group_manager.student", "pk": 205792, "fields": {"first_name": "Liam", "last_name": "Cardozo", "email": "liambc19@ausdk12.org", "english_class": 35, "ihs_class": 31, "group": null}}, {"model": "group_manager.student", "pk": 205812, "fields": {"first_name": "Isaac", "last_name": "Zalkin", "email": "isaaclz19@ausdk12.org", "english_class": 41, "ihs_class": 39, "group": null}}, {"model": "group_manager.student", "pk": 205965, "fields": {"first_name": "Andrey", "last_name": "Voronov", "email": "andreyv19@ausdk12.org", "english_class": 37, "ihs_class": 30, "group": null}}, {"model": "group_manager.student", "pk": 206335, "fields": {"first_name": "Brandon", "last_name": "Chen", "email": "brandonwc19@ausdk12.org", "english_class": 37, "ihs_class": 31, "group": null}}, {"model": "group_manager.student", "pk": 206411, "fields": {"first_name": "Lucas", "last_name": "Aurelio", "email": "lucasga19@ausdk12.org", "english_class": 37, "ihs_class": 23, "group": null}}, {"model": "group_manager.student", "pk": 206457, "fields": {"first_name": "Sebastian", "last_name": "Falconi", "email": "sebastianlf19@ausdk12.org", "english_class": 29, "ihs_class": 38, "group": null}}, {"model": "group_manager.student", "pk": 206487, "fields": {"first_name": "Apoorva", "last_name": "Parajuli", "email": "apoorvap19@ausdk12.org", "english_class": 37, "ihs_class": 30, "group": null}}, {"model": "group_manager.student", "pk": 206495, "fields": {"first_name": "Cali", "last_name": "Stewart", "email": "calibs19@ausdk12.org", "english_class": 40, "ihs_class": 38, "group": null}}, {"model": "group_manager.student", "pk": 206555, "fields": {"first_name": "Shaye", "last_name": "Sullivan", "email": "shayels19@ausdk12.org", "english_class": 27, "ihs_class": 20, "group": null}}, {"model": "group_manager.student", "pk": 206557, "fields": {"first_name": "Grace", "last_name": "Davidson", "email": "graceed19@ausdk12.org", "english_class": 25, "ihs_class": 19, "group": null}}, {"model": "group_manager.student", "pk": 206701, "fields": {"first_name": "Wendy", "last_name": "Liu", "email": "wendywl19@ausdk12.org", "english_class": 26, "ihs_class": 20, "group": null}}, {"model": "group_manager.student", "pk": 206707, "fields": {"first_name": "Amaya", "last_name": "Munoz", "email": "amayam19@ausdk12.org", "english_class": 40, "ihs_class": 32, "group": null}}, {"model": "group_manager.student", "pk": 207102, "fields": {"first_name": "Amal", "last_name": "Kaduwela", "email": "amalpk19@ausdk12.org", "english_class": 41, "ihs_class": 32, "group": null}}, {"model": "group_manager.student", "pk": 207104, "fields": {"first_name": "Julian Florence", "last_name": "Villegas", "email": "julianev19@ausdk12.org", "english_class": 27, "ihs_class": 21, "group": null}}, {"model": "group_manager.student", "pk": 207329, "fields": {"first_name": "Azzaya", "last_name": "Munkhbat", "email": "azzayam19@ausdk12.org", "english_class": 41, "ihs_class": 38, "group": null}}, {"model": "group_manager.student", "pk": 207330, "fields": {"first_name": "Kunga", "last_name": "Divie", "email": "kungad19@ausdk12.org", "english_class": 35, "ihs_class": 31, "group": null}}, {"model": "group_manager.student", "pk": 207371, "fields": {"first_name": "Emily", "last_name": "Federspiel", "email": "emilyf19@ausdk12.org", "english_class": 29, "ihs_class": 33, "group": null}}, {"model": "group_manager.student", "pk": 207373, "fields": {"first_name": "Carlos", "last_name": "Palma", "email": "carlosp19@ausdk12.org", "english_class": 35, "ihs_class": 31, "group": null}}, {"model": "group_manager.student", "pk": 207377, "fields": {"first_name": "Yunfan", "last_name": "Zhong", "email": "yunfanz19@ausdk12.org", "english_class": 28, "ihs_class": 33, "group": null}}, {"model": "group_manager.student", "pk": 207917, "fields": {"first_name": "Abel", "last_name": "Amare", "email": "abela19@ausdk12.org", "english_class": 26, "ihs_class": 21, "group": null}}, {"model": "group_manager.student", "pk": 207918, "fields": {"first_name": "Miles", "last_name": "DeRosa", "email": "milesrd19@ausdk12.org", "english_class": 37, "ihs_class": 31, "group": null}}, {"model": "group_manager.student", "pk": 207920, "fields": {"first_name": "Irene", "last_name": "Ohshita", "email": "irenemo19@ausdk12.org", "english_class": 41, "ihs_class": 32, "group": null}}, {"model": "group_manager.student", "pk": 207955, "fields": {"first_name": "Sage", "last_name": "Sherman-Howell", "email": "sages19@ausdk12.org", "english_class": 41, "ihs_class": 33, "group": null}}, {"model": "group_manager.student", "pk": 1100230, "fields": {"first_name": "Camille", "last_name": "Lussier", "email": "clussier1488@att.net", "english_class": 41, "ihs_class": 38, "group": null}}, {"model": "group_manager.student", "pk": 1100231, "fields": {"first_name": "Shelby", "last_name": "McDonald", "email": "shelbywm19@ausdk12.org", "english_class": 29, "ihs_class": 33, "group": null}}, {"model": "group_manager.student", "pk": 1100236, "fields": {"first_name": "Jamaica", "last_name": "Kalika", "email": "jamaicakk19@ausdk12.org", "english_class": 41, "ihs_class": 33, "group": null}}, {"model": "group_manager.student", "pk": 1100244, "fields": {"first_name": "Lena", "last_name": "Owens Fiesel", "email": "lenaao19@ausdk12.org", "english_class": 34, "ihs_class": 23, "group": null}}, {"model": "group_manager.student", "pk": 1100247, "fields": {"first_name": "Uma", "last_name": "Owens Fiesel", "email": "umajo19@ausdk12.org", "english_class": 40, "ihs_class": 32, "group": null}}, {"model": "group_manager.student", "pk": 1100254, "fields": {"first_name": "Alvin", "last_name": "Holmes-Ung", "email": "alvinh19@ausdk12.org", "english_class": 40, "ihs_class": 39, "group": null}}, {"model": "group_manager.student", "pk": 1100258, "fields": {"first_name": "Li", "last_name": "Li", "email": "lil19@ausdk12.org", "english_class": null, "ihs_class": 30, "group": null}}, {"model": "group_manager.student", "pk": 1100260, "fields": {"first_name": "Elizabeth", "last_name": "McGuire", "email": "elizabethrm19@ausdk12.org", "english_class": 41, "ihs_class": 33, "group": null}}, {"model": "group_manager.student", "pk": 1100265, "fields": {"first_name": "Mabel", "last_name": "Thaden", "email": "mabelet19@ausdk12.org", "english_class": 40, "ihs_class": 39, "group": null}}, {"model": "group_manager.student", "pk": 1100272, "fields": {"first_name": "Milo", "last_name": "Kasparek", "email": "milotk19@ausdk12.org", "english_class": 37, "ihs_class": 23, "group": null}}, {"model": "group_manager.student", "pk": 1100274, "fields": {"first_name": "Avri", "last_name": "Finch", "email": "avrif19@ausdk12.org", "english_class": 37, "ihs_class": 30, "group": null}}, {"model": "group_manager.student", "pk": 1100284, "fields": {"first_name": "Dante", "last_name": "Finley", "email": "dantef19@ausdk12.org", "english_class": 25, "ihs_class": 19, "group": null}}, {"model": "group_manager.student", "pk": 1100285, "fields": {"first_name": "Guadalupe", "last_name": "Wright", "email": "guadalupecw19@ausdk12.org", "english_class": 27, "ihs_class": 19, "group": null}}, {"model": "group_manager.student", "pk": 1100286, "fields": {"first_name": "Isabel", "last_name": "Bustamante", "email": "isabelab19@ausdk12.org", "english_class": 40, "ihs_class": 33, "group": null}}, {"model": "group_manager.student", "pk": 1100288, "fields": {"first_name": "Jacqueline", "last_name": "Gonzales", "email": "jacquelineg19@ausdk12.org", "english_class": 37, "ihs_class": 30, "group": null}}, {"model": "group_manager.student", "pk": 1100289, "fields": {"first_name": "Maria", "last_name": "Almeida Caballero", "email": "mariasa19@ausdk12.org", "english_class": 28, "ihs_class": 32, "group": null}}, {"model": "group_manager.student", "pk": 1100290, "fields": {"first_name": "Nicholas", "last_name": "Stiehm", "email": "nicholases19@ausdk12.org", "english_class": 40, "ihs_class": 38, "group": null}}, {"model": "group_manager.student", "pk": 1100292, "fields": {"first_name": "Asia", "last_name": "Brantley", "email": "asiamb19@ausdk12.org", "english_class": 24, "ihs_class": 21, "group": 19}}, {"model": "group_manager.student", "pk": 1100293, "fields": {"first_name": "Gianni", "last_name": "Galaviz", "email": "giannipg19@ausdk12.org", "english_class": 40, "ihs_class": 39, "group": null}}, {"model": "group_manager.student", "pk": 1100294, "fields": {"first_name": "Aidan", "last_name": "McRoberts", "email": "aidanjm19@ausdk12.org", "english_class": 29, "ihs_class": 38, "group": null}}, {"model": "group_manager.student", "pk": 1100298, "fields": {"first_name": "Samantha", "last_name": "Smithies", "email": "samanthas19@ausdk12.org", "english_class": 29, "ihs_class": 32, "group": null}}, {"model": "group_manager.student", "pk": 1100312, "fields": {"first_name": "Spencer", "last_name": "Hampton", "email": "spencerah19@ausdk12.org", "english_class": 25, "ihs_class": 19, "group": null}}, {"model": "group_manager.student", "pk": 1100313, "fields": {"first_name": "Luanqian", "last_name": "Li", "email": "luanqianl19@ausdk12.org", "english_class": 25, "ihs_class": 23, "group": null}}, {"model": "group_manager.student", "pk": 1100314, "fields": {"first_name": "Maya", "last_name": "Tarano", "email": "mayart19@ausdk12.org", "english_class": 25, "ihs_class": 20, "group": null}}, {"model": "group_manager.student", "pk": 1100316, "fields": {"first_name": "Ryan", "last_name": "Petersen", "email": "ryansp19@ausdk12.org", "english_class": 34, "ihs_class": 31, "group": null}}, {"model": "group_manager.student", "pk": 1100317, "fields": {"first_name": "Jordan", "last_name": "White", "email": "jordanaw19@ausdk12.org", "english_class": 29, "ihs_class": 39, "group": null}}, {"model": "group_manager.student", "pk": 1100318, "fields": {"first_name": "Suzanne", "last_name": "Nalle", "email": "suzannesn19@ausdk12.org", "english_class": 27, "ihs_class": 22, "group": null}}, {"model": "group_manager.student", "pk": 1100320, "fields": {"first_name": "Shiden", "last_name": "Gebremichael", "email": "shidenmg19@ausdk12.org", "english_class": 26, "ihs_class": 19, "group": null}}, {"model": "group_manager.student", "pk": 1100322, "fields": {"first_name": "Grace", "last_name": "Murphy", "email": "gracem19@ausdk12.org", "english_class": 26, "ihs_class": 22, "group": null}}, {"model": "group_manager.student", "pk": 1100323, "fields": {"first_name": "Matthew", "last_name": "Murphy", "email": "matthewm19@ausdk12.org", "english_class": 29, "ihs_class": 39, "group": null}}, {"model": "group_manager.student", "pk": 1100325, "fields": {"first_name": "Tara", "last_name": "Gyaltsen", "email": "tarakg19@ausdk12.org", "english_class": 26, "ihs_class": 22, "group": null}}, {"model": "group_manager.student", "pk": 1100331, "fields": {"first_name": "Elizabeth", "last_name": "Scalice", "email": "elizabethys19@ausdk12.org", "english_class": 27, "ihs_class": 21, "group": null}}, {"model": "group_manager.student", "pk": 1100332, "fields": {"first_name": "Amaya", "last_name": "Lucas", "email": "amayaml19@ausdk12.org", "english_class": 37, "ihs_class": 31, "group": null}}, {"model": "group_manager.student", "pk": 1100340, "fields": {"first_name": "Madelyn", "last_name": "Larkins", "email": "madelynjl19@ausdk12.org", "english_class": 40, "ihs_class": 39, "group": null}}, {"model": "group_manager.student", "pk": 1100346, "fields": {"first_name": "Shavase", "last_name": "Shine", "email": "shavasegs19@ausdk12.org", "english_class": 29, "ihs_class": 32, "group": null}}, {"model": "group_manager.student", "pk": 1100356, "fields": {"first_name": "Daniel", "last_name": "Pinnelli", "email": "danieljp19@ausdk12.org", "english_class": null, "ihs_class": 19, "group": null}}, {"model": "group_manager.student", "pk": 1100366, "fields": {"first_name": "Sarah", "last_name": "Hoke", "email": "sarahjh19@ausdk12.org", "english_class": 35, "ihs_class": 31, "group": null}}, {"model": "group_manager.student", "pk": 1100367, "fields": {"first_name": "Maria-Sophia", "last_name": "Fedyk", "email": "mariasophiaf19@ausdk12.org", "english_class": 29, "ihs_class": 32, "group": null}}, {"model": "group_manager.student", "pk": 1100372, "fields": {"first_name": "Richard", "last_name": "Jimenez", "email": "richardj19@ausdk12.org", "english_class": 25, "ihs_class": 19, "group": null}}, {"model": "group_manager.student", "pk": 1100377, "fields": {"first_name": "Brayam", "last_name": "Peralta", "email": "brayamap19@ausdk12.org", "english_class": 29, "ihs_class": 39, "group": null}}, {"model": "group_manager.student", "pk": 1100384, "fields": {"first_name": "Sequoia", "last_name": "Boubion-McKay", "email": "sequoiaob19@ausdk12.org", "english_class": 41, "ihs_class": 33, "group": null}}, {"model": "group_manager.student", "pk": 1100394, "fields": {"first_name": "Eric", "last_name": "Belmont", "email": "ericmb19@ausdk12.org", "english_class": null, "ihs_class": 22, "group": null}}, {"model": "group_manager.student", "pk": 1100396, "fields": {"first_name": "Coriell", "last_name": "Alexander", "email": "coriellla19@ausdk12.org", "english_class": 28, "ihs_class": 39, "group": null}}, {"model": "group_manager.student", "pk": 1100415, "fields": {"first_name": "Ely", "last_name": "Jrade", "email": "elybj19@ausdk12.org", "english_class": 36, "ihs_class": 31, "group": null}}, {"model": "group_manager.student", "pk": 1100430, "fields": {"first_name": "Noel", "last_name": "Kyle", "email": "noelkk19@ausdk12.org", "english_class": 28, "ihs_class": 32, "group": null}}, {"model": "group_manager.student", "pk": 1100435, "fields": {"first_name": "Fan", "last_name": "Xia", "email": "fanx19@ausdk12.org", "english_class": 29, "ihs_class": 33, "group": null}}, {"model": "group_manager.student", "pk": 1100438, "fields": {"first_name": "Serena", "last_name": "Ingalls", "email": "serenami19@ausdk12.org", "english_class": 41, "ihs_class": 32, "group": null}}, {"model": "group_manager.student", "pk": 1100441, "fields": {"first_name": "Milo", "last_name": "Siegmann-Watson", "email": "miloss19@ausdk12.org", "english_class": 24, "ihs_class": 21, "group": null}}, {"model": "group_manager.student", "pk": 1100446, "fields": {"first_name": "Moka", "last_name": "Gagnon", "email": "mokaag19@ausdk12.org", "english_class": 29, "ihs_class": 39, "group": null}}, {"model": "group_manager.student", "pk": 1100447, "fields": {"first_name": "Joaquin", "last_name": "Jarman", "email": "joaquinlj19@ausdk12.org", "english_class": 25, "ihs_class": 19, "group": null}}, {"model": "group_manager.student", "pk": 1100453, "fields": {"first_name": "Kolomona Ryan", "last_name": "Irvine", "email": "kolomonami19@ausdk12.org", "english_class": 35, "ihs_class": 23, "group": null}}, {"model": "group_manager.student", "pk": 1100467, "fields": {"first_name": "Kirby", "last_name": "Faine", "email": "kirbypf19@ausdk12.org", "english_class": 27, "ihs_class": 19, "group": null}}, {"model": "group_manager.student", "pk": 1100471, "fields": {"first_name": "Aidan", "last_name": "Rogers", "email": "aidannr19@ausdk12.org", "english_class": 28, "ihs_class": 38, "group": null}}, {"model": "group_manager.student", "pk": 1100476, "fields": {"first_name": "Yusuf", "last_name": "Jandali", "email": "yusufzj19@ausdk12.org", "english_class": 41, "ihs_class": 32, "group": null}}, {"model": "group_manager.student", "pk": 1100477, "fields": {"first_name": "Lucas", "last_name": "Jackson-Daley", "email": "lucasj19@ausdk12.org", "english_class": null, "ihs_class": 32, "group": null}}, {"model": "group_manager.student", "pk": 1100483, "fields": {"first_name": "Raquel", "last_name": "Ramirez", "email": "raqueler19@ausdk12.org", "english_class": 25, "ihs_class": 20, "group": null}}, {"model": "group_manager.student", "pk": 1100485, "fields": {"first_name": "Lungile", "last_name": "Nyoni", "email": "lungilenn19@ausdk12.org", "english_class": 41, "ihs_class": 38, "group": null}}, {"model": "group_manager.student", "pk": 1100486, "fields": {"first_name": "Tenzin", "last_name": "Yangdon", "email": "tenziny19@ausdk12.org", "english_class": 41, "ihs_class": 39, "group": null}}, {"model": "group_manager.student", "pk": 1100487, "fields": {"first_name": "Angel", "last_name": "Simental", "email": "angels19@ausdk12.org", "english_class": 29, "ihs_class": 38, "group": null}}, {"model": "group_manager.student", "pk": 1100498, "fields": {"first_name": "Quinn", "last_name": "Hufler", "email": "quinnh19@ausdk12.org", "english_class": 25, "ihs_class": 22, "group": null}}, {"model": "group_manager.student", "pk": 1100510, "fields": {"first_name": "Batchuluun", "last_name": "Battulga", "email": "Bojuulaa@gmail.com", "english_class": 35, "ihs_class": 19, "group": null}}, {"model": "group_manager.student", "pk": 3100014, "fields": {"first_name": "Christopher", "last_name": "Mowdy", "email": "christophermm19@ausdk12.org", "english_class": 41, "ihs_class": 32, "group": null}}, {"model": "group_manager.student", "pk": 3100023, "fields": {"first_name": "Logan", "last_name": "Taylor", "email": "loganjt19@ausdk12.org", "english_class": 41, "ihs_class": 39, "group": null}}, {"model": "group_manager.student", "pk": 3100077, "fields": {"first_name": "Kailani", "last_name": "Kwan-Sy", "email": "kailanibk19@ausdk12.org", "english_class": 25, "ihs_class": 19, "group": null}}, {"model": "group_manager.student", "pk": 3100179, "fields": {"first_name": "Nyah", "last_name": "Guerrero", "email": "nyahg19@ausdk12.org", "english_class": 35, "ihs_class": 23, "group": null}}, {"model": "group_manager.student", "pk": 3100180, "fields": {"first_name": "Tara", "last_name": "Robey", "email": "taraer19@ausdk12.org", "english_class": 25, "ihs_class": 22, "group": null}}, {"model": "group_manager.student", "pk": 3100186, "fields": {"first_name": "Joshua", "last_name": "Sloan", "email": "joshuacs19@ausdk12.org", "english_class": 26, "ihs_class": 19, "group": null}}, {"model": "group_manager.student", "pk": 4100005, "fields": {"first_name": "Daniel", "last_name": "Henriquez", "email": "danieleh19@ausdk12.org", "english_class": 27, "ihs_class": 19, "group": null}}, {"model": "group_manager.student", "pk": 4100024, "fields": {"first_name": "Angela", "last_name": "Hong", "email": "angelah19@ausdk12.org", "english_class": 37, "ihs_class": 23, "group": null}}, {"model": "group_manager.student", "pk": 4100025, "fields": {"first_name": "Roshan", "last_name": "Pandey", "email": "roshanp19@ausdk12.org", "english_class": 34, "ihs_class": 31, "group": null}}, {"model": "group_manager.student", "pk": 4100029, "fields": {"first_name": "Jalen", "last_name": "Palega", "email": "jalenp19@ausdk12.org", "english_class": 26, "ihs_class": 21, "group": null}}, {"model": "group_manager.student", "pk": 4100141, "fields": {"first_name": "John", "last_name": "Monk", "email": "johndm19@ausdk12.org", "english_class": 36, "ihs_class": 31, "group": null}}, {"model": "group_manager.student", "pk": 4100151, "fields": {"first_name": "Georgia", "last_name": "Thomsen", "email": "georgiaet19@ausdk12.org", "english_class": 40, "ihs_class": 33, "group": null}}, {"model": "group_manager.student", "pk": 5100117, "fields": {"first_name": "Marcus", "last_name": "Kosma", "email": "marcusok19@ausdk12.org", "english_class": 34, "ihs_class": 23, "group": null}}, {"model": "group_manager.student", "pk": 5100166, "fields": {"first_name": "Devun Norberto", "last_name": "Amoranto", "email": "devunja19@ausdk12.org", "english_class": 36, "ihs_class": 31, "group": null}}, {"model": "group_manager.student", "pk": 5100253, "fields": {"first_name": "Jun Seo", "last_name": "Park", "email": "junp19@ausdk12.org", "english_class": 24, "ihs_class": 21, "group": null}}, {"model": "group_manager.student", "pk": 5100258, "fields": {"first_name": "Emilia", "last_name": "Sarikakis", "email": "emiliams19@ausdk12.org", "english_class": 40, "ihs_class": 39, "group": null}}, {"model": "group_manager.student", "pk": 5100268, "fields": {"first_name": "Henry", "last_name": "O'Connell", "email": "henryco19@ausdk12.org", "english_class": 27, "ihs_class": 21, "group": null}}, {"model": "group_manager.student", "pk": 5100341, "fields": {"first_name": "Netsannet", "last_name": "Jones", "email": "netsannetsj19@ausdk12.org", "english_class": 26, "ihs_class": 21, "group": null}}, {"model": "group_manager.student", "pk": 5100397, "fields": {"first_name": "Milo", "last_name": "Kearney", "email": "milok19@ausdk12.org", "english_class": 25, "ihs_class": 20, "group": null}}, {"model": "group_manager.student", "pk": 100100430, "fields": {"first_name": "Barry", "last_name": "Rodriguez", "email": "barryar19@ausdk12.org", "english_class": 37, "ihs_class": 23, "group": null}}, {"model": "group_manager.student", "pk": 100100432, "fields": {"first_name": "Jonathan", "last_name": "Torres Gutierrez", "email": "jonathanbt19@ausdk12.org", "english_class": 40, "ihs_class": 32, "group": null}}, {"model": "group_manager.student", "pk": 100100433, "fields": {"first_name": "Arnold", "last_name": "Torres", "email": "arnoldft19@ausdk12.org", "english_class": 35, "ihs_class": 31, "group": null}}, {"model": "group_manager.student", "pk": 100100434, "fields": {"first_name": "Daniel", "last_name": "Park", "email": "danielp19@ausdk12.org", "english_class": 24, "ihs_class": 22, "group": null}}, {"model": "group_manager.student", "pk": 100100437, "fields": {"first_name": "Zachary", "last_name": "Harkness", "email": "zacharywh19@ausdk12.org", "english_class": 27, "ihs_class": 19, "group": null}}, {"model": "group_manager.student", "pk": 100100438, "fields": {"first_name": "Leila", "last_name": "Massoudi", "email": "leilamm19@ausdk12.org", "english_class": 35, "ihs_class": 30, "group": null}}, {"model": "group_manager.student", "pk": 100100439, "fields": {"first_name": "Tyler", "last_name": "Rissmann", "email": "tylergr19@ausdk12.org", "english_class": 24, "ihs_class": 21, "group": null}}, {"model": "group_manager.student", "pk": 100100444, "fields": {"first_name": "Zheng", "last_name": "Tan", "email": "zhengbt19@ausdk12.org", "english_class": 34, "ihs_class": 31, "group": null}}, {"model": "group_manager.student", "pk": 100100446, "fields": {"first_name": "Hailie", "last_name": "Gillis", "email": "hailieg19@ausdk12.org", "english_class": 35, "ihs_class": 23, "group": null}}, {"model": "group_manager.student", "pk": 100100447, "fields": {"first_name": "Emma", "last_name": "Siecienski", "email": "emmams19@ausdk12.org", "english_class": 24, "ihs_class": 21, "group": null}}, {"model": "group_manager.student", "pk": 100100449, "fields": {"first_name": "Sebastian", "last_name": "Maaren", "email": "sebastianmm19@ausdk12.org", "english_class": 29, "ihs_class": 38, "group": null}}, {"model": "group_manager.student", "pk": 100100450, "fields": {"first_name": "Christina", "last_name": "Blake", "email": "christinalb18@ausdk12.org", "english_class": 36, "ihs_class": 30, "group": null}}, {"model": "group_manager.student", "pk": 100100453, "fields": {"first_name": "Mikaela", "last_name": "Stewart", "email": "mikaelaas19@ausdk12.org", "english_class": 24, "ihs_class": 20, "group": null}}, {"model": "group_manager.student", "pk": 100100456, "fields": {"first_name": "Richard", "last_name": "Polidori", "email": "richardp19@ausdk12.org", "english_class": 35, "ihs_class": 30, "group": null}}, {"model": "group_manager.student", "pk": 100100460, "fields": {"first_name": "James", "last_name": "Attree", "email": "jamesja19@ausdk12.org", "english_class": 25, "ihs_class": 19, "group": null}}, {"model": "group_manager.student", "pk": 100100461, "fields": {"first_name": "Jessica", "last_name": "Aguilar", "email": "jessicala19@ausdk12.org", "english_class": 26, "ihs_class": 19, "group": null}}, {"model": "group_manager.student", "pk": 100100462, "fields": {"first_name": "Adrian", "last_name": "Rodriguez", "email": "ajr26643@gmail.com", "english_class": 24, "ihs_class": 22, "group": null}}, {"model": "group_manager.student", "pk": 100100469, "fields": {"first_name": "Clara", "last_name": "Soares", "email": "claras19@ausdk12.org", "english_class": null, "ihs_class": 22, "group": null}}, {"model": "group_manager.student", "pk": 100100470, "fields": {"first_name": "Bassirou", "last_name": "Mbacke", "email": "bassiroujm19@ausdk12.org", "english_class": 40, "ihs_class": 39, "group": null}}, {"model": "group_manager.student", "pk": 100100472, "fields": {"first_name": "Amelia", "last_name": "Olip-Booth", "email": "ameliaro19@ausdk12.org", "english_class": 24, "ihs_class": 22, "group": null}}, {"model": "group_manager.student", "pk": 100100482, "fields": {"first_name": "Alfred", "last_name": "Gallardo", "email": "alfredag19@ausdk12.org", "english_class": null, "ihs_class": 22, "group": null}}, {"model": "group_manager.student", "pk": 100100483, "fields": {"first_name": "Julian", "last_name": "Bryant", "email": "juliancb19@ausdk12.org", "english_class": 36, "ihs_class": 30, "group": null}}, {"model": "group_manager.student", "pk": 300000002, "fields": {"first_name": "Edward", "last_name": "Mighetto", "email": "edwardlm19@ausdk12.org", "english_class": 36, "ihs_class": 30, "group": null}}, {"model": "group_manager.judge", "pk": 201965, "fields": {"first_name": "Katherine", "last_name": "Perdue", "email": "katherinegp17@ausdk12.org", "group": null}}, {"model": "group_manager.judge", "pk": 201988, "fields": {"first_name": "Andrew", "last_name": "Liu", "email": "andrewwl17@ausdk12.org", "group": null}}, {"model": "group_manager.judge", "pk": 202742, "fields": {"first_name": "Portia", "last_name": "Abbott", "email": "portiala17@ausdk12.org", "group": null}}, {"model": "group_manager.judge", "pk": 202743, "fields": {"first_name": "Jordan", "last_name": "Allen", "email": "jordanma17@ausdk12.org", "group": null}}, {"model": "group_manager.judge", "pk": 202823, "fields": {"first_name": "Drew", "last_name": "Baldwin", "email": "drewcb17@ausdk12.org", "group": null}}, {"model": "group_manager.judge", "pk": 202824, "fields": {"first_name": "Jonathan", "last_name": "Barnes", "email": "jonathanwb17@ausdk12.org", "group": null}}, {"model": "group_manager.judge", "pk": 202828, "fields": {"first_name": "Crew", "last_name": "Bittner", "email": "crewvb17@ausdk12.org", "group": null}}, {"model": "group_manager.judge", "pk": 202829, "fields": {"first_name": "Henry", "last_name": "Brusseau", "email": "henrymb17@ausdk12.org", "group": null}}, {"model": "group_manager.judge", "pk": 202831, "fields": {"first_name": "Julian", "last_name": "Burke", "email": "julianhb17@ausdk12.org", "group": null}}, {"model": "group_manager.judge", "pk": 202836, "fields": {"first_name": "Benjamin", "last_name": "Church", "email": "benjaminmc17@ausdk12.org", "group": null}}, {"model": "group_manager.judge", "pk": 202837, "fields": {"first_name": "Alexander", "last_name": "Cohen", "email": "alexanderhc17@ausdk12.org", "group": null}}, {"model": "group_manager.judge", "pk": 202838, "fields": {"first_name": "Noah", "last_name": "Cohen", "email": "noahsc17@ausdk12.org", "group": null}}, {"model": "group_manager.judge", "pk": 202840, "fields": {"first_name": "Eva", "last_name": "Collins", "email": "evarc17@ausdk12.org", "group": null}}, {"model": "group_manager.judge", "pk": 202841, "fields": {"first_name": "Jane", "last_name": "Collins", "email": "janewc17@ausdk12.org", "group": null}}, {"model": "group_manager.judge", "pk": 202844, "fields": {"first_name": "Dexter", "last_name": "Cotton", "email": "dexterqc17@ausdk12.org", "group": null}}, {"model": "group_manager.judge", "pk": 202845, "fields": {"first_name": "Trey", "last_name": "Dao", "email": "treymd17@ausdk12.org", "group": null}}, {"model": "group_manager.judge", "pk": 202846, "fields": {"first_name": "Lucas", "last_name": "De Hart", "email": "lucascd17@ausdk12.org", "group": null}}, {"model": "group_manager.judge", "pk": 202880, "fields": {"first_name": "April", "last_name": "Elder-Ernst", "email": "aprilae17@ausdk12.org", "group": null}}, {"model": "group_manager.judge", "pk": 202881, "fields": {"first_name": "Angela", "last_name": "Feng", "email": "angelaf17@ausdk12.org", "group": null}}, {"model": "group_manager.judge", "pk": 202883, "fields": {"first_name": "Daniel", "last_name": "Fone", "email": "danieldf17@ausdk12.org", "group": null}}, {"model": "group_manager.judge", "pk": 202884, "fields": {"first_name": "Gabriel", "last_name": "Freed", "email": "gabrieltf17@ausdk12.org", "group": null}}, {"model": "group_manager.judge", "pk": 202886, "fields": {"first_name": "Christopher", "last_name": "Garcia", "email": "christopherag17@ausdk12.org", "group": null}}, {"model": "group_manager.judge", "pk": 202887, "fields": {"first_name": "Julia", "last_name": "Glasser", "email": "juliaag17@ausdk12.org", "group": null}}, {"model": "group_manager.judge", "pk": 202889, "fields": {"first_name": "Francis", "last_name": "Goess", "email": "franciskg17@ausdk12.org", "group": null}}, {"model": "group_manager.judge", "pk": 202892, "fields": {"first_name": "Michael", "last_name": "Haight", "email": "michaelth17@ausdk12.org", "group": null}}, {"model": "group_manager.judge", "pk": 202895, "fields": {"first_name": "Alexander", "last_name": "Hempel", "email": "alexanderdh17@ausdk12.org", "group": null}}, {"model": "group_manager.judge", "pk": 202898, "fields": {"first_name": "Lily", "last_name": "Hopwood", "email": "lilyih17@ausdk12.org", "group": null}}, {"model": "group_manager.judge", "pk": 202900, "fields": {"first_name": "Sophia", "last_name": "Howard", "email": "sophiaah17@ausdk12.org", "group": null}}, {"model": "group_manager.judge", "pk": 202902, "fields": {"first_name": "Richard", "last_name": "Gray", "email": "richardng17@ausdk12.org", "group": null}}, {"model": "group_manager.judge", "pk": 202903, "fields": {"first_name": "Wynter", "last_name": "Huntenburg", "email": "wynterrh17@ausdk12.org", "group": null}}, {"model": "group_manager.judge", "pk": 202904, "fields": {"first_name": "Julia", "last_name": "Greensfelder", "email": "juliabg17@ausdk12.org", "group": null}}, {"model": "group_manager.judge", "pk": 202905, "fields": {"first_name": "Jayson", "last_name": "Kamuri", "email": "jaysonnk17@ausdk12.org", "group": null}}, {"model": "group_manager.judge", "pk": 202906, "fields": {"first_name": "Kyra", "last_name": "Kawamoto", "email": "kyraak17@ausdk12.org", "group": null}}, {"model": "group_manager.judge", "pk": 202907, "fields": {"first_name": "Jessica", "last_name": "Kelly", "email": "jessicaek17@ausdk12.org", "group": null}}, {"model": "group_manager.judge", "pk": 202909, "fields": {"first_name": "Estine", "last_name": "Kim", "email": "estinek17@ausdk12.org", "group": null}}, {"model": "group_manager.judge", "pk": 202913, "fields": {"first_name": "Peggy", "last_name": "Yan", "email": "peggyky17@ausdk12.org", "group": null}}, {"model": "group_manager.judge", "pk": 202915, "fields": {"first_name": "Isabel", "last_name": "Lavrov", "email": "isabelml17@ausdk12.org", "group": null}}, {"model": "group_manager.judge", "pk": 202917, "fields": {"first_name": "Celia", "last_name": "Lee", "email": "celiajl17@ausdk12.org", "group": null}}, {"model": "group_manager.judge", "pk": 202920, "fields": {"first_name": "Riley", "last_name": "Lee", "email": "rileysl17@ausdk12.org", "group": null}}, {"model": "group_manager.judge", "pk": 202924, "fields": {"first_name": "Nikolas", "last_name": "Lopez", "email": "nikolasml17@ausdk12.org", "group": null}}, {"model": "group_manager.judge", "pk": 202928, "fields": {"first_name": "Prynce-Rahyeem", "last_name": "Martin", "email": "pryncerahyeemtm17@ausdk12.org", "group": null}}, {"model": "group_manager.judge", "pk": 202932, "fields": {"first_name": "Mariah", "last_name": "McKinney-Lerma", "email": "mariaham17@ausdk12.org", "group": null}}, {"model": "group_manager.judge", "pk": 202933, "fields": {"first_name": "Shaudia", "last_name": "McKissack", "email": "shaudialm17@ausdk12.org", "group": null}}, {"model": "group_manager.judge", "pk": 202937, "fields": {"first_name": "Conor", "last_name": "Norris", "email": "conorpn17@ausdk12.org", "group": null}}, {"model": "group_manager.judge", "pk": 202942, "fields": {"first_name": "Maya", "last_name": "Palioca", "email": "mayamp17@ausdk12.org", "group": null}}, {"model": "group_manager.judge", "pk": 202946, "fields": {"first_name": "Skylee", "last_name": "Morrison", "email": "skyleeam17@ausdk12.org", "group": null}}, {"model": "group_manager.judge", "pk": 202947, "fields": {"first_name": "Herschel", "last_name": "Portnoy", "email": "herschelmp17@ausdk12.org", "group": null}}, {"model": "group_manager.judge", "pk": 202951, "fields": {"first_name": "Mia", "last_name": "Rabin", "email": "miaar17@ausdk12.org", "group": null}}, {"model": "group_manager.judge", "pk": 202952, "fields": {"first_name": "Alison", "last_name": "Radkey", "email": "alisonmr17@ausdk12.org", "group": null}}, {"model": "group_manager.judge", "pk": 202956, "fields": {"first_name": "Nathaniel", "last_name": "Rhodes", "email": "nathanielar17@ausdk12.org", "group": null}}, {"model": "group_manager.judge", "pk": 202957, "fields": {"first_name": "Clare", "last_name": "Ritchie", "email": "claresr17@ausdk12.org", "group": null}}, {"model": "group_manager.judge", "pk": 202958, "fields": {"first_name": "Miranda", "last_name": "Robbeloth", "email": "mirandalr17@ausdk12.org", "group": null}}, {"model": "group_manager.judge", "pk": 202960, "fields": {"first_name": "Stacey", "last_name": "Rodriguez", "email": "staceyyr17@ausdk12.org", "group": null}}, {"model": "group_manager.judge", "pk": 202963, "fields": {"first_name": "Nicholas", "last_name": "Rynhoud", "email": "nicholasrr17@ausdk12.org", "group": null}}, {"model": "group_manager.judge", "pk": 202964, "fields": {"first_name": "Adina", "last_name": "Saaf", "email": "adinals17@ausdk12.org", "group": null}}, {"model": "group_manager.judge", "pk": 202965, "fields": {"first_name": "Nathaniel", "last_name": "Sanders", "email": "nathanielrs17@ausdk12.org", "group": null}}, {"model": "group_manager.judge", "pk": 202966, "fields": {"first_name": "Jonathan", "last_name": "Shan", "email": "jonathans17@ausdk12.org", "group": null}}, {"model": "group_manager.judge", "pk": 202968, "fields": {"first_name": "Quentin", "last_name": "Shelton", "email": "quentinas17@ausdk12.org", "group": null}}, {"model": "group_manager.judge", "pk": 202969, "fields": {"first_name": "Abegail", "last_name": "Shores", "email": "abegailos17@ausdk12.org", "group": null}}, {"model": "group_manager.judge", "pk": 202970, "fields": {"first_name": "Cody", "last_name": "Sim", "email": "codyss17@ausdk12.org", "group": null}}, {"model": "group_manager.judge", "pk": 202971, "fields": {"first_name": "Lyle", "last_name": "Simmons", "email": "lyleps17@ausdk12.org", "group": null}}, {"model": "group_manager.judge", "pk": 202975, "fields": {"first_name": "Alan", "last_name": "Liang", "email": "alanyl17@ausdk12.org", "group": null}}, {"model": "group_manager.judge", "pk": 202976, "fields": {"first_name": "Brian", "last_name": "Liang", "email": "brianyl17@ausdk12.org", "group": null}}, {"model": "group_manager.judge", "pk": 202979, "fields": {"first_name": "Graeme", "last_name": "Norris", "email": "graemepn17@ausdk12.org", "group": null}}, {"model": "group_manager.judge", "pk": 202981, "fields": {"first_name": "Icyss", "last_name": "Olivas", "email": "icyssmo17@ausdk12.org", "group": null}}, {"model": "group_manager.judge", "pk": 202983, "fields": {"first_name": "Alexis", "last_name": "Ballman", "email": "alexistb17@ausdk12.org", "group": null}}, {"model": "group_manager.judge", "pk": 202984, "fields": {"first_name": "Eva", "last_name": "Juengling Bean", "email": "evajj17@ausdk12.org", "group": null}}, {"model": "group_manager.judge", "pk": 202985, "fields": {"first_name": "Will", "last_name": "Burkett", "email": "willgb17@ausdk12.org", "group": null}}, {"model": "group_manager.judge", "pk": 202988, "fields": {"first_name": "Cory", "last_name": "Sterner", "email": "coryds17@ausdk12.org", "group": null}}, {"model": "group_manager.judge", "pk": 202993, "fields": {"first_name": "Lucia", "last_name": "Curran", "email": "luciamc17@ausdk12.org", "group": null}}, {"model": "group_manager.judge", "pk": 202996, "fields": {"first_name": "Isabella", "last_name": "Tangherlini", "email": "isabellat17@ausdk12.org", "group": null}}, {"model": "group_manager.judge", "pk": 202997, "fields": {"first_name": "Lucie", "last_name": "Frauenfelder", "email": "luciebf17@ausdk12.org", "group": null}}, {"model": "group_manager.judge", "pk": 202998, "fields": {"first_name": "Benedict", "last_name": "Tannady", "email": "benedictt17@ausdk12.org", "group": null}}, {"model": "group_manager.judge", "pk": 202999, "fields": {"first_name": "Haoyi", "last_name": "Tian", "email": "haoyit17@ausdk12.org", "group": null}}, {"model": "group_manager.judge", "pk": 203000, "fields": {"first_name": "Henry", "last_name": "Thomas", "email": "henrynt17@ausdk12.org", "group": null}}, {"model": "group_manager.judge", "pk": 203001, "fields": {"first_name": "Oona", "last_name": "Frauenfelder", "email": "oonalf17@ausdk12.org", "group": null}}, {"model": "group_manager.judge", "pk": 203002, "fields": {"first_name": "Kristie", "last_name": "Chen", "email": "kristiec17@ausdk12.org", "group": null}}, {"model": "group_manager.judge", "pk": 203003, "fields": {"first_name": "Eileen", "last_name": "Tran", "email": "eileenht17@ausdk12.org", "group": null}}, {"model": "group_manager.judge", "pk": 203004, "fields": {"first_name": "Claire", "last_name": "Chuang", "email": "clairecc17@ausdk12.org", "group": null}}, {"model": "group_manager.judge", "pk": 203007, "fields": {"first_name": "Raiden", "last_name": "Van Bronkhorst", "email": "raidenwv17@ausdk12.org", "group": null}}, {"model": "group_manager.judge", "pk": 203008, "fields": {"first_name": "Margaret", "last_name": "Flanagan", "email": "margaretjf17@ausdk12.org", "group": null}}, {"model": "group_manager.judge", "pk": 203009, "fields": {"first_name": "Ryan", "last_name": "Higley", "email": "ryannh17@ausdk12.org", "group": null}}, {"model": "group_manager.judge", "pk": 203010, "fields": {"first_name": "Samuel", "last_name": "Walden", "email": "samueltw17@ausdk12.org", "group": null}}, {"model": "group_manager.judge", "pk": 203011, "fields": {"first_name": "Sean", "last_name": "Higley", "email": "seannh17@ausdk12.org", "group": null}}, {"model": "group_manager.judge", "pk": 203013, "fields": {"first_name": "Erik", "last_name": "Hsu-Storaker", "email": "eriklh17@ausdk12.org", "group": null}}, {"model": "group_manager.judge", "pk": 203016, "fields": {"first_name": "Nicholas", "last_name": "Wood", "email": "nicholaspw17@ausdk12.org", "group": null}}, {"model": "group_manager.judge", "pk": 203019, "fields": {"first_name": "Jenny", "last_name": "Li", "email": "jennyl17@ausdk12.org", "group": null}}, {"model": "group_manager.judge", "pk": 203020, "fields": {"first_name": "Isaac", "last_name": "Martin-Beer", "email": "isaacjm17@ausdk12.org", "group": null}}, {"model": "group_manager.judge", "pk": 203021, "fields": {"first_name": "Nathan", "last_name": "Xu", "email": "nathanbx17@ausdk12.org", "group": null}}, {"model": "group_manager.judge", "pk": 203023, "fields": {"first_name": "Trishna", "last_name": "Patkar-Banerjee", "email": "trishnap17@ausdk12.org", "group": null}}, {"model": "group_manager.judge", "pk": 203029, "fields": {"first_name": "Weidi", "last_name": "Zhang", "email": "weidiz17@ausdk12.org", "group": null}}, {"model": "group_manager.judge", "pk": 203033, "fields": {"first_name": "Andrew", "last_name": "Zhang", "email": "andrewaz17@ausdk12.org", "group": null}}, {"model": "group_manager.judge", "pk": 203036, "fields": {"first_name": "Talia", "last_name": "Weston", "email": "taliamw17@ausdk12.org", "group": null}}, {"model": "group_manager.judge", "pk": 203039, "fields": {"first_name": "Giacomo", "last_name": "Prioreschi", "email": "giacomomp17@ausdk12.org", "group": null}}, {"model": "group_manager.judge", "pk": 203044, "fields": {"first_name": "Luke", "last_name": "Ernst", "email": "lukeee17@ausdk12.org", "group": null}}, {"model": "group_manager.judge", "pk": 203050, "fields": {"first_name": "Michael", "last_name": "Javier", "email": "michaeljj17@ausdk12.org", "group": null}}, {"model": "group_manager.judge", "pk": 203096, "fields": {"first_name": "Darren", "last_name": "Leung", "email": "darrenl17@ausdk12.org", "group": null}}, {"model": "group_manager.judge", "pk": 203097, "fields": {"first_name": "Myles", "last_name": "Halpern", "email": "mylesah17@ausdk12.org", "group": null}}, {"model": "group_manager.judge", "pk": 203098, "fields": {"first_name": "Cody", "last_name": "Rapella", "email": "codyjr17@ausdk12.org", "group": null}}, {"model": "group_manager.judge", "pk": 203099, "fields": {"first_name": "Anastazia", "last_name": "Paiz", "email": "anastaziamp17@ausdk12.org", "group": null}}, {"model": "group_manager.judge", "pk": 203100, "fields": {"first_name": "Willis", "last_name": "Cao", "email": "willisfc17@ausdk12.org", "group": null}}, {"model": "group_manager.judge", "pk": 203101, "fields": {"first_name": "Briahna", "last_name": "Jackson", "email": "briahnacj17@ausdk12.org", "group": null}}, {"model": "group_manager.judge", "pk": 203102, "fields": {"first_name": "Nikas", "last_name": "Mermer", "email": "nikasnm17@ausdk12.org", "group": null}}, {"model": "group_manager.judge", "pk": 203103, "fields": {"first_name": "Delilah", "last_name": "Ralston", "email": "delilahr17@ausdk12.org", "group": null}}, {"model": "group_manager.judge", "pk": 203104, "fields": {"first_name": "Shannon", "last_name": "Choi", "email": "shannonjc17@ausdk12.org", "group": null}}, {"model": "group_manager.judge", "pk": 203105, "fields": {"first_name": "Michael", "last_name": "Endo", "email": "michaelme17@ausdk12.org", "group": null}}, {"model": "group_manager.judge", "pk": 203107, "fields": {"first_name": "Brian", "last_name": "Citragno", "email": "brianvc17@ausdk12.org", "group": null}}, {"model": "group_manager.judge", "pk": 203108, "fields": {"first_name": "Bryan", "last_name": "Mendes", "email": "bryandm17@ausdk12.org", "group": null}}, {"model": "group_manager.judge", "pk": 203109, "fields": {"first_name": "Micaella", "last_name": "Mosqueda", "email": "micaellatm17@ausdk12.org", "group": null}}, {"model": "group_manager.judge", "pk": 203110, "fields": {"first_name": "Gabriel", "last_name": "DaSilva", "email": "gabrielmd17@ausdk12.org", "group": null}}, {"model": "group_manager.judge", "pk": 203111, "fields": {"first_name": "Lucia", "last_name": "Escoto", "email": "luciane17@ausdk12.org", "group": null}}, {"model": "group_manager.judge", "pk": 203115, "fields": {"first_name": "Summer", "last_name": "Vodnoy", "email": "summerlv17@ausdk12.org", "group": null}}, {"model": "group_manager.judge", "pk": 203116, "fields": {"first_name": "Clarissa", "last_name": "McNally", "email": "clarissarm17@ausdk12.org", "group": null}}, {"model": "group_manager.judge", "pk": 203117, "fields": {"first_name": "Remy", "last_name": "Supar", "email": "remyls17@ausdk12.org", "group": null}}, {"model": "group_manager.judge", "pk": 203118, "fields": {"first_name": "Sophia", "last_name": "Supar", "email": "sophiams17@ausdk12.org", "group": null}}, {"model": "group_manager.judge", "pk": 203119, "fields": {"first_name": "Elle", "last_name": "Jackson", "email": "ellehj17@ausdk12.org", "group": null}}, {"model": "group_manager.judge", "pk": 203120, "fields": {"first_name": "Kaeden", "last_name": "Wemmer", "email": "kaedenmw17@ausdk12.org", "group": null}}, {"model": "group_manager.judge", "pk": 203124, "fields": {"first_name": "Brian", "last_name": "Pennington-Kent", "email": "brianp17@ausdk12.org", "group": null}}, {"model": "group_manager.judge", "pk": 203125, "fields": {"first_name": "Kevin", "last_name": "Zhang", "email": "kevinsz17@ausdk12.org", "group": null}}, {"model": "group_manager.judge", "pk": 203176, "fields": {"first_name": "Bryan", "last_name": "Tran", "email": "bryant17@ausdk12.org", "group": null}}, {"model": "group_manager.judge", "pk": 203178, "fields": {"first_name": "Manyi", "last_name": "Leung", "email": "manyil17@ausdk12.org", "group": null}}, {"model": "group_manager.judge", "pk": 203233, "fields": {"first_name": "Michael", "last_name": "Than", "email": "michaelyt17@ausdk12.org", "group": null}}, {"model": "group_manager.judge", "pk": 203247, "fields": {"first_name": "Ivan", "last_name": "Juarez", "email": "ivanj17@ausdk12.org", "group": null}}, {"model": "group_manager.judge", "pk": 203337, "fields": {"first_name": "Jared", "last_name": "Ferguson", "email": "jaredrf17@ausdk12.org", "group": null}}, {"model": "group_manager.judge", "pk": 203349, "fields": {"first_name": "Grace", "last_name": "Patterson", "email": "gracecp17@ausdk12.org", "group": null}}, {"model": "group_manager.judge", "pk": 203351, "fields": {"first_name": "Loma", "last_name": "Kim-Mann", "email": "lomask17@ausdk12.org", "group": null}}, {"model": "group_manager.judge", "pk": 203378, "fields": {"first_name": "Dylan", "last_name": "Ransley", "email": "dylansr17@ausdk12.org", "group": null}}, {"model": "group_manager.judge", "pk": 203386, "fields": {"first_name": "Emily", "last_name": "Ho", "email": "emilyh17@ausdk12.org", "group": null}}, {"model": "group_manager.judge", "pk": 203387, "fields": {"first_name": "Stephanie", "last_name": "Wu", "email": "stephaniepw17@ausdk12.org", "group": null}}, {"model": "group_manager.judge", "pk": 203392, "fields": {"first_name": "Tallulah", "last_name": "Lebowitz", "email": "tallulahrl17@ausdk12.org", "group": null}}, {"model": "group_manager.judge", "pk": 203398, "fields": {"first_name": "Alexander", "last_name": "Rahman", "email": "alexandersr17@ausdk12.org", "group": null}}, {"model": "group_manager.judge", "pk": 203458, "fields": {"first_name": "Scott", "last_name": "Fong", "email": "scottf17@ausdk12.org", "group": null}}, {"model": "group_manager.judge", "pk": 203539, "fields": {"first_name": "Enhsaruul", "last_name": "Zorigt", "email": "enhsaruulsz17@ausdk12.org", "group": null}}, {"model": "group_manager.judge", "pk": 203579, "fields": {"first_name": "Emita", "last_name": "Amatya", "email": "emitaa17@ausdk12.org", "group": null}}, {"model": "group_manager.judge", "pk": 203595, "fields": {"first_name": "Joshua", "last_name": "Solomon-Culp", "email": "joshuals17@ausdk12.org", "group": null}}, {"model": "group_manager.judge", "pk": 203683, "fields": {"first_name": "Michael", "last_name": "Wang", "email": "michaeljw17@ausdk12.org", "group": null}}, {"model": "group_manager.judge", "pk": 203796, "fields": {"first_name": "Karin", "last_name": "Pal", "email": "karinp17@ausdk12.org", "group": null}}, {"model": "group_manager.judge", "pk": 203799, "fields": {"first_name": "Alejandra", "last_name": "Aguilar", "email": "alejandraga17@ausdk12.org", "group": null}}, {"model": "group_manager.judge", "pk": 203800, "fields": {"first_name": "Isabel", "last_name": "Aguilar", "email": "isabelma17@ausdk12.org", "group": null}}, {"model": "group_manager.judge", "pk": 203801, "fields": {"first_name": "Elizabeth", "last_name": "Storrs", "email": "elizabethas17@ausdk12.org", "group": null}}, {"model": "group_manager.judge", "pk": 203802, "fields": {"first_name": "Lewis", "last_name": "Pietropaoli", "email": "lewisjp17@ausdk12.org", "group": null}}, {"model": "group_manager.judge", "pk": 203803, "fields": {"first_name": "Julia", "last_name": "Panian", "email": "juliaap17@ausdk12.org", "group": null}}, {"model": "group_manager.judge", "pk": 203805, "fields": {"first_name": "Mehra", "last_name": "Osterholt", "email": "mehrao17@ausdk12.org", "group": null}}, {"model": "group_manager.judge", "pk": 203863, "fields": {"first_name": "Gabriel", "last_name": "Walden", "email": "gabrieldw17@ausdk12.org", "group": null}}, {"model": "group_manager.judge", "pk": 203864, "fields": {"first_name": "Kenton", "last_name": "Yee", "email": "kentonay17@ausdk12.org", "group": null}}, {"model": "group_manager.judge", "pk": 203866, "fields": {"first_name": "Herman", "last_name": "Wu", "email": "hermanw17@ausdk12.org", "group": null}}, {"model": "group_manager.judge", "pk": 203943, "fields": {"first_name": "Ratu", "last_name": "Maulana", "email": "ratumm17@ausdk12.org", "group": null}}, {"model": "group_manager.judge", "pk": 204054, "fields": {"first_name": "Nicholas", "last_name": "Olmos", "email": "nicholasao17@ausdk12.org", "group": null}}, {"model": "group_manager.judge", "pk": 204128, "fields": {"first_name": "Amuunaa", "last_name": "Zulkhuu", "email": "amuunaaz17@ausdk12.org", "group": null}}, {"model": "group_manager.judge", "pk": 204132, "fields": {"first_name": "Justin", "last_name": "Shen", "email": "justins17@ausdk12.org", "group": null}}, {"model": "group_manager.judge", "pk": 204194, "fields": {"first_name": "Wajiha", "last_name": "Zahid", "email": "wajihaz17@ausdk12.org", "group": null}}, {"model": "group_manager.judge", "pk": 204249, "fields": {"first_name": "Maria", "last_name": "Cortes", "email": "mariadc17@ausdk12.org", "group": null}}, {"model": "group_manager.judge", "pk": 204316, "fields": {"first_name": "Harry", "last_name": "Fricker", "email": "harrybf17@ausdk12.org", "group": null}}, {"model": "group_manager.judge", "pk": 204571, "fields": {"first_name": "Maria", "last_name": "Aguayo", "email": "mariafa17@ausdk12.org", "group": null}}, {"model": "group_manager.judge", "pk": 204573, "fields": {"first_name": "Nicholas", "last_name": "Scott", "email": "nicholasds17@ausdk12.org", "group": null}}, {"model": "group_manager.judge", "pk": 204574, "fields": {"first_name": "Eliana", "last_name": "Senturia", "email": "elianaxs17@ausdk12.org", "group": null}}, {"model": "group_manager.judge", "pk": 204576, "fields": {"first_name": "Simon", "last_name": "Zeiger", "email": "simonaz17@ausdk12.org", "group": null}}, {"model": "group_manager.judge", "pk": 204644, "fields": {"first_name": "Timothy", "last_name": "Li", "email": "timothyql17@ausdk12.org", "group": null}}, {"model": "group_manager.judge", "pk": 204717, "fields": {"first_name": "Olivia", "last_name": "Bensman", "email": "oliviab17@ausdk12.org", "group": null}}, {"model": "group_manager.judge", "pk": 204839, "fields": {"first_name": "Ellie", "last_name": "Roche", "email": "ellier17@ausdk12.org", "group": null}}, {"model": "group_manager.judge", "pk": 204844, "fields": {"first_name": "Jaime", "last_name": "Banegas", "email": "jaimeeb17@ausdk12.org", "group": null}}, {"model": "group_manager.judge", "pk": 204967, "fields": {"first_name": "Subeksha", "last_name": "Sharma", "email": "subekshas17@ausdk12.org", "group": null}}, {"model": "group_manager.judge", "pk": 205121, "fields": {"first_name": "Christopher", "last_name": "Miller", "email": "christopherlm17@ausdk12.org", "group": null}}, {"model": "group_manager.judge", "pk": 205305, "fields": {"first_name": "Niles", "last_name": "Shyu", "email": "nileshs17@ausdk12.org", "group": null}}, {"model": "group_manager.judge", "pk": 205358, "fields": {"first_name": "Kathryn", "last_name": "Cassin", "email": "kathrynec17@ausdk12.org", "group": null}}, {"model": "group_manager.judge", "pk": 205367, "fields": {"first_name": "Mirei", "last_name": "Machiyama", "email": "mireim17@ausdk12.org", "group": null}}, {"model": "group_manager.judge", "pk": 205444, "fields": {"first_name": "Tyler", "last_name": "Georgeson-Hartman", "email": "tylerrg17@ausdk12.org", "group": null}}, {"model": "group_manager.judge", "pk": 205571, "fields": {"first_name": "Jerome", "last_name": "Wei", "email": "jeromejw17@ausdk12.org", "group": null}}, {"model": "group_manager.judge", "pk": 205603, "fields": {"first_name": "Gonpo", "last_name": "Tashi", "email": "gonpot17@ausdk12.org", "group": null}}, {"model": "group_manager.judge", "pk": 205666, "fields": {"first_name": "Tanan", "last_name": "Javkhlantugs", "email": "tananj17@ausdk12.org", "group": null}}, {"model": "group_manager.judge", "pk": 205667, "fields": {"first_name": "William", "last_name": "Kim", "email": "williamck17@ausdk12.org", "group": null}}, {"model": "group_manager.judge", "pk": 205670, "fields": {"first_name": "Elliot", "last_name": "Skinner", "email": "elliotds17@ausdk12.org", "group": null}}, {"model": "group_manager.judge", "pk": 205778, "fields": {"first_name": "Jay", "last_name": "Parafina", "email": "jayrp17@ausdk12.org", "group": null}}, {"model": "group_manager.judge", "pk": 205793, "fields": {"first_name": "Gabriel", "last_name": "Cardozo", "email": "gabrieljc17@ausdk12.org", "group": null}}, {"model": "group_manager.judge", "pk": 205798, "fields": {"first_name": "Aaron", "last_name": "Brumels", "email": "aaronb17@ausdk12.org", "group": null}}, {"model": "group_manager.judge", "pk": 205853, "fields": {"first_name": "Christine", "last_name": "Wang", "email": "christinejw17@ausdk12.org", "group": null}}, {"model": "group_manager.judge", "pk": 205864, "fields": {"first_name": "Mitchell", "last_name": "Buchan", "email": "mitchelljb17@ausdk12.org", "group": null}}, {"model": "group_manager.judge", "pk": 205912, "fields": {"first_name": "Lin", "last_name": "Zhu", "email": "linz17@ausdk12.org", "group": null}}, {"model": "group_manager.judge", "pk": 206216, "fields": {"first_name": "Olivia", "last_name": "Keller", "email": "oliviapk17@ausdk12.org", "group": null}}, {"model": "group_manager.judge", "pk": 206219, "fields": {"first_name": "Lauren", "last_name": "Ray", "email": "laurengr17@ausdk12.org", "group": null}}, {"model": "group_manager.judge", "pk": 206290, "fields": {"first_name": "Aman", "last_name": "Shrestha", "email": "amanrs17@ausdk12.org", "group": null}}, {"model": "group_manager.judge", "pk": 206291, "fields": {"first_name": "Dasan", "last_name": "Milan", "email": "dasanm17@ausdk12.org", "group": null}}, {"model": "group_manager.judge", "pk": 206293, "fields": {"first_name": "Gwendolyn", "last_name": "Ooghe", "email": "gwendolynmo17@ausdk12.org", "group": null}}, {"model": "group_manager.judge", "pk": 206296, "fields": {"first_name": "Garrison", "last_name": "Pennington", "email": "garrisonp17@ausdk12.org", "group": null}}, {"model": "group_manager.judge", "pk": 206337, "fields": {"first_name": "Angel", "last_name": "Hancock", "email": "angelah17@ausdk12.org", "group": null}}, {"model": "group_manager.judge", "pk": 206388, "fields": {"first_name": "Lucas", "last_name": "Fraga", "email": "lucaskf17@ausdk12.org", "group": null}}, {"model": "group_manager.judge", "pk": 206446, "fields": {"first_name": "Amy", "last_name": "Dhakal", "email": "amyd17@ausdk12.org", "group": null}}, {"model": "group_manager.judge", "pk": 206641, "fields": {"first_name": "Julian", "last_name": "Ou", "email": "julianro17@ausdk12.org", "group": null}}, {"model": "group_manager.judge", "pk": 206653, "fields": {"first_name": "Aniv", "last_name": "Khawaunju", "email": "anivrk17@ausdk12.org", "group": null}}, {"model": "group_manager.judge", "pk": 207092, "fields": {"first_name": "Gagandeep", "last_name": "Thandi", "email": "gagandeepst17@ausdk12.org", "group": null}}, {"model": "group_manager.judge", "pk": 207093, "fields": {"first_name": "Harkaran", "last_name": "Sidhu", "email": "harkaranss17@ausdk12.org", "group": null}}, {"model": "group_manager.judge", "pk": 207095, "fields": {"first_name": "Peter", "last_name": "Gibbons", "email": "peterlg17@ausdk12.org", "group": null}}, {"model": "group_manager.judge", "pk": 207121, "fields": {"first_name": "Jonah", "last_name": "McClellan", "email": "jonahpm17@ausdk12.org", "group": null}}, {"model": "group_manager.judge", "pk": 207196, "fields": {"first_name": "Arayah", "last_name": "Fleming", "email": "arayahtf17@ausdk12.org", "group": null}}, {"model": "group_manager.judge", "pk": 207295, "fields": {"first_name": "Miriam", "last_name": "Simon", "email": "miriamrs17@ausdk12.org", "group": null}}, {"model": "group_manager.judge", "pk": 207335, "fields": {"first_name": "Emilie", "last_name": "Ivtchenko", "email": "emiliei17@ausdk12.org", "group": null}}, {"model": "group_manager.judge", "pk": 207370, "fields": {"first_name": "Sofia", "last_name": "Vanderlaan", "email": "sofiacv17@ausdk12.org", "group": null}}, {"model": "group_manager.judge", "pk": 207382, "fields": {"first_name": "Samaya", "last_name": "Hornsby", "email": "samayah17@ausdk12.org", "group": null}}, {"model": "group_manager.judge", "pk": 207389, "fields": {"first_name": "Timothy", "last_name": "Bernal", "email": "timothylb17@ausdk12.org", "group": null}}, {"model": "group_manager.judge", "pk": 207415, "fields": {"first_name": "Samuel", "last_name": "Noriega", "email": "samueln17@ausdk12.org", "group": null}}, {"model": "group_manager.judge", "pk": 207427, "fields": {"first_name": "Rebecca", "last_name": "Brown", "email": "rebeccamb17@ausdk12.org", "group": null}}, {"model": "group_manager.judge", "pk": 207457, "fields": {"first_name": "Ilay", "last_name": "Raz", "email": "ilayr17@ausdk12.org", "group": null}}, {"model": "group_manager.judge", "pk": 207530, "fields": {"first_name": "Sonam", "last_name": "Arya", "email": "sonamka17@ausdk12.org", "group": null}}, {"model": "group_manager.judge", "pk": 207549, "fields": {"first_name": "Tenzin", "last_name": "Khyentse", "email": "tenzink17@ausdk12.org", "group": null}}, {"model": "group_manager.judge", "pk": 207798, "fields": {"first_name": "Jerri", "last_name": "Bonnel", "email": "jerriab17@ausdk12.org", "group": null}}, {"model": "group_manager.judge", "pk": 207799, "fields": {"first_name": "Nicholas", "last_name": "Buoncristiani", "email": "nicholasmb17@ausdk12.org", "group": null}}, {"model": "group_manager.judge", "pk": 207802, "fields": {"first_name": "Sophia", "last_name": "Johnson", "email": "sophiacj17@ausdk12.org", "group": null}}, {"model": "group_manager.judge", "pk": 207804, "fields": {"first_name": "Jasmine", "last_name": "Khamenian", "email": "jasminek17@ausdk12.org", "group": null}}, {"model": "group_manager.judge", "pk": 207806, "fields": {"first_name": "Quynh", "last_name": "Tran", "email": "quynhnt17@ausdk12.org", "group": null}}, {"model": "group_manager.judge", "pk": 207807, "fields": {"first_name": "Jyoti", "last_name": "Tuladhar", "email": "jyotijt17@ausdk12.org", "group": null}}, {"model": "group_manager.judge", "pk": 1100001, "fields": {"first_name": "Oscar", "last_name": "Burke", "email": "oscarb17@ausdk12.org", "group": null}}, {"model": "group_manager.judge", "pk": 1100002, "fields": {"first_name": "Caleb", "last_name": "Candelaria", "email": "calebdc17@ausdk12.org", "group": null}}, {"model": "group_manager.judge", "pk": 1100006, "fields": {"first_name": "John", "last_name": "Friedman", "email": "johnf17@ausdk12.org", "group": null}}, {"model": "group_manager.judge", "pk": 1100007, "fields": {"first_name": "Jerry", "last_name": "Gaitan", "email": "jerryg17@ausdk12.org", "group": null}}, {"model": "group_manager.judge", "pk": 1100009, "fields": {"first_name": "Nestor", "last_name": "Jimenez", "email": "nestordj17@ausdk12.org", "group": null}}, {"model": "group_manager.judge", "pk": 1100011, "fields": {"first_name": "Margaret", "last_name": "McGuire", "email": "margaretcm17@ausdk12.org", "group": null}}, {"model": "group_manager.judge", "pk": 1100012, "fields": {"first_name": "Joanne", "last_name": "Pope", "email": "joannelp17@ausdk12.org", "group": null}}, {"model": "group_manager.judge", "pk": 1100013, "fields": {"first_name": "Georgina", "last_name": "Shirazi", "email": "georginacs17@ausdk12.org", "group": null}}, {"model": "group_manager.judge", "pk": 1100014, "fields": {"first_name": "Sarbjot", "last_name": "Singh", "email": "sarbjots17@ausdk12.org", "group": null}}, {"model": "group_manager.judge", "pk": 1100015, "fields": {"first_name": "Courtney", "last_name": "Tamaki", "email": "courtneymt17@ausdk12.org", "group": null}}, {"model": "group_manager.judge", "pk": 1100016, "fields": {"first_name": "Kyle", "last_name": "Taylor", "email": "kylejt17@ausdk12.org", "group": null}}, {"model": "group_manager.judge", "pk": 1100017, "fields": {"first_name": "Emet", "last_name": "Wofford", "email": "emetaw17@ausdk12.org", "group": null}}, {"model": "group_manager.judge", "pk": 1100047, "fields": {"first_name": "Nicholas", "last_name": "Wugofski", "email": "nicholasjw17@ausdk12.org", "group": null}}, {"model": "group_manager.judge", "pk": 1100048, "fields": {"first_name": "Gianna", "last_name": "Lavin", "email": "giannaml17@ausdk12.org", "group": null}}, {"model": "group_manager.judge", "pk": 1100055, "fields": {"first_name": "Eric", "last_name": "Mireri", "email": "ericpm17@ausdk12.org", "group": null}}, {"model": "group_manager.judge", "pk": 1100058, "fields": {"first_name": "Daniel", "last_name": "Padilla Mendoza", "email": "danielop17@ausdk12.org", "group": null}}, {"model": "group_manager.judge", "pk": 1100061, "fields": {"first_name": "Lauren", "last_name": "Chu", "email": "laurenc17@ausdk12.org", "group": null}}, {"model": "group_manager.judge", "pk": 1100065, "fields": {"first_name": "Mona", "last_name": "Mirzaie", "email": "monam17@ausdk12.org", "group": null}}, {"model": "group_manager.judge", "pk": 1100066, "fields": {"first_name": "Tenzin", "last_name": "Tsering", "email": "tenzint17@ausdk12.org", "group": null}}, {"model": "group_manager.judge", "pk": 1100080, "fields": {"first_name": "Meliz", "last_name": "McGowen", "email": "melizcm17@ausdk12.org", "group": null}}, {"model": "group_manager.judge", "pk": 1100084, "fields": {"first_name": "Eleonor", "last_name": "Palabrica", "email": "eleonorcp17@ausdk12.org", "group": null}}, {"model": "group_manager.judge", "pk": 1100095, "fields": {"first_name": "Brendan", "last_name": "Smith", "email": "brendanms17@ausdk12.org", "group": null}}, {"model": "group_manager.judge", "pk": 1100096, "fields": {"first_name": "Baily", "last_name": "Smith", "email": "bailyls17@ausdk12.org", "group": null}}, {"model": "group_manager.judge", "pk": 1100108, "fields": {"first_name": "Simone", "last_name": "Lamboy", "email": "simoneel17@ausdk12.org", "group": null}}, {"model": "group_manager.judge", "pk": 1100110, "fields": {"first_name": "Dylan", "last_name": "Kurzer-Ogul", "email": "dylanfk17@ausdk12.org", "group": null}}, {"model": "group_manager.judge", "pk": 1100112, "fields": {"first_name": "Sarah", "last_name": "Xu", "email": "sarahx17@ausdk12.org", "group": null}}, {"model": "group_manager.judge", "pk": 1100117, "fields": {"first_name": "An-ya", "last_name": "Cheng", "email": "anyac17@ausdk12.org", "group": null}}, {"model": "group_manager.judge", "pk": 1100123, "fields": {"first_name": "Eddris", "last_name": "Gardizi", "email": "eddrisag17@ausdk12.org", "group": null}}, {"model": "group_manager.judge", "pk": 1100124, "fields": {"first_name": "Maria", "last_name": "Collazos", "email": "mariafc17@ausdk12.org", "group": null}}, {"model": "group_manager.judge", "pk": 1100130, "fields": {"first_name": "Kaelib", "last_name": "Wilson", "email": "kaelibtw17@ausdk12.org", "group": null}}, {"model": "group_manager.judge", "pk": 1100135, "fields": {"first_name": "Eden", "last_name": "Rothblatt-Kenney", "email": "edenrr17@ausdk12.org", "group": null}}, {"model": "group_manager.judge", "pk": 1100138, "fields": {"first_name": "Anina", "last_name": "Guerrero de Escalante", "email": "aninaag17@ausdk12.org", "group": null}}, {"model": "group_manager.judge", "pk": 1100144, "fields": {"first_name": "Jillian", "last_name": "Guffy", "email": "jillianag17@ausdk12.org", "group": null}}, {"model": "group_manager.judge", "pk": 1100155, "fields": {"first_name": "Matthew", "last_name": "Silva", "email": "matthewjs17@ausdk12.org", "group": null}}, {"model": "group_manager.judge", "pk": 1100163, "fields": {"first_name": "Tyler", "last_name": "Larkins", "email": "tylerbl17@ausdk12.org", "group": null}}, {"model": "group_manager.judge", "pk": 1100167, "fields": {"first_name": "Ezequiel", "last_name": "Goldsmith-Morgan", "email": "ezequielg17@ausdk12.org", "group": null}}, {"model": "group_manager.judge", "pk": 1100173, "fields": {"first_name": "Olivia", "last_name": "D'Adamo", "email": "oliviacd17@ausdk12.org", "group": null}}, {"model": "group_manager.judge", "pk": 1100175, "fields": {"first_name": "Lorin", "last_name": "Bates", "email": "lorinnb17@ausdk12.org", "group": null}}, {"model": "group_manager.judge", "pk": 1100180, "fields": {"first_name": "Daniela", "last_name": "Zepeda", "email": "danielanz17@ausdk12.org", "group": null}}, {"model": "group_manager.judge", "pk": 1100194, "fields": {"first_name": "Yung", "last_name": "Wu", "email": "yunghw17@ausdk12.org", "group": null}}, {"model": "group_manager.judge", "pk": 1100200, "fields": {"first_name": "Yuzhen", "last_name": "Che", "email": "yuzhenjc17@ausdk12.org", "group": null}}, {"model": "group_manager.judge", "pk": 1100227, "fields": {"first_name": "Rigoberto", "last_name": "Mejia", "email": "rigobertom17@ausdk12.org", "group": null}}, {"model": "group_manager.judge", "pk": 1100239, "fields": {"first_name": "Yuhan", "last_name": "Liu", "email": "yuhanl17@ausdk12.org", "group": null}}, {"model": "group_manager.judge", "pk": 1100259, "fields": {"first_name": "Samuel", "last_name": "Schaffer", "email": "samuelfs17@ausdk12.org", "group": null}}, {"model": "group_manager.judge", "pk": 1100266, "fields": {"first_name": "Karla", "last_name": "Balderas", "email": "karladb17@ausdk12.org", "group": null}}, {"model": "group_manager.judge", "pk": 1100270, "fields": {"first_name": "Negeste Pumehana", "last_name": "Hai Hai", "email": "negesteih17@ausdk12.org", "group": null}}, {"model": "group_manager.judge", "pk": 1100275, "fields": {"first_name": "Kenda", "last_name": "Finch", "email": "kendaf17@ausdk12.org", "group": null}}, {"model": "group_manager.judge", "pk": 1100277, "fields": {"first_name": "Sophia", "last_name": "Kamps", "email": "sophiadk17@ausdk12.org", "group": null}}, {"model": "group_manager.judge", "pk": 1100278, "fields": {"first_name": "Xi", "last_name": "Li (Angela)", "email": "xil17@ausdk12.org", "group": null}}, {"model": "group_manager.judge", "pk": 1100305, "fields": {"first_name": "Diego", "last_name": "Silva", "email": "diegos17@ausdk12.org", "group": null}}, {"model": "group_manager.judge", "pk": 100100276, "fields": {"first_name": "Auriane", "last_name": "Vacher", "email": "aurianev17@ausdk12.org", "group": null}}, {"model": "group_manager.judge", "pk": 100100277, "fields": {"first_name": "Claire", "last_name": "Horner", "email": "clairemh17@ausdk12.org", "group": null}}, {"model": "group_manager.judge", "pk": 100100279, "fields": {"first_name": "Miles", "last_name": "King", "email": "milesrk17@ausdk12.org", "group": null}}, {"model": "group_manager.judge", "pk": 100100282, "fields": {"first_name": "Troy", "last_name": "Mestetsky", "email": "troym17@ausdk12.org", "group": null}}, {"model": "group_manager.judge", "pk": 100100285, "fields": {"first_name": "Christopher", "last_name": "Luna-Sparks", "email": "christopherml17@ausdk12.org", "group": null}}, {"model": "group_manager.judge", "pk": 100100286, "fields": {"first_name": "Camryn", "last_name": "Sanchez", "email": "camryngs17@ausdk12.org", "group": null}}, {"model": "group_manager.judge", "pk": 100100287, "fields": {"first_name": "Daniel", "last_name": "Dictado", "email": "danielsd17@ausdk12.org", "group": null}}, {"model": "group_manager.judge", "pk": 100100288, "fields": {"first_name": "Hannah", "last_name": "Murray", "email": "hannahgm17@ausdk12.org", "group": null}}, {"model": "group_manager.judge", "pk": 100100289, "fields": {"first_name": "Lily", "last_name": "Goldman", "email": "lilysg17@ausdk12.org", "group": null}}, {"model": "group_manager.judge", "pk": 100100291, "fields": {"first_name": "Daniel", "last_name": "Murray", "email": "danieljm17@ausdk12.org", "group": null}}, {"model": "group_manager.judge", "pk": 100100294, "fields": {"first_name": "Hiwot", "last_name": "Dereje", "email": "hiwoted17@ausdk12.org", "group": null}}, {"model": "group_manager.judge", "pk": 100100297, "fields": {"first_name": "Lila", "last_name": "Bernardin", "email": "lilatb17@ausdk12.org", "group": null}}, {"model": "group_manager.judge", "pk": 100100301, "fields": {"first_name": "Siliang", "last_name": "Li", "email": "siliangl17@ausdk12.org", "group": null}}, {"model": "group_manager.judge", "pk": 100100304, "fields": {"first_name": "KCee", "last_name": "Nguyen", "email": "kceevn17@ausdk12.org", "group": null}}, {"model": "group_manager.judge", "pk": 100100306, "fields": {"first_name": "Xiangyu Michael", "last_name": "Yang", "email": "xiangyuy17@ausdk12.org", "group": null}}, {"model": "group_manager.judge", "pk": 100100315, "fields": {"first_name": "Shira", "last_name": "Benau", "email": "shiramb17@ausdk12.org", "group": null}}, {"model": "group_manager.judge", "pk": 100100317, "fields": {"first_name": "Giorgia", "last_name": "DePaolis", "email": "giorgiald17@ausdk12.org", "group": null}}, {"model": "group_manager.judge", "pk": 100100322, "fields": {"first_name": "Isabella", "last_name": "Forti-Lynch", "email": "isabellaf17@ausdk12.org", "group": null}}, {"model": "group_manager.judge", "pk": 100100324, "fields": {"first_name": "Xinyao", "last_name": "Liu", "email": "xinyaol17@ausdk12.org", "group": null}}, {"model": "group_manager.judge", "pk": 100100326, "fields": {"first_name": "Emma", "last_name": "Sugarbaker", "email": "emmacs17@ausdk12.org", "group": null}}, {"model": "group_manager.judge", "pk": 100100334, "fields": {"first_name": "Ja'Quan", "last_name": "Davis", "email": "jaquand17@ausdk12.org", "group": null}}, {"model": "group_manager.judge", "pk": 100100356, "fields": {"first_name": "Cameron", "last_name": "Parrillo", "email": "cameronmp17@ausdk12.org", "group": null}}, {"model": "group_manager.judge", "pk": 100100370, "fields": {"first_name": "Yatin", "last_name": "Sharma", "email": "yatins17@ausdk12.org", "group": null}}, {"model": "group_manager.judge", "pk": 100100380, "fields": {"first_name": "Kalen", "last_name": "Yamashiro", "email": "kalenay17@ausdk12.org", "group": null}}, {"model": "group_manager.judge", "pk": 100100383, "fields": {"first_name": "Mia", "last_name": "O'Brien", "email": "miao17@ausdk12.org", "group": null}}, {"model": "group_manager.judge", "pk": 100100385, "fields": {"first_name": "Yuvia", "last_name": "Mendoza", "email": "yuviaam17@ausdk12.org", "group": null}}, {"model": "group_manager.judge", "pk": 100100394, "fields": {"first_name": "Manriki", "last_name": "Gagnon", "email": "manrikiag17@ausdk12.org", "group": null}}, {"model": "group_manager.judge", "pk": 100100398, "fields": {"first_name": "Dorris Kaye", "last_name": "Abalon", "email": "dorrista17@ausdk12.org", "group": null}}, {"model": "group_manager.judge", "pk": 100100399, "fields": {"first_name": "Nicholas", "last_name": "Chase", "email": "nicholasgc17@ausdk12.org", "group": null}}, {"model": "group_manager.judge", "pk": 100100405, "fields": {"first_name": "Zi Sheng", "last_name": "Ye", "email": "ziy17@ausdk12.org", "group": null}}, {"model": "group_manager.judge", "pk": 100100414, "fields": {"first_name": "Phoebe", "last_name": "Thokar", "email": "phoebet17@ausdk12.org", "group": null}}, {"model": "group_manager.judge", "pk": 100100427, "fields": {"first_name": "Laticia", "last_name": "Suazo", "email": "laticiams17@ausdk12.org", "group": null}}, {"model": "group_manager.judge", "pk": 100100436, "fields": {"first_name": "Eduardo", "last_name": "Guths", "email": "eduardolg17@ausdk12.org", "group": null}}, {"model": "group_manager.judge", "pk": 100100448, "fields": {"first_name": "Phillip", "last_name": "Son", "email": "phillips17@ausdk12.org", "group": null}}, {"model": "group_manager.judge", "pk": 100100451, "fields": {"first_name": "Edom", "last_name": "Awetahegn", "email": "edomfa17@ausdk12.org", "group": null}}, {"model": "group_manager.judge", "pk": 100100452, "fields": {"first_name": "Parash", "last_name": "Pandey", "email": "parashp17@ausdk12.org", "group": null}}, {"model": "group_manager.judge", "pk": 100100467, "fields": {"first_name": "Nyela", "last_name": "Jones-Dismuke", "email": "nylakj17@ausdk12.org", "group": null}}, {"model": "group_manager.judge", "pk": 100100471, "fields": {"first_name": "Amicole", "last_name": "Mbacke", "email": "amicoleem17@ausdk12.org", "group": null}}, {"model": "group_manager.judge", "pk": 100100474, "fields": {"first_name": "Joar", "last_name": "Stephansson", "email": "joars17@ausdk12.org", "group": null}}, {"model": "group_manager.judge", "pk": 100100486, "fields": {"first_name": "Jasai", "last_name": "Caldwell", "email": "jasaidc17@ausdk12.org", "group": null}}, {"model": "group_manager.judge", "pk": 100100488, "fields": {"first_name": "Fernando", "last_name": "Sanjurjo", "email": "fernandos17@ausdk12.org", "group": null}}, {"model": "group_manager.judge", "pk": 100100491, "fields": {"first_name": "Abel", "last_name": "Temesgen", "email": "abelyt17@ausdk12.org", "group": null}}, {"model": "group_manager.judge", "pk": 100100493, "fields": {"first_name": "Ashley", "last_name": "Medrano Ramos", "email": "ashleeymedrano@gmail.com", "group": null}}, {"model": "group_manager.judge", "pk": 100100494, "fields": {"first_name": "Kimberly", "last_name": "Medrano Ramos", "email": "kumorichaan@gmail.com", "group": null}}, {"model": "group_manager.location", "pk": 1, "fields": {"location": "Library"}}, {"model": "auth.permission", "pk": 1, "fields": {"name": "Can add permission", "content_type": 1, "codename": "add_permission"}}, {"model": "auth.permission", "pk": 2, "fields": {"name": "Can change permission", "content_type": 1, "codename": "change_permission"}}, {"model": "auth.permission", "pk": 3, "fields": {"name": "Can delete permission", "content_type": 1, "codename": "delete_permission"}}, {"model": "auth.permission", "pk": 4, "fields": {"name": "Can add group", "content_type": 2, "codename": "add_group"}}, {"model": "auth.permission", "pk": 5, "fields": {"name": "Can change group", "content_type": 2, "codename": "change_group"}}, {"model": "auth.permission", "pk": 6, "fields": {"name": "Can delete group", "content_type": 2, "codename": "delete_group"}}, {"model": "auth.permission", "pk": 7, "fields": {"name": "Can add user", "content_type": 3, "codename": "add_user"}}, {"model": "auth.permission", "pk": 8, "fields": {"name": "Can change user", "content_type": 3, "codename": "change_user"}}, {"model": "auth.permission", "pk": 9, "fields": {"name": "Can delete user", "content_type": 3, "codename": "delete_user"}}, {"model": "auth.permission", "pk": 10, "fields": {"name": "Can add log entry", "content_type": 4, "codename": "add_logentry"}}, {"model": "auth.permission", "pk": 11, "fields": {"name": "Can change log entry", "content_type": 4, "codename": "change_logentry"}}, {"model": "auth.permission", "pk": 12, "fields": {"name": "Can delete log entry", "content_type": 4, "codename": "delete_logentry"}}, {"model": "auth.permission", "pk": 13, "fields": {"name": "Can add content type", "content_type": 5, "codename": "add_contenttype"}}, {"model": "auth.permission", "pk": 14, "fields": {"name": "Can change content type", "content_type": 5, "codename": "change_contenttype"}}, {"model": "auth.permission", "pk": 15, "fields": {"name": "Can delete content type", "content_type": 5, "codename": "delete_contenttype"}}, {"model": "auth.permission", "pk": 16, "fields": {"name": "Can add session", "content_type": 6, "codename": "add_session"}}, {"model": "auth.permission", "pk": 17, "fields": {"name": "Can change session", "content_type": 6, "codename": "change_session"}}, {"model": "auth.permission", "pk": 18, "fields": {"name": "Can delete session", "content_type": 6, "codename": "delete_session"}}, {"model": "auth.permission", "pk": 19, "fields": {"name": "Can add Student Group", "content_type": 7, "codename": "add_student_group"}}, {"model": "auth.permission", "pk": 20, "fields": {"name": "Can change Student Group", "content_type": 7, "codename": "change_student_group"}}, {"model": "auth.permission", "pk": 21, "fields": {"name": "Can delete Student Group", "content_type": 7, "codename": "delete_student_group"}}, {"model": "auth.permission", "pk": 22, "fields": {"name": "Can add Class", "content_type": 8, "codename": "add_student_class"}}, {"model": "auth.permission", "pk": 23, "fields": {"name": "Can change Class", "content_type": 8, "codename": "change_student_class"}}, {"model": "auth.permission", "pk": 24, "fields": {"name": "Can delete Class", "content_type": 8, "codename": "delete_student_class"}}, {"model": "auth.permission", "pk": 25, "fields": {"name": "Can add Judge Group", "content_type": 9, "codename": "add_judge_group"}}, {"model": "auth.permission", "pk": 26, "fields": {"name": "Can change Judge Group", "content_type": 9, "codename": "change_judge_group"}}, {"model": "auth.permission", "pk": 27, "fields": {"name": "Can delete Judge Group", "content_type": 9, "codename": "delete_judge_group"}}, {"model": "auth.permission", "pk": 28, "fields": {"name": "Can add Student", "content_type": 10, "codename": "add_student"}}, {"model": "auth.permission", "pk": 29, "fields": {"name": "Can change Student", "content_type": 10, "codename": "change_student"}}, {"model": "auth.permission", "pk": 30, "fields": {"name": "Can delete Student", "content_type": 10, "codename": "delete_student"}}, {"model": "auth.permission", "pk": 31, "fields": {"name": "Can add Judge", "content_type": 11, "codename": "add_judge"}}, {"model": "auth.permission", "pk": 32, "fields": {"name": "Can change Judge", "content_type": 11, "codename": "change_judge"}}, {"model": "auth.permission", "pk": 33, "fields": {"name": "Can delete Judge", "content_type": 11, "codename": "delete_judge"}}, {"model": "auth.permission", "pk": 34, "fields": {"name": "Can add Location ", "content_type": 12, "codename": "add_location"}}, {"model": "auth.permission", "pk": 35, "fields": {"name": "Can change Location ", "content_type": 12, "codename": "change_location"}}, {"model": "auth.permission", "pk": 36, "fields": {"name": "Can delete Location ", "content_type": 12, "codename": "delete_location"}}, {"model": "auth.permission", "pk": 37, "fields": {"name": "Can add Debate Group", "content_type": 13, "codename": "add_debate_group"}}, {"model": "auth.permission", "pk": 38, "fields": {"name": "Can change Debate Group", "content_type": 13, "codename": "change_debate_group"}}, {"model": "auth.permission", "pk": 39, "fields": {"name": "Can delete Debate Group", "content_type": 13, "codename": "delete_debate_group"}}, {"model": "auth.permission", "pk": 40, "fields": {"name": "Can add Schedule", "content_type": 14, "codename": "add_schedule"}}, {"model": "auth.permission", "pk": 41, "fields": {"name": "Can change Schedule", "content_type": 14, "codename": "change_schedule"}}, {"model": "auth.permission", "pk": 42, "fields": {"name": "Can delete Schedule", "content_type": 14, "codename": "delete_schedule"}}, {"model": "auth.permission", "pk": 43, "fields": {"name": "Can add Debate", "content_type": 15, "codename": "add_debate"}}, {"model": "auth.permission", "pk": 44, "fields": {"name": "Can change Debate", "content_type": 15, "codename": "change_debate"}}, {"model": "auth.permission", "pk": 45, "fields": {"name": "Can delete Debate", "content_type": 15, "codename": "delete_debate"}}, {"model": "auth.group", "pk": 1, "fields": {"name": "teacher", "permissions": [19, 20, 21]}}, {"model": "auth.user", "pk": 1, "fields": {"password": "pbkdf2_sha256$24000$wSMEx8iGdWCI$lWwwZqNlc4j38UnHjiJWTD8B1afZJxppVgq4wR42feQ=", "last_login": "2015-12-13T04:58:12.758Z", "is_superuser": true, "username": "admin", "first_name": "", "last_name": "", "email": "ilay.raz@gmail.com", "is_staff": true, "is_active": true, "date_joined": "2015-11-27T14:12:24.869Z", "groups": [], "user_permissions": []}}, {"model": "auth.user", "pk": 2, "fields": {"password": "pbkdf2_sha256$20000$atLjJxYD6kcI$MSNl7zKJJ5/yi84lsft7/CnCWdTN7qQv+sCArO3zjTI=", "last_login": null, "is_superuser": false, "username": "esurowitz", "first_name": "Emily", "last_name": "Surowitz", "email": "esurowitz@ausdk12.org", "is_staff": false, "is_active": true, "date_joined": "2015-11-27T14:13:31Z", "groups": [1], "user_permissions": []}}, {"model": "auth.user", "pk": 3, "fields": {"password": "pbkdf2_sha256$20000$qGpXJI59FDD5$PFklFq8tzDfjkcYc/tzvnEq43dl5x3mp8k/iOpoIgRE=", "last_login": null, "is_superuser": false, "username": "wfallat", "first_name": "Warren", "last_name": "Fallat", "email": "wfallat@ausdk12.org", "is_staff": false, "is_active": true, "date_joined": "2015-11-27T14:16:38Z", "groups": [1], "user_permissions": []}}, {"model": "auth.user", "pk": 4, "fields": {"password": "pbkdf2_sha256$20000$B0Y4oLQJsSZg$xMkA6EHt3Ni9ymsgFTDR7cMbnn3EZfWzc3mScbYq0ag=", "last_login": "2015-11-30T06:38:44Z", "is_superuser": false, "username": "jpark", "first_name": "Jessica", "last_name": "Park", "email": "jpark@ausdk12.org", "is_staff": false, "is_active": true, "date_joined": "2015-11-27T14:17:05Z", "groups": [1], "user_permissions": []}}, {"model": "auth.user", "pk": 5, "fields": {"password": "pbkdf2_sha256$20000$MmaKUMVgkBzx$ZFcO2X4KbTZV8xANJixO7SysiPqDWuV1gPVxuSzMy5A=", "last_login": null, "is_superuser": false, "username": "jcastle", "first_name": "Jeff", "last_name": "Castle", "email": "jcastle@ausdk12.org", "is_staff": false, "is_active": true, "date_joined": "2015-11-27T14:17:35Z", "groups": [1], "user_permissions": []}}, {"model": "auth.user", "pk": 6, "fields": {"password": "pbkdf2_sha256$20000$59QjcLSwvgt0$cWWhAv652RsHtAgg9Bio1xKyPdvABCildWez5GJi8XM=", "last_login": null, "is_superuser": false, "username": "dfrances", "first_name": "Diane", "last_name": "Francis", "email": "dfrances@ausdk12.org", "is_staff": false, "is_active": true, "date_joined": "2015-11-27T14:18:22Z", "groups": [1], "user_permissions": []}}, {"model": "auth.user", "pk": 7, "fields": {"password": "pbkdf2_sha256$24000$cv21qe98DqsE$XmbXJrK0/xTK8Fvf8jGtNZ6dDdLVDfrbr80Z0PX4Ffc=", "last_login": "2015-12-13T04:57:46.638Z", "is_superuser": false, "username": "rlent", "first_name": "Robert", "last_name": "Lent", "email": "rlent@ausdk12.org", "is_staff": true, "is_active": true, "date_joined": "2015-11-27T14:19:17Z", "groups": [1], "user_permissions": []}}, {"model": "auth.user", "pk": 8, "fields": {"password": "pbkdf2_sha256$20000$3skL5UmtYJfK$VbzFf9p/3dNbiVGyNq/QeUKkmCJdef1PHwdBdkt7KmM=", "last_login": null, "is_superuser": false, "username": "jradford", "first_name": "Juliet", "last_name": "Radford", "email": "jradford@ausdk12.org", "is_staff": false, "is_active": true, "date_joined": "2015-11-27T14:19:46Z", "groups": [1], "user_permissions": []}}, {"model": "auth.user", "pk": 9, "fields": {"password": "pbkdf2_sha256$20000$s7NO64kendy6$4CfHZkwhF3tMdHn+S6PEQsZd/iCL8/9ar0Zv+J7VeWY=", "last_login": null, "is_superuser": false, "username": "sedinger", "first_name": "Suzanne", "last_name": "Edinger", "email": "sedinger@ausdk12.org", "is_staff": false, "is_active": true, "date_joined": "2015-11-27T14:20:41Z", "groups": [1], "user_permissions": []}}, {"model": "auth.user", "pk": 10, "fields": {"password": "pbkdf2_sha256$20000$Y0CmVAjY6mVg$5Lzkk+jtZBiGEZWZdDdk8l9NZthGxR2CfcJXCHk2wZ0=", "last_login": "2015-12-01T02:36:43.414Z", "is_superuser": true, "username": "soremland", "first_name": "Sara", "last_name": "Oremland", "email": "soremland@ausdk12.org", "is_staff": true, "is_active": true, "date_joined": "2015-12-01T02:34:54Z", "groups": [], "user_permissions": []}}, {"model": "admin.logentry", "pk": 1, "fields": {"action_time": "2015-11-27T14:12:45.880Z", "user": 1, "content_type": 2, "object_id": "1", "object_repr": "teacher", "action_flag": 1, "change_message": ""}}, {"model": "admin.logentry", "pk": 2, "fields": {"action_time": "2015-11-27T14:13:31.672Z", "user": 1, "content_type": 3, "object_id": "2", "object_repr": "teacher1", "action_flag": 1, "change_message": ""}}, {"model": "admin.logentry", "pk": 3, "fields": {"action_time": "2015-11-27T14:14:44.820Z", "user": 1, "content_type": 3, "object_id": "2", "object_repr": "teacher1", "action_flag": 2, "change_message": "Changed first_name, last_name, email and groups."}}, {"model": "admin.logentry", "pk": 4, "fields": {"action_time": "2015-11-27T14:16:38.886Z", "user": 1, "content_type": 3, "object_id": "3", "object_repr": "teacher2", "action_flag": 1, "change_message": ""}}, {"model": "admin.logentry", "pk": 5, "fields": {"action_time": "2015-11-27T14:16:57.897Z", "user": 1, "content_type": 3, "object_id": "3", "object_repr": "teacher2", "action_flag": 2, "change_message": "Changed first_name, last_name, email and groups."}}, {"model": "admin.logentry", "pk": 6, "fields": {"action_time": "2015-11-27T14:17:05.451Z", "user": 1, "content_type": 3, "object_id": "4", "object_repr": "teacher3", "action_flag": 1, "change_message": ""}}, {"model": "admin.logentry", "pk": 7, "fields": {"action_time": "2015-11-27T14:17:28.041Z", "user": 1, "content_type": 3, "object_id": "4", "object_repr": "teacher3", "action_flag": 2, "change_message": "Changed first_name, last_name, email and groups."}}, {"model": "admin.logentry", "pk": 8, "fields": {"action_time": "2015-11-27T14:17:35.682Z", "user": 1, "content_type": 3, "object_id": "5", "object_repr": "teacher4", "action_flag": 1, "change_message": ""}}, {"model": "admin.logentry", "pk": 9, "fields": {"action_time": "2015-11-27T14:18:08.658Z", "user": 1, "content_type": 3, "object_id": "5", "object_repr": "teacher4", "action_flag": 2, "change_message": "Changed first_name, last_name, email and groups."}}, {"model": "admin.logentry", "pk": 10, "fields": {"action_time": "2015-11-27T14:18:22.229Z", "user": 1, "content_type": 3, "object_id": "6", "object_repr": "teacher5", "action_flag": 1, "change_message": ""}}, {"model": "admin.logentry", "pk": 11, "fields": {"action_time": "2015-11-27T14:19:09.070Z", "user": 1, "content_type": 3, "object_id": "6", "object_repr": "teacher5", "action_flag": 2, "change_message": "Changed first_name, last_name, email and groups."}}, {"model": "admin.logentry", "pk": 12, "fields": {"action_time": "2015-11-27T14:19:17.960Z", "user": 1, "content_type": 3, "object_id": "7", "object_repr": "teacher6", "action_flag": 1, "change_message": ""}}, {"model": "admin.logentry", "pk": 13, "fields": {"action_time": "2015-11-27T14:19:34.771Z", "user": 1, "content_type": 3, "object_id": "7", "object_repr": "teacher6", "action_flag": 2, "change_message": "Changed first_name, last_name, email and groups."}}, {"model": "admin.logentry", "pk": 14, "fields": {"action_time": "2015-11-27T14:19:46.554Z", "user": 1, "content_type": 3, "object_id": "8", "object_repr": "teacher7", "action_flag": 1, "change_message": ""}}, {"model": "admin.logentry", "pk": 15, "fields": {"action_time": "2015-11-27T14:20:17.915Z", "user": 1, "content_type": 3, "object_id": "8", "object_repr": "teacher7", "action_flag": 2, "change_message": "Changed first_name, last_name, email and groups."}}, {"model": "admin.logentry", "pk": 16, "fields": {"action_time": "2015-11-27T14:20:41.055Z", "user": 1, "content_type": 3, "object_id": "9", "object_repr": "teacher8", "action_flag": 1, "change_message": ""}}, {"model": "admin.logentry", "pk": 17, "fields": {"action_time": "2015-11-27T14:24:10.646Z", "user": 1, "content_type": 3, "object_id": "9", "object_repr": "teacher8", "action_flag": 2, "change_message": "Changed first_name, last_name, email and groups."}}, {"model": "admin.logentry", "pk": 18, "fields": {"action_time": "2015-12-01T02:31:40.347Z", "user": 1, "content_type": 3, "object_id": "2", "object_repr": "esurowitz", "action_flag": 2, "change_message": "Changed username."}}, {"model": "admin.logentry", "pk": 19, "fields": {"action_time": "2015-12-01T02:31:44.182Z", "user": 1, "content_type": 3, "object_id": "2", "object_repr": "esurowitz", "action_flag": 2, "change_message": "No fields changed."}}, {"model": "admin.logentry", "pk": 20, "fields": {"action_time": "2015-12-01T02:32:07.233Z", "user": 1, "content_type": 3, "object_id": "3", "object_repr": "wfallat", "action_flag": 2, "change_message": "Changed username."}}, {"model": "admin.logentry", "pk": 21, "fields": {"action_time": "2015-12-01T02:32:17.209Z", "user": 1, "content_type": 3, "object_id": "4", "object_repr": "jpark", "action_flag": 2, "change_message": "Changed username."}}, {"model": "admin.logentry", "pk": 22, "fields": {"action_time": "2015-12-01T02:32:29.288Z", "user": 1, "content_type": 3, "object_id": "5", "object_repr": "jcastle", "action_flag": 2, "change_message": "Changed username."}}, {"model": "admin.logentry", "pk": 23, "fields": {"action_time": "2015-12-01T02:32:38.308Z", "user": 1, "content_type": 3, "object_id": "6", "object_repr": "dfrances", "action_flag": 2, "change_message": "Changed username."}}, {"model": "admin.logentry", "pk": 24, "fields": {"action_time": "2015-12-01T02:32:48.973Z", "user": 1, "content_type": 3, "object_id": "7", "object_repr": "rlent", "action_flag": 2, "change_message": "Changed username."}}, {"model": "admin.logentry", "pk": 25, "fields": {"action_time": "2015-12-01T02:32:59.605Z", "user": 1, "content_type": 3, "object_id": "8", "object_repr": "jradford", "action_flag": 2, "change_message": "Changed username."}}, {"model": "admin.logentry", "pk": 26, "fields": {"action_time": "2015-12-01T02:33:13.732Z", "user": 1, "content_type": 3, "object_id": "9", "object_repr": "sedinger", "action_flag": 2, "change_message": "Changed username."}}, {"model": "admin.logentry", "pk": 27, "fields": {"action_time": "2015-12-01T02:34:54.105Z", "user": 1, "content_type": 3, "object_id": "10", "object_repr": "soremland", "action_flag": 1, "change_message": ""}}, {"model": "admin.logentry", "pk": 28, "fields": {"action_time": "2015-12-01T02:35:53.573Z", "user": 1, "content_type": 3, "object_id": "10", "object_repr": "soremland", "action_flag": 2, "change_message": "Changed first_name, last_name, email and is_superuser."}}, {"model": "admin.logentry", "pk": 29, "fields": {"action_time": "2015-12-01T02:36:25.270Z", "user": 1, "content_type": 3, "object_id": "10", "object_repr": "soremland", "action_flag": 2, "change_message": "Changed is_staff."}}, {"model": "admin.logentry", "pk": 30, "fields": {"action_time": "2015-12-12T11:22:22.190Z", "user": 1, "content_type": 3, "object_id": "7", "object_repr": "rlent", "action_flag": 2, "change_message": "Changed is_staff."}}, {"model": "admin.logentry", "pk": 31, "fields": {"action_time": "2015-12-12T11:22:38.785Z", "user": 1, "content_type": 2, "object_id": "1", "object_repr": "teacher", "action_flag": 2, "change_message": "Changed permissions."}}, {"model": "admin.logentry", "pk": 32, "fields": {"action_time": "2015-12-13T04:04:10.100Z", "user": 7, "content_type": 7, "object_id": "5", "object_repr": "L1", "action_flag": 1, "change_message": "Added."}}, {"model": "admin.logentry", "pk": 33, "fields": {"action_time": "2015-12-13T04:06:42.668Z", "user": 7, "content_type": 7, "object_id": "5", "object_repr": "L1", "action_flag": 3, "change_message": ""}}, {"model": "admin.logentry", "pk": 34, "fields": {"action_time": "2015-12-13T04:07:44.594Z", "user": 7, "content_type": 7, "object_id": "6", "object_repr": "L1", "action_flag": 1, "change_message": "Added."}}, {"model": "admin.logentry", "pk": 35, "fields": {"action_time": "2015-12-13T04:07:58.847Z", "user": 7, "content_type": 7, "object_id": "6", "object_repr": "L1", "action_flag": 2, "change_message": "Changed students."}}, {"model": "admin.logentry", "pk": 36, "fields": {"action_time": "2015-12-13T04:09:01.977Z", "user": 7, "content_type": 7, "object_id": "6", "object_repr": "L1", "action_flag": 2, "change_message": "Changed students."}}, {"model": "admin.logentry", "pk": 37, "fields": {"action_time": "2015-12-13T04:16:25.436Z", "user": 7, "content_type": 7, "object_id": "6", "object_repr": "L1", "action_flag": 3, "change_message": ""}}, {"model": "admin.logentry", "pk": 38, "fields": {"action_time": "2015-12-13T04:16:33.888Z", "user": 7, "content_type": 7, "object_id": "7", "object_repr": "L1", "action_flag": 1, "change_message": "Added."}}, {"model": "admin.logentry", "pk": 39, "fields": {"action_time": "2015-12-13T04:16:47.932Z", "user": 7, "content_type": 7, "object_id": "7", "object_repr": "L1", "action_flag": 2, "change_message": "Changed students."}}, {"model": "admin.logentry", "pk": 40, "fields": {"action_time": "2015-12-13T04:19:35.946Z", "user": 7, "content_type": 7, "object_id": "7", "object_repr": "L1", "action_flag": 3, "change_message": ""}}, {"model": "admin.logentry", "pk": 41, "fields": {"action_time": "2015-12-13T04:20:24.417Z", "user": 7, "content_type": 7, "object_id": "8", "object_repr": "L1", "action_flag": 1, "change_message": "Added."}}, {"model": "admin.logentry", "pk": 42, "fields": {"action_time": "2015-12-13T04:21:01.213Z", "user": 7, "content_type": 7, "object_id": "8", "object_repr": "L1", "action_flag": 3, "change_message": ""}}, {"model": "admin.logentry", "pk": 43, "fields": {"action_time": "2015-12-13T04:21:13.848Z", "user": 7, "content_type": 7, "object_id": "9", "object_repr": "L1", "action_flag": 1, "change_message": "Added."}}, {"model": "admin.logentry", "pk": 44, "fields": {"action_time": "2015-12-13T04:22:06.139Z", "user": 7, "content_type": 7, "object_id": "10", "object_repr": "L2", "action_flag": 1, "change_message": "Added."}}, {"model": "admin.logentry", "pk": 45, "fields": {"action_time": "2015-12-13T04:22:29.993Z", "user": 7, "content_type": 7, "object_id": "10", "object_repr": "L2", "action_flag": 3, "change_message": ""}}, {"model": "admin.logentry", "pk": 46, "fields": {"action_time": "2015-12-13T04:22:30.019Z", "user": 7, "content_type": 7, "object_id": "9", "object_repr": "L1", "action_flag": 3, "change_message": ""}}, {"model": "admin.logentry", "pk": 47, "fields": {"action_time": "2015-12-13T04:28:52.389Z", "user": 7, "content_type": 7, "object_id": "11", "object_repr": "L1", "action_flag": 1, "change_message": "Added."}}, {"model": "admin.logentry", "pk": 48, "fields": {"action_time": "2015-12-13T04:29:00.509Z", "user": 7, "content_type": 7, "object_id": "11", "object_repr": "L1", "action_flag": 2, "change_message": "Changed students."}}, {"model": "admin.logentry", "pk": 49, "fields": {"action_time": "2015-12-13T04:30:43.138Z", "user": 7, "content_type": 7, "object_id": "11", "object_repr": "L1", "action_flag": 2, "change_message": "Changed students."}}, {"model": "admin.logentry", "pk": 50, "fields": {"action_time": "2015-12-13T04:30:57.383Z", "user": 7, "content_type": 7, "object_id": "11", "object_repr": "L1", "action_flag": 3, "change_message": ""}}, {"model": "admin.logentry", "pk": 51, "fields": {"action_time": "2015-12-13T04:31:03.181Z", "user": 7, "content_type": 7, "object_id": "12", "object_repr": "L1", "action_flag": 1, "change_message": "Added."}}, {"model": "admin.logentry", "pk": 52, "fields": {"action_time": "2015-12-13T04:31:09.342Z", "user": 7, "content_type": 7, "object_id": "12", "object_repr": "L1", "action_flag": 3, "change_message": ""}}, {"model": "admin.logentry", "pk": 53, "fields": {"action_time": "2015-12-13T04:31:24.076Z", "user": 7, "content_type": 7, "object_id": "13", "object_repr": "L1", "action_flag": 1, "change_message": "Added."}}, {"model": "admin.logentry", "pk": 54, "fields": {"action_time": "2015-12-13T04:31:39.517Z", "user": 7, "content_type": 7, "object_id": "13", "object_repr": "L1", "action_flag": 2, "change_message": "Changed students."}}, {"model": "admin.logentry", "pk": 55, "fields": {"action_time": "2015-12-13T04:35:49.349Z", "user": 7, "content_type": 7, "object_id": "13", "object_repr": "L1", "action_flag": 3, "change_message": ""}}, {"model": "admin.logentry", "pk": 56, "fields": {"action_time": "2015-12-13T04:35:55.356Z", "user": 7, "content_type": 7, "object_id": "14", "object_repr": "L1", "action_flag": 1, "change_message": "Added."}}, {"model": "admin.logentry", "pk": 57, "fields": {"action_time": "2015-12-13T04:36:14.805Z", "user": 7, "content_type": 7, "object_id": "14", "object_repr": "L1", "action_flag": 3, "change_message": ""}}, {"model": "admin.logentry", "pk": 58, "fields": {"action_time": "2015-12-13T04:36:21.775Z", "user": 7, "content_type": 7, "object_id": "15", "object_repr": "L1", "action_flag": 1, "change_message": "Added."}}, {"model": "admin.logentry", "pk": 59, "fields": {"action_time": "2015-12-13T04:36:33.943Z", "user": 7, "content_type": 7, "object_id": "15", "object_repr": "L1", "action_flag": 2, "change_message": "Changed students."}}, {"model": "admin.logentry", "pk": 60, "fields": {"action_time": "2015-12-13T04:42:29.028Z", "user": 7, "content_type": 7, "object_id": "15", "object_repr": "L1", "action_flag": 2, "change_message": "No fields changed."}}, {"model": "admin.logentry", "pk": 61, "fields": {"action_time": "2015-12-13T04:42:34.598Z", "user": 7, "content_type": 7, "object_id": "15", "object_repr": "L1", "action_flag": 3, "change_message": ""}}, {"model": "admin.logentry", "pk": 62, "fields": {"action_time": "2015-12-13T04:42:40.312Z", "user": 7, "content_type": 7, "object_id": "16", "object_repr": "L1", "action_flag": 1, "change_message": "Added."}}, {"model": "admin.logentry", "pk": 63, "fields": {"action_time": "2015-12-13T04:42:46.068Z", "user": 7, "content_type": 7, "object_id": "16", "object_repr": "L1", "action_flag": 2, "change_message": "No fields changed."}}, {"model": "admin.logentry", "pk": 64, "fields": {"action_time": "2015-12-13T04:42:56.751Z", "user": 7, "content_type": 7, "object_id": "17", "object_repr": "L2", "action_flag": 1, "change_message": "Added."}}, {"model": "admin.logentry", "pk": 65, "fields": {"action_time": "2015-12-13T04:43:05.979Z", "user": 7, "content_type": 7, "object_id": "17", "object_repr": "L2", "action_flag": 3, "change_message": ""}}, {"model": "admin.logentry", "pk": 66, "fields": {"action_time": "2015-12-13T04:43:05.982Z", "user": 7, "content_type": 7, "object_id": "16", "object_repr": "L1", "action_flag": 3, "change_message": ""}}, {"model": "admin.logentry", "pk": 67, "fields": {"action_time": "2015-12-13T04:57:54.792Z", "user": 7, "content_type": 7, "object_id": "18", "object_repr": "L1", "action_flag": 1, "change_message": "Added."}}, {"model": "admin.logentry", "pk": 68, "fields": {"action_time": "2015-12-13T04:57:58.922Z", "user": 7, "content_type": 7, "object_id": "19", "object_repr": "L2", "action_flag": 1, "change_message": "Added."}}, {"model": "admin.logentry", "pk": 69, "fields": {"action_time": "2015-12-13T04:58:31.353Z", "user": 1, "content_type": 12, "object_id": "1", "object_repr": "Library", "action_flag": 1, "change_message": "Added."}}, {"model": "admin.logentry", "pk": 70, "fields": {"action_time": "2015-12-13T04:59:06.648Z", "user": 1, "content_type": 12, "object_id": "1", "object_repr": "Library", "action_flag": 2, "change_message": "No fields changed."}}, {"model": "group_manager.student_group", "pk": 18, "fields": {"teacher": 7}}, {"model": "group_manager.student_group", "pk": 19, "fields": {"teacher": 7}}, {"model": "group_manager.student_class", "pk": 19, "fields": {"teacher": 6, "period": 1, "type": 1}}, {"model": "group_manager.student_class", "pk": 20, "fields": {"teacher": 6, "period": 2, "type": 1}}, {"model": "group_manager.student_class", "pk": 21, "fields": {"teacher": 6, "period": 3, "type": 1}}, {"model": "group_manager.student_class", "pk": 22, "fields": {"teacher": 6, "period": 4, "type": 1}}, {"model": "group_manager.student_class", "pk": 23, "fields": {"teacher": 6, "period": 5, "type": 1}}, {"model": "group_manager.student_class", "pk": 24, "fields": {"teacher": 7, "period": 1, "type": 0}}, {"model": "group_manager.student_class", "pk": 25, "fields": {"teacher": 7, "period": 3, "type": 0}}, {"model": "group_manager.student_class", "pk": 26, "fields": {"teacher": 7, "period": 5, "type": 0}}, {"model": "group_manager.student_class", "pk": 27, "fields": {"teacher": 7, "period": 6, "type": 0}}, {"model": "group_manager.student_class", "pk": 28, "fields": {"teacher": 4, "period": 2, "type": 0}}, {"model": "group_manager.student_class", "pk": 29, "fields": {"teacher": 4, "period": 4, "type": 0}}, {"model": "group_manager.student_class", "pk": 30, "fields": {"teacher": 8, "period": 3, "type": 1}}, {"model": "group_manager.student_class", "pk": 31, "fields": {"teacher": 8, "period": 6, "type": 1}}, {"model": "group_manager.student_class", "pk": 32, "fields": {"teacher": 2, "period": 6, "type": 1}}, {"model": "group_manager.student_class", "pk": 33, "fields": {"teacher": 2, "period": 7, "type": 1}}, {"model": "group_manager.student_class", "pk": 34, "fields": {"teacher": 9, "period": 3, "type": 0}}, {"model": "group_manager.student_class", "pk": 35, "fields": {"teacher": 9, "period": 4, "type": 0}}, {"model": "group_manager.student_class", "pk": 36, "fields": {"teacher": 9, "period": 5, "type": 0}}, {"model": "group_manager.student_class", "pk": 37, "fields": {"teacher": 9, "period": 7, "type": 0}}, {"model": "group_manager.student_class", "pk": 38, "fields": {"teacher": 3, "period": 1, "type": 1}}, {"model": "group_manager.student_class", "pk": 39, "fields": {"teacher": 3, "period": 5, "type": 1}}, {"model": "group_manager.student_class", "pk": 40, "fields": {"teacher": 5, "period": 2, "type": 0}}, {"model": "group_manager.student_class", "pk": 41, "fields": {"teacher": 5, "period": 4, "type": 0}}]