[
{
  "model": "auth.group",
  "pk": 1,
  "fields": {
    "permissions": [],
    "name": "teacher"
  }
},
{
  "model": "auth.user",
  "pk": 1,
  "fields": {
    "password": "pbkdf2_sha256$20000$G672GRDUoYVg$ST89QwGmJ3ydMFc7Wrl2Nzf/KJcgpjYuGQRwTJ4rcss=",
    "is_staff": true,
    "username": "admin",
    "is_superuser": true,
    "last_name": "",
    "user_permissions": [],
    "email": "ilay.raz@gmail.com",
    "is_active": true,
    "groups": [],
    "date_joined": "2015-11-03T02:46:05.971Z",
    "last_login": "2015-11-03T02:46:10.620Z",
    "first_name": ""
  }
},
{
  "model": "auth.user",
  "pk": 2,
  "fields": {
    "password": "pbkdf2_sha256$20000$W85lhAPXxfHB$eaR+7TYzPjCOBrr76SXh+yGUkx2GNqwSbJi71w4HXGg=",
    "is_staff": false,
    "username": "teacher1",
    "is_superuser": false,
    "last_name": "McTeach",
    "user_permissions": [],
    "email": "Tech@teacher.org",
    "is_active": true,
    "groups": [
      1
    ],
    "date_joined": "2015-11-03T02:46:46Z",
    "last_login": null,
    "first_name": "Tech"
  }
},
{
  "model": "auth.user",
  "pk": 3,
  "fields": {
    "password": "pbkdf2_sha256$20000$F9dNqjOnh9L5$4dWD4357eoszWYisck1Q67KTk+4SBubqnU5x+XG5ON8=",
    "is_staff": false,
    "username": "Teacher2",
    "is_superuser": false,
    "last_name": "Aha",
    "user_permissions": [],
    "email": "",
    "is_active": true,
    "groups": [
      1
    ],
    "date_joined": "2015-11-03T02:47:39Z",
    "last_login": null,
    "first_name": "Nick"
  }
},
{
  "model": "admin.logentry",
  "pk": 1,
  "fields": {
    "object_id": "2",
    "object_repr": "teacher1",
    "action_time": "2015-11-03T02:46:46.128Z",
    "user": 1,
    "change_message": "",
    "action_flag": 1,
    "content_type": 3
  }
},
{
  "model": "admin.logentry",
  "pk": 2,
  "fields": {
    "object_id": "2",
    "object_repr": "teacher1",
    "action_time": "2015-11-03T02:47:11.239Z",
    "user": 1,
    "change_message": "Changed first_name, last_name and email.",
    "action_flag": 2,
    "content_type": 3
  }
},
{
  "model": "admin.logentry",
  "pk": 3,
  "fields": {
    "object_id": "1",
    "object_repr": "teacher",
    "action_time": "2015-11-03T02:47:17.219Z",
    "user": 1,
    "change_message": "",
    "action_flag": 1,
    "content_type": 2
  }
},
{
  "model": "admin.logentry",
  "pk": 4,
  "fields": {
    "object_id": "2",
    "object_repr": "teacher1",
    "action_time": "2015-11-03T02:47:26.464Z",
    "user": 1,
    "change_message": "Changed groups.",
    "action_flag": 2,
    "content_type": 3
  }
},
{
  "model": "admin.logentry",
  "pk": 5,
  "fields": {
    "object_id": "3",
    "object_repr": "Teacher2",
    "action_time": "2015-11-03T02:47:39.068Z",
    "user": 1,
    "change_message": "",
    "action_flag": 1,
    "content_type": 3
  }
},
{
  "model": "admin.logentry",
  "pk": 6,
  "fields": {
    "object_id": "3",
    "object_repr": "Teacher2",
    "action_time": "2015-11-03T02:48:01.589Z",
    "user": 1,
    "change_message": "Changed first_name, last_name and groups.",
    "action_flag": 2,
    "content_type": 3
  }
},
{
  "model": "admin.logentry",
  "pk": 7,
  "fields": {
    "object_id": "1",
    "object_repr": "McTeach's 1 period IHS class",
    "action_time": "2015-11-03T02:48:17.925Z",
    "user": 1,
    "change_message": "",
    "action_flag": 1,
    "content_type": 8
  }
},
{
  "model": "admin.logentry",
  "pk": 8,
  "fields": {
    "object_id": "2",
    "object_repr": "McTeach's 2 period IHS class",
    "action_time": "2015-11-03T02:48:24.183Z",
    "user": 1,
    "change_message": "",
    "action_flag": 1,
    "content_type": 8
  }
},
{
  "model": "admin.logentry",
  "pk": 9,
  "fields": {
    "object_id": "3",
    "object_repr": "McTeach's 3 period IHS class",
    "action_time": "2015-11-03T02:48:30.060Z",
    "user": 1,
    "change_message": "",
    "action_flag": 1,
    "content_type": 8
  }
},
{
  "model": "admin.logentry",
  "pk": 10,
  "fields": {
    "object_id": "4",
    "object_repr": "McTeach's 4 period IHS class",
    "action_time": "2015-11-03T02:48:36.431Z",
    "user": 1,
    "change_message": "",
    "action_flag": 1,
    "content_type": 8
  }
},
{
  "model": "admin.logentry",
  "pk": 11,
  "fields": {
    "object_id": "5",
    "object_repr": "McTeach's 5 period IHS class",
    "action_time": "2015-11-03T02:48:43.772Z",
    "user": 1,
    "change_message": "",
    "action_flag": 1,
    "content_type": 8
  }
},
{
  "model": "admin.logentry",
  "pk": 12,
  "fields": {
    "object_id": "6",
    "object_repr": "McTeach's 6 period IHS class",
    "action_time": "2015-11-03T02:48:48.771Z",
    "user": 1,
    "change_message": "",
    "action_flag": 1,
    "content_type": 8
  }
},
{
  "model": "admin.logentry",
  "pk": 13,
  "fields": {
    "object_id": "7",
    "object_repr": "McTeach's 7 period IHS class",
    "action_time": "2015-11-03T02:48:56.155Z",
    "user": 1,
    "change_message": "",
    "action_flag": 1,
    "content_type": 8
  }
},
{
  "model": "admin.logentry",
  "pk": 14,
  "fields": {
    "object_id": "8",
    "object_repr": "McAine's 1 period English class",
    "action_time": "2015-11-03T02:49:09.036Z",
    "user": 1,
    "change_message": "",
    "action_flag": 1,
    "content_type": 8
  }
},
{
  "model": "admin.logentry",
  "pk": 15,
  "fields": {
    "object_id": "9",
    "object_repr": "McAine's 2 period English class",
    "action_time": "2015-11-03T02:49:13.858Z",
    "user": 1,
    "change_message": "",
    "action_flag": 1,
    "content_type": 8
  }
},
{
  "model": "admin.logentry",
  "pk": 16,
  "fields": {
    "object_id": "10",
    "object_repr": "McAine's 3 period English class",
    "action_time": "2015-11-03T02:49:18.146Z",
    "user": 1,
    "change_message": "",
    "action_flag": 1,
    "content_type": 8
  }
},
{
  "model": "admin.logentry",
  "pk": 17,
  "fields": {
    "object_id": "11",
    "object_repr": "McAine's 4 period English class",
    "action_time": "2015-11-03T02:49:23.800Z",
    "user": 1,
    "change_message": "",
    "action_flag": 1,
    "content_type": 8
  }
},
{
  "model": "admin.logentry",
  "pk": 18,
  "fields": {
    "object_id": "12",
    "object_repr": "McAine's 5 period English class",
    "action_time": "2015-11-03T02:49:28.399Z",
    "user": 1,
    "change_message": "",
    "action_flag": 1,
    "content_type": 8
  }
},
{
  "model": "admin.logentry",
  "pk": 19,
  "fields": {
    "object_id": "13",
    "object_repr": "McAine's 6 period English class",
    "action_time": "2015-11-03T02:49:34.154Z",
    "user": 1,
    "change_message": "",
    "action_flag": 1,
    "content_type": 8
  }
},
{
  "model": "admin.logentry",
  "pk": 20,
  "fields": {
    "object_id": "14",
    "object_repr": "McAine's 7 period English class",
    "action_time": "2015-11-03T02:49:39.518Z",
    "user": 1,
    "change_message": "",
    "action_flag": 1,
    "content_type": 8
  }
},
{
  "model": "sessions.session",
  "pk": "y7yahqt5qw7vhw0milkc82svx2a6tij7",
  "fields": {
    "expire_date": "2015-11-17T02:46:10.625Z",
    "session_data": "NGI4MjM0NmIzZTAwMmNjNmVjZjM5NGZhOGFjMzQ5YmY0NDg5YmRjNzp7Il9hdXRoX3VzZXJfYmFja2VuZCI6ImRqYW5nby5jb250cmliLmF1dGguYmFja2VuZHMuTW9kZWxCYWNrZW5kIiwiX2F1dGhfdXNlcl9oYXNoIjoiYTUwZmMyZmY0MDNmNmM0ZGI3MTlkM2YzZDhhZGMxMDRjZGQ1YjdiNyIsIl9hdXRoX3VzZXJfaWQiOiIxIn0="
  }
},
{
  "model": "group_manager.student_group",
  "pk": 169,
  "fields": {
    "teacher": 2
  }
},
{
  "model": "group_manager.student_group",
  "pk": 170,
  "fields": {
    "teacher": 3
  }
},
{
  "model": "group_manager.student_group",
  "pk": 171,
  "fields": {
    "teacher": 2
  }
},
{
  "model": "group_manager.student_group",
  "pk": 172,
  "fields": {
    "teacher": 2
  }
},
{
  "model": "group_manager.student_group",
  "pk": 173,
  "fields": {
    "teacher": 3
  }
},
{
  "model": "group_manager.student_group",
  "pk": 174,
  "fields": {
    "teacher": 3
  }
},
{
  "model": "group_manager.student_group",
  "pk": 175,
  "fields": {
    "teacher": 3
  }
},
{
  "model": "group_manager.student_group",
  "pk": 176,
  "fields": {
    "teacher": 2
  }
},
{
  "model": "group_manager.student_group",
  "pk": 177,
  "fields": {
    "teacher": 3
  }
},
{
  "model": "group_manager.student_group",
  "pk": 178,
  "fields": {
    "teacher": 2
  }
},
{
  "model": "group_manager.student_group",
  "pk": 179,
  "fields": {
    "teacher": 3
  }
},
{
  "model": "group_manager.student_group",
  "pk": 180,
  "fields": {
    "teacher": 2
  }
},
{
  "model": "group_manager.student_group",
  "pk": 181,
  "fields": {
    "teacher": 3
  }
},
{
  "model": "group_manager.student_group",
  "pk": 182,
  "fields": {
    "teacher": 2
  }
},
{
  "model": "group_manager.student_group",
  "pk": 183,
  "fields": {
    "teacher": 2
  }
},
{
  "model": "group_manager.student_group",
  "pk": 184,
  "fields": {
    "teacher": 3
  }
},
{
  "model": "group_manager.student_group",
  "pk": 185,
  "fields": {
    "teacher": 3
  }
},
{
  "model": "group_manager.student_group",
  "pk": 186,
  "fields": {
    "teacher": 3
  }
},
{
  "model": "group_manager.student_group",
  "pk": 187,
  "fields": {
    "teacher": 3
  }
},
{
  "model": "group_manager.student_group",
  "pk": 188,
  "fields": {
    "teacher": 3
  }
},
{
  "model": "group_manager.student_group",
  "pk": 189,
  "fields": {
    "teacher": 3
  }
},
{
  "model": "group_manager.student_group",
  "pk": 190,
  "fields": {
    "teacher": 2
  }
},
{
  "model": "group_manager.student_group",
  "pk": 191,
  "fields": {
    "teacher": 2
  }
},
{
  "model": "group_manager.student_group",
  "pk": 192,
  "fields": {
    "teacher": 3
  }
},
{
  "model": "group_manager.student_group",
  "pk": 193,
  "fields": {
    "teacher": 2
  }
},
{
  "model": "group_manager.student_group",
  "pk": 194,
  "fields": {
    "teacher": 3
  }
},
{
  "model": "group_manager.student_group",
  "pk": 195,
  "fields": {
    "teacher": 3
  }
},
{
  "model": "group_manager.student_group",
  "pk": 196,
  "fields": {
    "teacher": 2
  }
},
{
  "model": "group_manager.student_group",
  "pk": 197,
  "fields": {
    "teacher": 2
  }
},
{
  "model": "group_manager.student_group",
  "pk": 198,
  "fields": {
    "teacher": 3
  }
},
{
  "model": "group_manager.student_group",
  "pk": 199,
  "fields": {
    "teacher": 2
  }
},
{
  "model": "group_manager.student_group",
  "pk": 200,
  "fields": {
    "teacher": 2
  }
},
{
  "model": "group_manager.student_group",
  "pk": 201,
  "fields": {
    "teacher": 2
  }
},
{
  "model": "group_manager.student_group",
  "pk": 202,
  "fields": {
    "teacher": 2
  }
},
{
  "model": "group_manager.student_group",
  "pk": 203,
  "fields": {
    "teacher": 2
  }
},
{
  "model": "group_manager.student_group",
  "pk": 204,
  "fields": {
    "teacher": 2
  }
},
{
  "model": "group_manager.student_group",
  "pk": 205,
  "fields": {
    "teacher": 3
  }
},
{
  "model": "group_manager.student_group",
  "pk": 206,
  "fields": {
    "teacher": 2
  }
},
{
  "model": "group_manager.student_group",
  "pk": 207,
  "fields": {
    "teacher": 2
  }
},
{
  "model": "group_manager.student_group",
  "pk": 208,
  "fields": {
    "teacher": 3
  }
},
{
  "model": "group_manager.student_group",
  "pk": 209,
  "fields": {
    "teacher": 3
  }
},
{
  "model": "group_manager.student_group",
  "pk": 210,
  "fields": {
    "teacher": 3
  }
},
{
  "model": "group_manager.student_group",
  "pk": 211,
  "fields": {
    "teacher": 2
  }
},
{
  "model": "group_manager.student_group",
  "pk": 212,
  "fields": {
    "teacher": 2
  }
},
{
  "model": "group_manager.student_group",
  "pk": 213,
  "fields": {
    "teacher": 3
  }
},
{
  "model": "group_manager.student_group",
  "pk": 214,
  "fields": {
    "teacher": 2
  }
},
{
  "model": "group_manager.student_group",
  "pk": 215,
  "fields": {
    "teacher": 3
  }
},
{
  "model": "group_manager.student_group",
  "pk": 216,
  "fields": {
    "teacher": 3
  }
},
{
  "model": "group_manager.student_group",
  "pk": 217,
  "fields": {
    "teacher": 3
  }
},
{
  "model": "group_manager.student_group",
  "pk": 218,
  "fields": {
    "teacher": 2
  }
},
{
  "model": "group_manager.student_group",
  "pk": 219,
  "fields": {
    "teacher": 3
  }
},
{
  "model": "group_manager.student_group",
  "pk": 220,
  "fields": {
    "teacher": 3
  }
},
{
  "model": "group_manager.student_group",
  "pk": 221,
  "fields": {
    "teacher": 3
  }
},
{
  "model": "group_manager.student_group",
  "pk": 222,
  "fields": {
    "teacher": 3
  }
},
{
  "model": "group_manager.student_group",
  "pk": 223,
  "fields": {
    "teacher": 3
  }
},
{
  "model": "group_manager.student_group",
  "pk": 224,
  "fields": {
    "teacher": 2
  }
},
{
  "model": "group_manager.class",
  "pk": 1,
  "fields": {
    "type": 1,
    "period": 1,
    "teacher": 2
  }
},
{
  "model": "group_manager.class",
  "pk": 2,
  "fields": {
    "type": 1,
    "period": 2,
    "teacher": 2
  }
},
{
  "model": "group_manager.class",
  "pk": 3,
  "fields": {
    "type": 1,
    "period": 3,
    "teacher": 2
  }
},
{
  "model": "group_manager.class",
  "pk": 4,
  "fields": {
    "type": 1,
    "period": 4,
    "teacher": 2
  }
},
{
  "model": "group_manager.class",
  "pk": 5,
  "fields": {
    "type": 1,
    "period": 5,
    "teacher": 2
  }
},
{
  "model": "group_manager.class",
  "pk": 6,
  "fields": {
    "type": 1,
    "period": 6,
    "teacher": 2
  }
},
{
  "model": "group_manager.class",
  "pk": 7,
  "fields": {
    "type": 1,
    "period": 7,
    "teacher": 2
  }
},
{
  "model": "group_manager.class",
  "pk": 8,
  "fields": {
    "type": 0,
    "period": 1,
    "teacher": 3
  }
},
{
  "model": "group_manager.class",
  "pk": 9,
  "fields": {
    "type": 0,
    "period": 2,
    "teacher": 3
  }
},
{
  "model": "group_manager.class",
  "pk": 10,
  "fields": {
    "type": 0,
    "period": 3,
    "teacher": 3
  }
},
{
  "model": "group_manager.class",
  "pk": 11,
  "fields": {
    "type": 0,
    "period": 4,
    "teacher": 3
  }
},
{
  "model": "group_manager.class",
  "pk": 12,
  "fields": {
    "type": 0,
    "period": 5,
    "teacher": 3
  }
},
{
  "model": "group_manager.class",
  "pk": 13,
  "fields": {
    "type": 0,
    "period": 6,
    "teacher": 3
  }
},
{
  "model": "group_manager.class",
  "pk": 14,
  "fields": {
    "type": 0,
    "period": 7,
    "teacher": 3
  }
},
{
  "model": "group_manager.student",
  "pk": 203591,
  "fields": {
    "email": "marioej19@ausdk12.org",
    "english_class": 12,
    "ihs_class": 1,
    "group": 188,
    "last_name": "Jones",
    "first_name": "Mario"
  }
},
{
  "model": "group_manager.student",
  "pk": 203638,
  "fields": {
    "email": "carolinag19@ausdk12.org",
    "english_class": 8,
    "ihs_class": 3,
    "group": 182,
    "last_name": "Gonzalez",
    "first_name": "Carolina"
  }
},
{
  "model": "group_manager.student",
  "pk": 203765,
  "fields": {
    "email": "jaredjs19@ausdk12.org",
    "english_class": 12,
    "ihs_class": 6,
    "group": 215,
    "last_name": "Snyder",
    "first_name": "Jared"
  }
},
{
  "model": "group_manager.student",
  "pk": 203952,
  "fields": {
    "email": "sreyrothjl19@ausdk12.org",
    "english_class": 11,
    "ihs_class": 6,
    "group": 195,
    "last_name": "Lor",
    "first_name": "Sreyroth"
  }
},
{
  "model": "group_manager.student",
  "pk": 204345,
  "fields": {
    "email": "alexaca19@ausdk12.org",
    "english_class": 11,
    "ihs_class": 7,
    "group": 170,
    "last_name": "Albert",
    "first_name": "Alexa"
  }
},
{
  "model": "group_manager.student",
  "pk": 204353,
  "fields": {
    "email": "ianma19@ausdk12.org",
    "english_class": 9,
    "ihs_class": 6,
    "group": 169,
    "last_name": "Adair",
    "first_name": "Ian"
  }
},
{
  "model": "group_manager.student",
  "pk": 204354,
  "fields": {
    "email": "brendanaa19@ausdk12.org",
    "english_class": 9,
    "ihs_class": 7,
    "group": 170,
    "last_name": "Albee-Good",
    "first_name": "Brendan"
  }
},
{
  "model": "group_manager.student",
  "pk": 204356,
  "fields": {
    "email": "lizbethca19@ausdk12.org",
    "english_class": 9,
    "ihs_class": 7,
    "group": 169,
    "last_name": "Aguayo",
    "first_name": "Lizbeth"
  }
},
{
  "model": "group_manager.student",
  "pk": 204357,
  "fields": {
    "email": "monicaca19@ausdk12.org",
    "english_class": 9,
    "ihs_class": 1,
    "group": 170,
    "last_name": "Aguilar",
    "first_name": "Monica"
  }
},
{
  "model": "group_manager.student",
  "pk": 204359,
  "fields": {
    "email": "lewisjb19@ausdk12.org",
    "english_class": 10,
    "ihs_class": 1,
    "group": 172,
    "last_name": "Bittner",
    "first_name": "Lewis"
  }
},
{
  "model": "group_manager.student",
  "pk": 204361,
  "fields": {
    "email": "trentonwb19@ausdk12.org",
    "english_class": 8,
    "ihs_class": 5,
    "group": 172,
    "last_name": "Black",
    "first_name": "Trenton"
  }
},
{
  "model": "group_manager.student",
  "pk": 204369,
  "fields": {
    "email": "stellaad19@ausdk12.org",
    "english_class": 12,
    "ihs_class": 3,
    "group": 178,
    "last_name": "Dixon",
    "first_name": "Stella"
  }
},
{
  "model": "group_manager.student",
  "pk": 204371,
  "fields": {
    "email": "isabelaec19@ausdk12.org",
    "english_class": 8,
    "ihs_class": 5,
    "group": 176,
    "last_name": "Colmenar",
    "first_name": "Isabela"
  }
},
{
  "model": "group_manager.student",
  "pk": 204372,
  "fields": {
    "email": "henryac19@ausdk12.org",
    "english_class": 10,
    "ihs_class": 2,
    "group": 176,
    "last_name": "Cohen",
    "first_name": "Henry"
  }
},
{
  "model": "group_manager.student",
  "pk": 204373,
  "fields": {
    "email": "athenacc19@ausdk12.org",
    "english_class": 11,
    "ihs_class": 7,
    "group": 176,
    "last_name": "Chow",
    "first_name": "Athena"
  }
},
{
  "model": "group_manager.student",
  "pk": 204375,
  "fields": {
    "email": "mylanc19@ausdk12.org",
    "english_class": 9,
    "ihs_class": 6,
    "group": 175,
    "last_name": "Campbell",
    "first_name": "Myla"
  }
},
{
  "model": "group_manager.student",
  "pk": 204377,
  "fields": {
    "email": "matteoc19@ausdk12.org",
    "english_class": 14,
    "ihs_class": 5,
    "group": 174,
    "last_name": "Calafiura-Soleri",
    "first_name": "Matteo"
  }
},
{
  "model": "group_manager.student",
  "pk": 204389,
  "fields": {
    "email": "geneliseah19@ausdk12.org",
    "english_class": 11,
    "ihs_class": 1,
    "group": 184,
    "last_name": "Hazen",
    "first_name": "Genelise"
  }
},
{
  "model": "group_manager.student",
  "pk": 204390,
  "fields": {
    "email": "caraxh19@ausdk12.org",
    "english_class": 9,
    "ihs_class": 7,
    "group": 184,
    "last_name": "Higgins",
    "first_name": "Cara"
  }
},
{
  "model": "group_manager.student",
  "pk": 204391,
  "fields": {
    "email": "garrettrh19@ausdk12.org",
    "english_class": 9,
    "ihs_class": 1,
    "group": 185,
    "last_name": "Hill",
    "first_name": "Garrett"
  }
},
{
  "model": "group_manager.student",
  "pk": 204392,
  "fields": {
    "email": "lucaskh19@ausdk12.org",
    "english_class": 13,
    "ihs_class": 3,
    "group": 185,
    "last_name": "Hori",
    "first_name": "Lucas"
  }
},
{
  "model": "group_manager.student",
  "pk": 204393,
  "fields": {
    "email": "jamesth19@ausdk12.org",
    "english_class": 9,
    "ihs_class": 7,
    "group": 186,
    "last_name": "Hort",
    "first_name": "James"
  }
},
{
  "model": "group_manager.student",
  "pk": 204397,
  "fields": {
    "email": "jaylenmi19@ausdk12.org",
    "english_class": 9,
    "ihs_class": 6,
    "group": 187,
    "last_name": "Ivey",
    "first_name": "Jaylen"
  }
},
{
  "model": "group_manager.student",
  "pk": 204400,
  "fields": {
    "email": "johnnj19@ausdk12.org",
    "english_class": 12,
    "ihs_class": 6,
    "group": 189,
    "last_name": "Judge",
    "first_name": "John"
  }
},
{
  "model": "group_manager.student",
  "pk": 204401,
  "fields": {
    "email": "zainak19@ausdk12.org",
    "english_class": 13,
    "ihs_class": 3,
    "group": 190,
    "last_name": "Kazi",
    "first_name": "Zain"
  }
},
{
  "model": "group_manager.student",
  "pk": 204402,
  "fields": {
    "email": "juliek19@ausdk12.org",
    "english_class": 9,
    "ihs_class": 1,
    "group": 190,
    "last_name": "Khou",
    "first_name": "Julie"
  }
},
{
  "model": "group_manager.student",
  "pk": 204419,
  "fields": {
    "email": "noahrk19@ausdk12.org",
    "english_class": 13,
    "ihs_class": 1,
    "group": 191,
    "last_name": "King",
    "first_name": "Noah"
  }
},
{
  "model": "group_manager.student",
  "pk": 204420,
  "fields": {
    "email": "jirachayak19@ausdk12.org",
    "english_class": 8,
    "ihs_class": 4,
    "group": 191,
    "last_name": "Kiriruangchai",
    "first_name": "Jirachaya"
  }
},
{
  "model": "group_manager.student",
  "pk": 204421,
  "fields": {
    "email": "camillerk19@ausdk12.org",
    "english_class": 9,
    "ihs_class": 5,
    "group": 191,
    "last_name": "Kobelin",
    "first_name": "Camille"
  }
},
{
  "model": "group_manager.student",
  "pk": 204423,
  "fields": {
    "email": "shaunak19@ausdk12.org",
    "english_class": 10,
    "ihs_class": 4,
    "group": 191,
    "last_name": "Korchin",
    "first_name": "Shauna"
  }
},
{
  "model": "group_manager.student",
  "pk": 204425,
  "fields": {
    "email": "abigailal19@ausdk12.org",
    "english_class": 14,
    "ihs_class": 6,
    "group": 193,
    "last_name": "Lawrence",
    "first_name": "Abigail"
  }
},
{
  "model": "group_manager.student",
  "pk": 204428,
  "fields": {
    "email": "ethanl19@ausdk12.org",
    "english_class": 9,
    "ihs_class": 7,
    "group": 193,
    "last_name": "Leventhal",
    "first_name": "Ethan"
  }
},
{
  "model": "group_manager.student",
  "pk": 204429,
  "fields": {
    "email": "nathanal19@ausdk12.org",
    "english_class": 11,
    "ihs_class": 1,
    "group": 193,
    "last_name": "Levine",
    "first_name": "Nathan"
  }
},
{
  "model": "group_manager.student",
  "pk": 204430,
  "fields": {
    "email": "williaml19@ausdk12.org",
    "english_class": 11,
    "ihs_class": 6,
    "group": 194,
    "last_name": "Li",
    "first_name": "William"
  }
},
{
  "model": "group_manager.student",
  "pk": 204433,
  "fields": {
    "email": "danielbl19@ausdk12.org",
    "english_class": 11,
    "ihs_class": 7,
    "group": 194,
    "last_name": "Liu",
    "first_name": "Daniel"
  }
},
{
  "model": "group_manager.student",
  "pk": 204434,
  "fields": {
    "email": "peterrl19@ausdk12.org",
    "english_class": 9,
    "ihs_class": 7,
    "group": 195,
    "last_name": "Loizeaux",
    "first_name": "Peter"
  }
},
{
  "model": "group_manager.student",
  "pk": 204435,
  "fields": {
    "email": "margaretbl19@ausdk12.org",
    "english_class": 9,
    "ihs_class": 7,
    "group": 195,
    "last_name": "Long",
    "first_name": "Maisie"
  }
},
{
  "model": "group_manager.student",
  "pk": 204436,
  "fields": {
    "email": "jonathanl19@ausdk12.org",
    "english_class": 9,
    "ihs_class": 5,
    "group": 196,
    "last_name": "Luo",
    "first_name": "Jonathan"
  }
},
{
  "model": "group_manager.student",
  "pk": 204437,
  "fields": {
    "email": "emmamm19@ausdk12.org",
    "english_class": 11,
    "ihs_class": 5,
    "group": 197,
    "last_name": "Maass",
    "first_name": "Emma"
  }
},
{
  "model": "group_manager.student",
  "pk": 204438,
  "fields": {
    "email": "enzoym19@ausdk12.org",
    "english_class": 12,
    "ihs_class": 3,
    "group": 197,
    "last_name": "Maida",
    "first_name": "Enzo"
  }
},
{
  "model": "group_manager.student",
  "pk": 204439,
  "fields": {
    "email": "ezrajm19@ausdk12.org",
    "english_class": 10,
    "ihs_class": 6,
    "group": 198,
    "last_name": "Mander",
    "first_name": "Ezra"
  }
},
{
  "model": "group_manager.student",
  "pk": 204442,
  "fields": {
    "email": "camdenlm19@ausdk12.org",
    "english_class": 13,
    "ihs_class": 1,
    "group": 199,
    "last_name": "McCroskey",
    "first_name": "Camden"
  }
},
{
  "model": "group_manager.student",
  "pk": 204443,
  "fields": {
    "email": "tessem19@ausdk12.org",
    "english_class": 9,
    "ihs_class": 6,
    "group": 199,
    "last_name": "McGinley",
    "first_name": "Tess"
  }
},
{
  "model": "group_manager.student",
  "pk": 204446,
  "fields": {
    "email": "johnam19@ausdk12.org",
    "english_class": 9,
    "ihs_class": 7,
    "group": 200,
    "last_name": "Miki",
    "first_name": "John"
  }
},
{
  "model": "group_manager.student",
  "pk": 204447,
  "fields": {
    "email": "colem19@ausdk12.org",
    "english_class": 12,
    "ihs_class": 3,
    "group": 201,
    "last_name": "Mink",
    "first_name": "Cole"
  }
},
{
  "model": "group_manager.student",
  "pk": 204450,
  "fields": {
    "email": "porschen19@ausdk12.org",
    "english_class": 11,
    "ihs_class": 1,
    "group": 203,
    "last_name": "Noble",
    "first_name": "Porsche"
  }
},
{
  "model": "group_manager.student",
  "pk": 204453,
  "fields": {
    "email": "clairso19@ausdk12.org",
    "english_class": 9,
    "ihs_class": 5,
    "group": 204,
    "last_name": "O'Shea",
    "first_name": "Clair"
  }
},
{
  "model": "group_manager.student",
  "pk": 204456,
  "fields": {
    "email": "lucasjp19@ausdk12.org",
    "english_class": 11,
    "ihs_class": 1,
    "group": 207,
    "last_name": "Picard",
    "first_name": "Lucas"
  }
},
{
  "model": "group_manager.student",
  "pk": 204457,
  "fields": {
    "email": "nataliayp19@ausdk12.org",
    "english_class": 12,
    "ihs_class": 3,
    "group": 208,
    "last_name": "Porras",
    "first_name": "Natalia"
  }
},
{
  "model": "group_manager.student",
  "pk": 204459,
  "fields": {
    "email": "isabelrr19@ausdk12.org",
    "english_class": 12,
    "ihs_class": 3,
    "group": 208,
    "last_name": "Rainey",
    "first_name": "Isabel"
  }
},
{
  "model": "group_manager.student",
  "pk": 204460,
  "fields": {
    "email": "averyjr19@ausdk12.org",
    "english_class": 13,
    "ihs_class": 2,
    "group": 208,
    "last_name": "Rasband",
    "first_name": "Avery"
  }
},
{
  "model": "group_manager.student",
  "pk": 204464,
  "fields": {
    "email": "cleightonwr19@ausdk12.org",
    "english_class": 14,
    "ihs_class": 6,
    "group": 209,
    "last_name": "Roberts",
    "first_name": "Cleighton"
  }
},
{
  "model": "group_manager.student",
  "pk": 204465,
  "fields": {
    "email": "elianamr19@ausdk12.org",
    "english_class": 14,
    "ihs_class": 3,
    "group": 210,
    "last_name": "Rosen-Bloom",
    "first_name": "Eliana"
  }
},
{
  "model": "group_manager.student",
  "pk": 204466,
  "fields": {
    "email": "milodr19@ausdk12.org",
    "english_class": 9,
    "ihs_class": 5,
    "group": 210,
    "last_name": "Ruberto",
    "first_name": "Milo"
  }
},
{
  "model": "group_manager.student",
  "pk": 204467,
  "fields": {
    "email": "christopherrr19@ausdk12.org",
    "english_class": 9,
    "ihs_class": 5,
    "group": 211,
    "last_name": "Rynhoud",
    "first_name": "Christopher"
  }
},
{
  "model": "group_manager.student",
  "pk": 204478,
  "fields": {
    "email": "elkaks19@ausdk12.org",
    "english_class": 9,
    "ihs_class": 1,
    "group": 211,
    "last_name": "Saaf",
    "first_name": "Elka"
  }
},
{
  "model": "group_manager.student",
  "pk": 204480,
  "fields": {
    "email": "saghafi.arman@gmail.com",
    "english_class": 14,
    "ihs_class": 5,
    "group": 211,
    "last_name": "Saghafi",
    "first_name": "Arman"
  }
},
{
  "model": "group_manager.student",
  "pk": 204485,
  "fields": {
    "email": "heibahws19@ausdk12.org",
    "english_class": 8,
    "ihs_class": 3,
    "group": 212,
    "last_name": "Shaikh",
    "first_name": "Heibah"
  }
},
{
  "model": "group_manager.student",
  "pk": 204487,
  "fields": {
    "email": "nealbs19@ausdk12.org",
    "english_class": 13,
    "ihs_class": 2,
    "group": 213,
    "last_name": "Shipman",
    "first_name": "Neal"
  }
},
{
  "model": "group_manager.student",
  "pk": 204489,
  "fields": {
    "email": "margaretas19@ausdk12.org",
    "english_class": 13,
    "ihs_class": 3,
    "group": 213,
    "last_name": "Silva",
    "first_name": "Margaret"
  }
},
{
  "model": "group_manager.student",
  "pk": 204490,
  "fields": {
    "email": "wictoriaks19@ausdk12.org",
    "english_class": 14,
    "ihs_class": 3,
    "group": 214,
    "last_name": "Silvestre",
    "first_name": "Wictoria"
  }
},
{
  "model": "group_manager.student",
  "pk": 204491,
  "fields": {
    "email": "matthewjs19@ausdk12.org",
    "english_class": 11,
    "ihs_class": 5,
    "group": 214,
    "last_name": "Sim",
    "first_name": "Matthew"
  }
},
{
  "model": "group_manager.student",
  "pk": 204492,
  "fields": {
    "email": "georgens19@ausdk12.org",
    "english_class": 8,
    "ihs_class": 2,
    "group": 214,
    "last_name": "Simon",
    "first_name": "George"
  }
},
{
  "model": "group_manager.student",
  "pk": 204499,
  "fields": {
    "email": "alexanderps19@ausdk12.org",
    "english_class": 8,
    "ihs_class": 3,
    "group": 217,
    "last_name": "Szumilo",
    "first_name": "Alexander"
  }
},
{
  "model": "group_manager.student",
  "pk": 204500,
  "fields": {
    "email": "shreyat19@ausdk12.org",
    "english_class": 12,
    "ihs_class": 2,
    "group": 217,
    "last_name": "Tamang",
    "first_name": "Shreya"
  }
},
{
  "model": "group_manager.student",
  "pk": 204502,
  "fields": {
    "email": "ogyendt19@ausdk12.org",
    "english_class": 12,
    "ihs_class": 3,
    "group": 218,
    "last_name": "Tembay",
    "first_name": "Ogyen"
  }
},
{
  "model": "group_manager.student",
  "pk": 204503,
  "fields": {
    "email": "dorjeet19@ausdk12.org",
    "english_class": 10,
    "ihs_class": 2,
    "group": 218,
    "last_name": "Tenzing",
    "first_name": "Dorjee"
  }
},
{
  "model": "group_manager.student",
  "pk": 204504,
  "fields": {
    "email": "lindseyt19@ausdk12.org",
    "english_class": 11,
    "ihs_class": 6,
    "group": 219,
    "last_name": "Tran",
    "first_name": "Lindsey"
  }
},
{
  "model": "group_manager.student",
  "pk": 204505,
  "fields": {
    "email": "helena.tremblay@gmail.com",
    "english_class": 9,
    "ihs_class": 6,
    "group": 220,
    "last_name": "Tremblay",
    "first_name": "Helena"
  }
},
{
  "model": "group_manager.student",
  "pk": 204506,
  "fields": {
    "email": "dominicqt19@ausdk12.org",
    "english_class": 11,
    "ihs_class": 5,
    "group": 220,
    "last_name": "Treseler",
    "first_name": "Dominic"
  }
},
{
  "model": "group_manager.student",
  "pk": 204507,
  "fields": {
    "email": "russellet19@ausdk12.org",
    "english_class": 9,
    "ihs_class": 6,
    "group": 220,
    "last_name": "Trutane",
    "first_name": "Russell"
  }
},
{
  "model": "group_manager.student",
  "pk": 204509,
  "fields": {
    "email": "tamaradv19@ausdk12.org",
    "english_class": 9,
    "ihs_class": 1,
    "group": 220,
    "last_name": "Valenzuela",
    "first_name": "Tamara"
  }
},
{
  "model": "group_manager.student",
  "pk": 204510,
  "fields": {
    "email": "mariack19@ausdk12.org",
    "english_class": 12,
    "ihs_class": 3,
    "group": 192,
    "last_name": "Krashna",
    "first_name": "Maria"
  }
},
{
  "model": "group_manager.student",
  "pk": 204512,
  "fields": {
    "email": "lajw19@ausdk12.org",
    "english_class": 8,
    "ihs_class": 2,
    "group": 221,
    "last_name": "Waters",
    "first_name": "La Mar"
  }
},
{
  "model": "group_manager.student",
  "pk": 204514,
  "fields": {
    "email": "tiffanyyw19@ausdk12.org",
    "english_class": 11,
    "ihs_class": 5,
    "group": 222,
    "last_name": "Wong",
    "first_name": "Tiffany"
  }
},
{
  "model": "group_manager.student",
  "pk": 204516,
  "fields": {
    "email": "jessicamw19@ausdk12.org",
    "english_class": 12,
    "ihs_class": 2,
    "group": 222,
    "last_name": "Wright",
    "first_name": "Jessica"
  }
},
{
  "model": "group_manager.student",
  "pk": 204518,
  "fields": {
    "email": "alberthx19@ausdk12.org",
    "english_class": 8,
    "ihs_class": 4,
    "group": 223,
    "last_name": "Xing",
    "first_name": "Albert"
  }
},
{
  "model": "group_manager.student",
  "pk": 204519,
  "fields": {
    "email": "kevinsy19@ausdk12.org",
    "english_class": 10,
    "ihs_class": 5,
    "group": 223,
    "last_name": "Yee",
    "first_name": "Kevin"
  }
},
{
  "model": "group_manager.student",
  "pk": 204521,
  "fields": {
    "email": "evanz19@ausdk12.org",
    "english_class": 8,
    "ihs_class": 2,
    "group": 224,
    "last_name": "Zhong",
    "first_name": "Evan"
  }
},
{
  "model": "group_manager.student",
  "pk": 204522,
  "fields": {
    "email": "sunnytz19@ausdk12.org",
    "english_class": 13,
    "ihs_class": 1,
    "group": 224,
    "last_name": "Zhou",
    "first_name": "Sunny"
  }
},
{
  "model": "group_manager.student",
  "pk": 204524,
  "fields": {
    "email": "calderla19@ausdk12.org",
    "english_class": 8,
    "ihs_class": 5,
    "group": 169,
    "last_name": "Abbott",
    "first_name": "Calder"
  }
},
{
  "model": "group_manager.student",
  "pk": 204526,
  "fields": {
    "email": "sageec19@ausdk12.org",
    "english_class": 14,
    "ihs_class": 3,
    "group": 175,
    "last_name": "Charp",
    "first_name": "Sage"
  }
},
{
  "model": "group_manager.student",
  "pk": 204527,
  "fields": {
    "email": "madeleinerc19@ausdk12.org",
    "english_class": 12,
    "ihs_class": 6,
    "group": 176,
    "last_name": "Chen",
    "first_name": "Madeleine"
  }
},
{
  "model": "group_manager.student",
  "pk": 204529,
  "fields": {
    "email": "jacquelinehd19@ausdk12.org",
    "english_class": 11,
    "ihs_class": 1,
    "group": 177,
    "last_name": "Davis",
    "first_name": "Jacqueline"
  }
},
{
  "model": "group_manager.student",
  "pk": 204530,
  "fields": {
    "email": "josephwd19@ausdk12.org",
    "english_class": 11,
    "ihs_class": 5,
    "group": 177,
    "last_name": "DePianto",
    "first_name": "Joseph"
  }
},
{
  "model": "group_manager.student",
  "pk": 204531,
  "fields": {
    "email": "mollyeg19@ausdk12.org",
    "english_class": 11,
    "ihs_class": 5,
    "group": 182,
    "last_name": "Goose",
    "first_name": "Molly"
  }
},
{
  "model": "group_manager.student",
  "pk": 204533,
  "fields": {
    "email": "jasonyl19@ausdk12.org",
    "english_class": 11,
    "ihs_class": 5,
    "group": 194,
    "last_name": "Liu",
    "first_name": "Jason"
  }
},
{
  "model": "group_manager.student",
  "pk": 204535,
  "fields": {
    "email": "sarahmn19@ausdk12.org",
    "english_class": 8,
    "ihs_class": 3,
    "group": 202,
    "last_name": "Ng",
    "first_name": "Sarah"
  }
},
{
  "model": "group_manager.student",
  "pk": 204537,
  "fields": {
    "email": "mateogr19@ausdk12.org",
    "english_class": 13,
    "ihs_class": 4,
    "group": 210,
    "last_name": "Rodriguez",
    "first_name": "Mateo"
  }
},
{
  "model": "group_manager.student",
  "pk": 204538,
  "fields": {
    "email": "jessicaes19@ausdk12.org",
    "english_class": 11,
    "ihs_class": 6,
    "group": 212,
    "last_name": "Shen-Wachter",
    "first_name": "Jessica"
  }
},
{
  "model": "group_manager.student",
  "pk": 204540,
  "fields": {
    "email": "kaileygs19@ausdk12.org",
    "english_class": 9,
    "ihs_class": 7,
    "group": 215,
    "last_name": "Stallmeyer",
    "first_name": "Kailey"
  }
},
{
  "model": "group_manager.student",
  "pk": 204541,
  "fields": {
    "email": "koryss19@ausdk12.org",
    "english_class": 13,
    "ihs_class": 3,
    "group": 217,
    "last_name": "Swygert",
    "first_name": "Kory"
  }
},
{
  "model": "group_manager.student",
  "pk": 204559,
  "fields": {
    "email": "aditiaj19@ausdk12.org",
    "english_class": 8,
    "ihs_class": 2,
    "group": 187,
    "last_name": "Jain",
    "first_name": "Aditi"
  }
},
{
  "model": "group_manager.student",
  "pk": 204560,
  "fields": {
    "email": "emmaig19@ausdk12.org",
    "english_class": 9,
    "ihs_class": 1,
    "group": 182,
    "last_name": "Green",
    "first_name": "Emma"
  }
},
{
  "model": "group_manager.student",
  "pk": 204562,
  "fields": {
    "email": "chloets19@ausdk12.org",
    "english_class": 10,
    "ihs_class": 5,
    "group": 216,
    "last_name": "Stapleton-Gray",
    "first_name": "Chloe"
  }
},
{
  "model": "group_manager.student",
  "pk": 204564,
  "fields": {
    "email": "davidaw19@ausdk12.org",
    "english_class": 9,
    "ihs_class": 7,
    "group": 222,
    "last_name": "Wolf",
    "first_name": "David"
  }
},
{
  "model": "group_manager.student",
  "pk": 204605,
  "fields": {
    "email": "leannefb19@ausdk12.org",
    "english_class": 14,
    "ihs_class": 6,
    "group": 173,
    "last_name": "Blum",
    "first_name": "Leanne"
  }
},
{
  "model": "group_manager.student",
  "pk": 204606,
  "fields": {
    "email": "matthewlb19@ausdk12.org",
    "english_class": 11,
    "ihs_class": 7,
    "group": 174,
    "last_name": "Brusseau",
    "first_name": "Matthew"
  }
},
{
  "model": "group_manager.student",
  "pk": 204612,
  "fields": {
    "email": "abdulrahmanue19@ausdk12.org",
    "english_class": 11,
    "ihs_class": 7,
    "group": 178,
    "last_name": "El-Saied",
    "first_name": "Abdul-Rahman"
  }
},
{
  "model": "group_manager.student",
  "pk": 204614,
  "fields": {
    "email": "jadehg19@ausdk12.org",
    "english_class": 12,
    "ihs_class": 6,
    "group": 182,
    "last_name": "Goree",
    "first_name": "Jade"
  }
},
{
  "model": "group_manager.student",
  "pk": 204616,
  "fields": {
    "email": "lunarg19@ausdk12.org",
    "english_class": 11,
    "ihs_class": 5,
    "group": 183,
    "last_name": "Gulisano",
    "first_name": "Luna"
  }
},
{
  "model": "group_manager.student",
  "pk": 204617,
  "fields": {
    "email": "jackjh19@ausdk12.org",
    "english_class": 11,
    "ihs_class": 5,
    "group": 183,
    "last_name": "Hallinan",
    "first_name": "Jack"
  }
},
{
  "model": "group_manager.student",
  "pk": 204618,
  "fields": {
    "email": "nikkopi19@ausdk12.org",
    "english_class": 11,
    "ihs_class": 7,
    "group": 186,
    "last_name": "Intoci",
    "first_name": "Nikko"
  }
},
{
  "model": "group_manager.student",
  "pk": 204622,
  "fields": {
    "email": "lucienfl19@ausdk12.org",
    "english_class": 9,
    "ihs_class": 7,
    "group": 196,
    "last_name": "Lucky",
    "first_name": "Lucien"
  }
},
{
  "model": "group_manager.student",
  "pk": 204623,
  "fields": {
    "email": "ryanlm19@ausdk12.org",
    "english_class": 14,
    "ihs_class": 5,
    "group": 198,
    "last_name": "Man",
    "first_name": "Ryan"
  }
},
{
  "model": "group_manager.student",
  "pk": 204626,
  "fields": {
    "email": "stellarn19@ausdk12.org",
    "english_class": 11,
    "ihs_class": 6,
    "group": 202,
    "last_name": "Naylor",
    "first_name": "Stella"
  }
},
{
  "model": "group_manager.student",
  "pk": 204627,
  "fields": {
    "email": "andresmp19@ausdk12.org",
    "english_class": 12,
    "ihs_class": 1,
    "group": 206,
    "last_name": "Payongayong",
    "first_name": "Andres"
  }
},
{
  "model": "group_manager.student",
  "pk": 204629,
  "fields": {
    "email": "caspianjp19@ausdk12.org",
    "english_class": 9,
    "ihs_class": 5,
    "group": 207,
    "last_name": "Pimpan",
    "first_name": "Caspian"
  }
},
{
  "model": "group_manager.student",
  "pk": 204632,
  "fields": {
    "email": "nicots19@ausdk12.org",
    "english_class": 9,
    "ihs_class": 5,
    "group": 215,
    "last_name": "Sorensen",
    "first_name": "Nico"
  }
},
{
  "model": "group_manager.student",
  "pk": 204634,
  "fields": {
    "email": "yinlinls19@ausdk12.org",
    "english_class": 13,
    "ihs_class": 1,
    "group": 216,
    "last_name": "Suennen",
    "first_name": "Yinlin"
  }
},
{
  "model": "group_manager.student",
  "pk": 204661,
  "fields": {
    "email": "angelocf19@ausdk12.org",
    "english_class": 8,
    "ihs_class": 2,
    "group": 180,
    "last_name": "Feliciano",
    "first_name": "Angelo"
  }
},
{
  "model": "group_manager.student",
  "pk": 204665,
  "fields": {
    "email": "calebvf19@ausdk12.org",
    "english_class": 9,
    "ihs_class": 1,
    "group": 180,
    "last_name": "Foster",
    "first_name": "Caleb"
  }
},
{
  "model": "group_manager.student",
  "pk": 204666,
  "fields": {
    "email": "jaredkf19@ausdk12.org",
    "english_class": 12,
    "ihs_class": 2,
    "group": 181,
    "last_name": "Fukumae",
    "first_name": "Jared"
  }
},
{
  "model": "group_manager.student",
  "pk": 204675,
  "fields": {
    "email": "marisafr19@ausdk12.org",
    "english_class": 14,
    "ihs_class": 5,
    "group": 209,
    "last_name": "Rockwell",
    "first_name": "Marisa"
  }
},
{
  "model": "group_manager.student",
  "pk": 204678,
  "fields": {
    "email": "tiamak19@ausdk12.org",
    "english_class": 14,
    "ihs_class": 5,
    "group": 190,
    "last_name": "Kermanshahi",
    "first_name": "Tiam"
  }
},
{
  "model": "group_manager.student",
  "pk": 204679,
  "fields": {
    "email": "michaelsl19@ausdk12.org",
    "english_class": 11,
    "ihs_class": 3,
    "group": 197,
    "last_name": "Luoma",
    "first_name": "Michael"
  }
},
{
  "model": "group_manager.student",
  "pk": 204714,
  "fields": {
    "email": "benjaminzl19@ausdk12.org",
    "english_class": 12,
    "ihs_class": 2,
    "group": 195,
    "last_name": "Lo",
    "first_name": "Benjamin"
  }
},
{
  "model": "group_manager.student",
  "pk": 204761,
  "fields": {
    "email": "kylep19@ausdk12.org",
    "english_class": 10,
    "ihs_class": 6,
    "group": 205,
    "last_name": "Paiz",
    "first_name": "Kyle"
  }
},
{
  "model": "group_manager.student",
  "pk": 204762,
  "fields": {
    "email": "madisonl19@ausdk12.org",
    "english_class": 9,
    "ihs_class": 1,
    "group": 193,
    "last_name": "Lee",
    "first_name": "Madison"
  }
},
{
  "model": "group_manager.student",
  "pk": 204823,
  "fields": {
    "email": "tylerij19@ausdk12.org",
    "english_class": 8,
    "ihs_class": 3,
    "group": 187,
    "last_name": "Jackson",
    "first_name": "Tyler"
  }
},
{
  "model": "group_manager.student",
  "pk": 204832,
  "fields": {
    "email": "ninace19@ausdk12.org",
    "english_class": 13,
    "ihs_class": 2,
    "group": 179,
    "last_name": "Escoto",
    "first_name": "Nina"
  }
},
{
  "model": "group_manager.student",
  "pk": 204864,
  "fields": {
    "email": "tiffanyaj19@ausdk12.org",
    "english_class": 10,
    "ihs_class": 6,
    "group": 188,
    "last_name": "Johnson",
    "first_name": "Tiffany"
  }
},
{
  "model": "group_manager.student",
  "pk": 204874,
  "fields": {
    "email": "lukemw19@ausdk12.org",
    "english_class": 10,
    "ihs_class": 2,
    "group": 221,
    "last_name": "Williams",
    "first_name": "Luke"
  }
},
{
  "model": "group_manager.student",
  "pk": 204878,
  "fields": {
    "email": "henrydp19@ausdk12.org",
    "english_class": 12,
    "ihs_class": 2,
    "group": 208,
    "last_name": "Pree",
    "first_name": "Henry"
  }
},
{
  "model": "group_manager.student",
  "pk": 204910,
  "fields": {
    "email": "kristylp19@ausdk12.org",
    "english_class": 12,
    "ihs_class": 2,
    "group": 207,
    "last_name": "Plamenco",
    "first_name": "Kristyl Anne"
  }
},
{
  "model": "group_manager.student",
  "pk": 204936,
  "fields": {
    "email": "areezam19@ausdk12.org",
    "english_class": 12,
    "ihs_class": 6,
    "group": 198,
    "last_name": "Malik",
    "first_name": "Areez"
  }
},
{
  "model": "group_manager.student",
  "pk": 204973,
  "fields": {
    "email": "elizabetha19@ausdk12.org",
    "english_class": 8,
    "ihs_class": 2,
    "group": 171,
    "last_name": "Alvarado",
    "first_name": "Elizabeth"
  }
},
{
  "model": "group_manager.student",
  "pk": 205072,
  "fields": {
    "email": "derrickjc19@ausdk12.org",
    "english_class": 13,
    "ihs_class": 1,
    "group": 176,
    "last_name": "Chen",
    "first_name": "Derrick"
  }
},
{
  "model": "group_manager.student",
  "pk": 205076,
  "fields": {
    "email": "jerryrw19@ausdk12.org",
    "english_class": 13,
    "ihs_class": 1,
    "group": 223,
    "last_name": "Wu",
    "first_name": "Jerry"
  }
},
{
  "model": "group_manager.student",
  "pk": 205159,
  "fields": {
    "email": "rubyt19@ausdk12.org",
    "english_class": 13,
    "ihs_class": 1,
    "group": 218,
    "last_name": "Tang",
    "first_name": "Ruby"
  }
},
{
  "model": "group_manager.student",
  "pk": 205212,
  "fields": {
    "email": "maximl19@ausdk12.org",
    "english_class": 13,
    "ihs_class": 3,
    "group": 196,
    "last_name": "Loshak",
    "first_name": "Maxim"
  }
},
{
  "model": "group_manager.student",
  "pk": 205259,
  "fields": {
    "email": "yaraie19@ausdk12.org",
    "english_class": 9,
    "ihs_class": 7,
    "group": 178,
    "last_name": "Eliyan",
    "first_name": "Yara"
  }
},
{
  "model": "group_manager.student",
  "pk": 205295,
  "fields": {
    "email": "emilyzl19@ausdk12.org",
    "english_class": 13,
    "ihs_class": 2,
    "group": 196,
    "last_name": "Lu",
    "first_name": "Emily"
  }
},
{
  "model": "group_manager.student",
  "pk": 205310,
  "fields": {
    "email": "jettsl19@ausdk12.org",
    "english_class": 8,
    "ihs_class": 3,
    "group": 194,
    "last_name": "Lim",
    "first_name": "Jett"
  }
},
{
  "model": "group_manager.student",
  "pk": 205315,
  "fields": {
    "email": "delianjl19@ausdk12.org",
    "english_class": 8,
    "ihs_class": 4,
    "group": 194,
    "last_name": "Ligon",
    "first_name": "Delian"
  }
},
{
  "model": "group_manager.student",
  "pk": 205403,
  "fields": {
    "email": "shauniecelw19@ausdk12.org",
    "english_class": 8,
    "ihs_class": 2,
    "group": 222,
    "last_name": "Williams",
    "first_name": "Shauniece"
  }
},
{
  "model": "group_manager.student",
  "pk": 205433,
  "fields": {
    "email": "alfredmb19@ausdk12.org",
    "english_class": 8,
    "ihs_class": 2,
    "group": 174,
    "last_name": "Butiong",
    "first_name": "Alfred"
  }
},
{
  "model": "group_manager.student",
  "pk": 205479,
  "fields": {
    "email": "anam19@ausdk12.org",
    "english_class": 12,
    "ihs_class": 6,
    "group": 200,
    "last_name": "Megibben",
    "first_name": "Ana"
  }
},
{
  "model": "group_manager.student",
  "pk": 205492,
  "fields": {
    "email": "tamaradb19@ausdk12.org",
    "english_class": 12,
    "ihs_class": 4,
    "group": 173,
    "last_name": "Borgfeldt",
    "first_name": "Tamara"
  }
},
{
  "model": "group_manager.student",
  "pk": 205503,
  "fields": {
    "email": "karmans19@ausdk12.org",
    "english_class": 11,
    "ihs_class": 5,
    "group": 213,
    "last_name": "Sikand",
    "first_name": "Karman"
  }
},
{
  "model": "group_manager.student",
  "pk": 205507,
  "fields": {
    "email": "nataliau19@ausdk12.org",
    "english_class": 13,
    "ihs_class": 2,
    "group": 220,
    "last_name": "Urbas",
    "first_name": "Natalia"
  }
},
{
  "model": "group_manager.student",
  "pk": 205550,
  "fields": {
    "email": "maxwelljm19@ausdk12.org",
    "english_class": 12,
    "ihs_class": 6,
    "group": 200,
    "last_name": "Meyers",
    "first_name": "Maxwell"
  }
},
{
  "model": "group_manager.student",
  "pk": 205564,
  "fields": {
    "email": "sophiawa19@ausdk12.org",
    "english_class": 10,
    "ihs_class": 5,
    "group": 169,
    "last_name": "Acker",
    "first_name": "Sophia"
  }
},
{
  "model": "group_manager.student",
  "pk": 205589,
  "fields": {
    "email": "anthonyjn19@ausdk12.org",
    "english_class": 9,
    "ihs_class": 7,
    "group": 203,
    "last_name": "Nihei",
    "first_name": "Anthony"
  }
},
{
  "model": "group_manager.student",
  "pk": 205640,
  "fields": {
    "email": "jungaha19@ausdk12.org",
    "english_class": 12,
    "ihs_class": 3,
    "group": 170,
    "last_name": "Ahn",
    "first_name": "Jungah"
  }
},
{
  "model": "group_manager.student",
  "pk": 205643,
  "fields": {
    "email": "alexandermc19@ausdk12.org",
    "english_class": 8,
    "ihs_class": 2,
    "group": 177,
    "last_name": "Cortez",
    "first_name": "Alexander"
  }
},
{
  "model": "group_manager.student",
  "pk": 205644,
  "fields": {
    "email": "shuntongd19@ausdk12.org",
    "english_class": 14,
    "ihs_class": 5,
    "group": 177,
    "last_name": "Deng",
    "first_name": "Shuntong"
  }
},
{
  "model": "group_manager.student",
  "pk": 205645,
  "fields": {
    "email": "rosete19@ausdk12.org",
    "english_class": 11,
    "ihs_class": 6,
    "group": 179,
    "last_name": "Ernst",
    "first_name": "Rose"
  }
},
{
  "model": "group_manager.student",
  "pk": 205648,
  "fields": {
    "email": "nicoleh19@ausdk12.org",
    "english_class": 9,
    "ihs_class": 7,
    "group": 184,
    "last_name": "Hernandez",
    "first_name": "Nicole"
  }
},
{
  "model": "group_manager.student",
  "pk": 205651,
  "fields": {
    "email": "sulaimanms19@ausdk12.org",
    "english_class": 8,
    "ihs_class": 2,
    "group": 211,
    "last_name": "Sabir",
    "first_name": "Sulaiman"
  }
},
{
  "model": "group_manager.student",
  "pk": 205655,
  "fields": {
    "email": "nathands19@ausdk12.org",
    "english_class": 9,
    "ihs_class": 1,
    "group": 214,
    "last_name": "Skinner",
    "first_name": "Nathan"
  }
},
{
  "model": "group_manager.student",
  "pk": 205659,
  "fields": {
    "email": "sungk19@ausdk12.org",
    "english_class": 9,
    "ihs_class": 7,
    "group": 190,
    "last_name": "Kim",
    "first_name": "Sung Joo"
  }
},
{
  "model": "group_manager.student",
  "pk": 205736,
  "fields": {
    "email": "DarrienAM19@ausdk12.org",
    "english_class": 9,
    "ihs_class": 5,
    "group": 200,
    "last_name": "Miller",
    "first_name": "Darrien"
  }
},
{
  "model": "group_manager.student",
  "pk": 205754,
  "fields": {
    "email": "NicholasGC19@ausdk12.org",
    "english_class": 11,
    "ihs_class": 1,
    "group": 175,
    "last_name": "Chavez",
    "first_name": "Nicholas"
  }
},
{
  "model": "group_manager.student",
  "pk": 205777,
  "fields": {
    "email": "anjeloup19@ausdk12.org",
    "english_class": 9,
    "ihs_class": 7,
    "group": 205,
    "last_name": "Parafina",
    "first_name": "Anjelou"
  }
},
{
  "model": "group_manager.student",
  "pk": 205788,
  "fields": {
    "email": "calebcj19@ausdk12.org",
    "english_class": 8,
    "ihs_class": 2,
    "group": 188,
    "last_name": "Johnson",
    "first_name": "Caleb"
  }
},
{
  "model": "group_manager.student",
  "pk": 205792,
  "fields": {
    "email": "liambc19@ausdk12.org",
    "english_class": 11,
    "ihs_class": 6,
    "group": 175,
    "last_name": "Cardozo",
    "first_name": "Liam"
  }
},
{
  "model": "group_manager.student",
  "pk": 205812,
  "fields": {
    "email": "isaaclz19@ausdk12.org",
    "english_class": 11,
    "ihs_class": 5,
    "group": 224,
    "last_name": "Zalkin",
    "first_name": "Isaac"
  }
},
{
  "model": "group_manager.student",
  "pk": 205933,
  "fields": {
    "email": "altanchimego19@ausdk12.org",
    "english_class": 10,
    "ihs_class": 2,
    "group": 203,
    "last_name": "Odbayar",
    "first_name": "Altanchimeg"
  }
},
{
  "model": "group_manager.student",
  "pk": 205965,
  "fields": {
    "email": "andreyv19@ausdk12.org",
    "english_class": 14,
    "ihs_class": 3,
    "group": 221,
    "last_name": "Voronov",
    "first_name": "Andrey"
  }
},
{
  "model": "group_manager.student",
  "pk": 206305,
  "fields": {
    "email": "alexk19@ausdk12.org",
    "english_class": 9,
    "ihs_class": 6,
    "group": 191,
    "last_name": "Kireeff",
    "first_name": "Alex"
  }
},
{
  "model": "group_manager.student",
  "pk": 206335,
  "fields": {
    "email": "brandonwc19@ausdk12.org",
    "english_class": 14,
    "ihs_class": 6,
    "group": 175,
    "last_name": "Chen",
    "first_name": "Brandon"
  }
},
{
  "model": "group_manager.student",
  "pk": 206411,
  "fields": {
    "email": "lucasga19@ausdk12.org",
    "english_class": 14,
    "ihs_class": 5,
    "group": 172,
    "last_name": "Aurelio",
    "first_name": "Lucas"
  }
},
{
  "model": "group_manager.student",
  "pk": 206457,
  "fields": {
    "email": "sebastianlf19@ausdk12.org",
    "english_class": 11,
    "ihs_class": 1,
    "group": 179,
    "last_name": "Falconi",
    "first_name": "Sebastian"
  }
},
{
  "model": "group_manager.student",
  "pk": 206487,
  "fields": {
    "email": "apoorvap19@ausdk12.org",
    "english_class": 14,
    "ihs_class": 3,
    "group": 206,
    "last_name": "Parajuli",
    "first_name": "Apoorva"
  }
},
{
  "model": "group_manager.student",
  "pk": 206495,
  "fields": {
    "email": "calibs19@ausdk12.org",
    "english_class": 9,
    "ihs_class": 1,
    "group": 216,
    "last_name": "Stewart",
    "first_name": "Cali"
  }
},
{
  "model": "group_manager.student",
  "pk": 206555,
  "fields": {
    "email": "shayels19@ausdk12.org",
    "english_class": 13,
    "ihs_class": 2,
    "group": 217,
    "last_name": "Sullivan",
    "first_name": "Shaye"
  }
},
{
  "model": "group_manager.student",
  "pk": 206557,
  "fields": {
    "email": "graceed19@ausdk12.org",
    "english_class": 10,
    "ihs_class": 1,
    "group": 177,
    "last_name": "Davidson",
    "first_name": "Grace"
  }
},
{
  "model": "group_manager.student",
  "pk": 206701,
  "fields": {
    "email": "wendywl19@ausdk12.org",
    "english_class": 12,
    "ihs_class": 2,
    "group": 195,
    "last_name": "Liu",
    "first_name": "Wendy"
  }
},
{
  "model": "group_manager.student",
  "pk": 206707,
  "fields": {
    "email": "amayam19@ausdk12.org",
    "english_class": 9,
    "ihs_class": 6,
    "group": 201,
    "last_name": "Munoz",
    "first_name": "Amaya"
  }
},
{
  "model": "group_manager.student",
  "pk": 207102,
  "fields": {
    "email": "amalpk19@ausdk12.org",
    "english_class": 11,
    "ihs_class": 6,
    "group": 189,
    "last_name": "Kaduwela",
    "first_name": "Amal"
  }
},
{
  "model": "group_manager.student",
  "pk": 207104,
  "fields": {
    "email": "julianev19@ausdk12.org",
    "english_class": 13,
    "ihs_class": 3,
    "group": 221,
    "last_name": "Villegas",
    "first_name": "Julian Florence"
  }
},
{
  "model": "group_manager.student",
  "pk": 207329,
  "fields": {
    "email": "azzayam19@ausdk12.org",
    "english_class": 11,
    "ihs_class": 1,
    "group": 201,
    "last_name": "Munkhbat",
    "first_name": "Azzaya"
  }
},
{
  "model": "group_manager.student",
  "pk": 207330,
  "fields": {
    "email": "kungad19@ausdk12.org",
    "english_class": 11,
    "ihs_class": 6,
    "group": 178,
    "last_name": "Divie",
    "first_name": "Kunga"
  }
},
{
  "model": "group_manager.student",
  "pk": 207371,
  "fields": {
    "email": "emilyf19@ausdk12.org",
    "english_class": 11,
    "ihs_class": 7,
    "group": 179,
    "last_name": "Federspiel",
    "first_name": "Emily"
  }
},
{
  "model": "group_manager.student",
  "pk": 207373,
  "fields": {
    "email": "carlosp19@ausdk12.org",
    "english_class": 11,
    "ihs_class": 6,
    "group": 205,
    "last_name": "Palma",
    "first_name": "Carlos"
  }
},
{
  "model": "group_manager.student",
  "pk": 207377,
  "fields": {
    "email": "yunfanz19@ausdk12.org",
    "english_class": 9,
    "ihs_class": 7,
    "group": 224,
    "last_name": "Zhong",
    "first_name": "Yunfan"
  }
},
{
  "model": "group_manager.student",
  "pk": 207917,
  "fields": {
    "email": "abela19@ausdk12.org",
    "english_class": 12,
    "ihs_class": 3,
    "group": 171,
    "last_name": "Amare",
    "first_name": "Abel"
  }
},
{
  "model": "group_manager.student",
  "pk": 207918,
  "fields": {
    "email": "milesrd19@ausdk12.org",
    "english_class": 14,
    "ihs_class": 6,
    "group": 178,
    "last_name": "DeRosa",
    "first_name": "Miles"
  }
},
{
  "model": "group_manager.student",
  "pk": 207920,
  "fields": {
    "email": "irenemo19@ausdk12.org",
    "english_class": 11,
    "ihs_class": 6,
    "group": 204,
    "last_name": "Ohshita",
    "first_name": "Irene"
  }
},
{
  "model": "group_manager.student",
  "pk": 207955,
  "fields": {
    "email": "sages19@ausdk12.org",
    "english_class": 11,
    "ihs_class": 7,
    "group": 212,
    "last_name": "Sherman-Howell",
    "first_name": "Sage"
  }
},
{
  "model": "group_manager.student",
  "pk": 1100230,
  "fields": {
    "email": "clussier1488@att.net",
    "english_class": 11,
    "ihs_class": 1,
    "group": 197,
    "last_name": "Lussier",
    "first_name": "Camille"
  }
},
{
  "model": "group_manager.student",
  "pk": 1100231,
  "fields": {
    "email": "shelbywm19@ausdk12.org",
    "english_class": 11,
    "ihs_class": 7,
    "group": 199,
    "last_name": "McDonald",
    "first_name": "Shelby"
  }
},
{
  "model": "group_manager.student",
  "pk": 1100236,
  "fields": {
    "email": "jamaicakk19@ausdk12.org",
    "english_class": 11,
    "ihs_class": 7,
    "group": 189,
    "last_name": "Kalika",
    "first_name": "Jamaica"
  }
},
{
  "model": "group_manager.student",
  "pk": 1100244,
  "fields": {
    "email": "lenaao19@ausdk12.org",
    "english_class": 10,
    "ihs_class": 5,
    "group": 204,
    "last_name": "Owens Fiesel",
    "first_name": "Lena"
  }
},
{
  "model": "group_manager.student",
  "pk": 1100247,
  "fields": {
    "email": "umajo19@ausdk12.org",
    "english_class": 9,
    "ihs_class": 6,
    "group": 204,
    "last_name": "Owens Fiesel",
    "first_name": "Uma"
  }
},
{
  "model": "group_manager.student",
  "pk": 1100254,
  "fields": {
    "email": "alvinh19@ausdk12.org",
    "english_class": 9,
    "ihs_class": 5,
    "group": 185,
    "last_name": "Holmes-Ung",
    "first_name": "Alvin"
  }
},
{
  "model": "group_manager.student",
  "pk": 1100260,
  "fields": {
    "email": "elizabethrm19@ausdk12.org",
    "english_class": 11,
    "ihs_class": 7,
    "group": 199,
    "last_name": "McGuire",
    "first_name": "Elizabeth"
  }
},
{
  "model": "group_manager.student",
  "pk": 1100265,
  "fields": {
    "email": "mabelet19@ausdk12.org",
    "english_class": 9,
    "ihs_class": 5,
    "group": 219,
    "last_name": "Thaden",
    "first_name": "Mabel"
  }
},
{
  "model": "group_manager.student",
  "pk": 1100272,
  "fields": {
    "email": "milotk19@ausdk12.org",
    "english_class": 14,
    "ihs_class": 5,
    "group": 189,
    "last_name": "Kasparek",
    "first_name": "Milo"
  }
},
{
  "model": "group_manager.student",
  "pk": 1100274,
  "fields": {
    "email": "avrif19@ausdk12.org",
    "english_class": 14,
    "ihs_class": 3,
    "group": 180,
    "last_name": "Finch",
    "first_name": "Avri"
  }
},
{
  "model": "group_manager.student",
  "pk": 1100284,
  "fields": {
    "email": "dantef19@ausdk12.org",
    "english_class": 10,
    "ihs_class": 1,
    "group": 180,
    "last_name": "Finley",
    "first_name": "Dante"
  }
},
{
  "model": "group_manager.student",
  "pk": 1100285,
  "fields": {
    "email": "guadalupecw19@ausdk12.org",
    "english_class": 13,
    "ihs_class": 1,
    "group": 222,
    "last_name": "Wright",
    "first_name": "Guadalupe"
  }
},
{
  "model": "group_manager.student",
  "pk": 1100286,
  "fields": {
    "email": "isabelab19@ausdk12.org",
    "english_class": 9,
    "ihs_class": 7,
    "group": 174,
    "last_name": "Bustamante",
    "first_name": "Isabel"
  }
},
{
  "model": "group_manager.student",
  "pk": 1100288,
  "fields": {
    "email": "jacquelineg19@ausdk12.org",
    "english_class": 14,
    "ihs_class": 3,
    "group": 182,
    "last_name": "Gonzales",
    "first_name": "Jacqueline"
  }
},
{
  "model": "group_manager.student",
  "pk": 1100289,
  "fields": {
    "email": "mariasa19@ausdk12.org",
    "english_class": 9,
    "ihs_class": 6,
    "group": 171,
    "last_name": "Almeida Caballero",
    "first_name": "Maria"
  }
},
{
  "model": "group_manager.student",
  "pk": 1100290,
  "fields": {
    "email": "nicholases19@ausdk12.org",
    "english_class": 9,
    "ihs_class": 1,
    "group": 216,
    "last_name": "Stiehm",
    "first_name": "Nicholas"
  }
},
{
  "model": "group_manager.student",
  "pk": 1100292,
  "fields": {
    "email": "asiamb19@ausdk12.org",
    "english_class": 8,
    "ihs_class": 3,
    "group": 173,
    "last_name": "Brantley",
    "first_name": "Asia"
  }
},
{
  "model": "group_manager.student",
  "pk": 1100293,
  "fields": {
    "email": "giannipg19@ausdk12.org",
    "english_class": 9,
    "ihs_class": 5,
    "group": 181,
    "last_name": "Galaviz",
    "first_name": "Gianni"
  }
},
{
  "model": "group_manager.student",
  "pk": 1100294,
  "fields": {
    "email": "aidanjm19@ausdk12.org",
    "english_class": 11,
    "ihs_class": 1,
    "group": 199,
    "last_name": "McRoberts",
    "first_name": "Aidan"
  }
},
{
  "model": "group_manager.student",
  "pk": 1100298,
  "fields": {
    "email": "samanthas19@ausdk12.org",
    "english_class": 11,
    "ihs_class": 6,
    "group": 215,
    "last_name": "Smithies",
    "first_name": "Samantha"
  }
},
{
  "model": "group_manager.student",
  "pk": 1100312,
  "fields": {
    "email": "spencerah19@ausdk12.org",
    "english_class": 10,
    "ihs_class": 1,
    "group": 183,
    "last_name": "Hampton",
    "first_name": "Spencer"
  }
},
{
  "model": "group_manager.student",
  "pk": 1100313,
  "fields": {
    "email": "luanqianl19@ausdk12.org",
    "english_class": 10,
    "ihs_class": 5,
    "group": 193,
    "last_name": "Li",
    "first_name": "Luanqian"
  }
},
{
  "model": "group_manager.student",
  "pk": 1100314,
  "fields": {
    "email": "mayart19@ausdk12.org",
    "english_class": 10,
    "ihs_class": 2,
    "group": 218,
    "last_name": "Tarano",
    "first_name": "Maya"
  }
},
{
  "model": "group_manager.student",
  "pk": 1100316,
  "fields": {
    "email": "ryansp19@ausdk12.org",
    "english_class": 10,
    "ihs_class": 6,
    "group": 207,
    "last_name": "Petersen",
    "first_name": "Ryan"
  }
},
{
  "model": "group_manager.student",
  "pk": 1100317,
  "fields": {
    "email": "jordanaw19@ausdk12.org",
    "english_class": 11,
    "ihs_class": 5,
    "group": 221,
    "last_name": "White",
    "first_name": "Jordan"
  }
},
{
  "model": "group_manager.student",
  "pk": 1100318,
  "fields": {
    "email": "suzannesn19@ausdk12.org",
    "english_class": 13,
    "ihs_class": 4,
    "group": 202,
    "last_name": "Nalle",
    "first_name": "Suzanne"
  }
},
{
  "model": "group_manager.student",
  "pk": 1100320,
  "fields": {
    "email": "shidenmg19@ausdk12.org",
    "english_class": 12,
    "ihs_class": 1,
    "group": 181,
    "last_name": "Gebremichael",
    "first_name": "Shiden"
  }
},
{
  "model": "group_manager.student",
  "pk": 1100322,
  "fields": {
    "email": "gracem19@ausdk12.org",
    "english_class": 12,
    "ihs_class": 4,
    "group": 202,
    "last_name": "Murphy",
    "first_name": "Grace"
  }
},
{
  "model": "group_manager.student",
  "pk": 1100323,
  "fields": {
    "email": "matthewm19@ausdk12.org",
    "english_class": 11,
    "ihs_class": 5,
    "group": 202,
    "last_name": "Murphy",
    "first_name": "Matthew"
  }
},
{
  "model": "group_manager.student",
  "pk": 1100325,
  "fields": {
    "email": "tarakg19@ausdk12.org",
    "english_class": 12,
    "ihs_class": 4,
    "group": 183,
    "last_name": "Gyaltsen",
    "first_name": "Tara"
  }
},
{
  "model": "group_manager.student",
  "pk": 1100331,
  "fields": {
    "email": "elizabethys19@ausdk12.org",
    "english_class": 13,
    "ihs_class": 3,
    "group": 212,
    "last_name": "Scalice",
    "first_name": "Elizabeth"
  }
},
{
  "model": "group_manager.student",
  "pk": 1100332,
  "fields": {
    "email": "amayaml19@ausdk12.org",
    "english_class": 14,
    "ihs_class": 6,
    "group": 196,
    "last_name": "Lucas",
    "first_name": "Amaya"
  }
},
{
  "model": "group_manager.student",
  "pk": 1100340,
  "fields": {
    "email": "madelynjl19@ausdk12.org",
    "english_class": 9,
    "ihs_class": 5,
    "group": 192,
    "last_name": "Larkins",
    "first_name": "Madelyn"
  }
},
{
  "model": "group_manager.student",
  "pk": 1100346,
  "fields": {
    "email": "shavasegs19@ausdk12.org",
    "english_class": 11,
    "ihs_class": 6,
    "group": 212,
    "last_name": "Shine",
    "first_name": "Shavase"
  }
},
{
  "model": "group_manager.student",
  "pk": 1100366,
  "fields": {
    "email": "sarahjh19@ausdk12.org",
    "english_class": 11,
    "ihs_class": 6,
    "group": 185,
    "last_name": "Hoke",
    "first_name": "Sarah"
  }
},
{
  "model": "group_manager.student",
  "pk": 1100367,
  "fields": {
    "email": "mariasophiaf19@ausdk12.org",
    "english_class": 11,
    "ihs_class": 6,
    "group": 180,
    "last_name": "Fedyk",
    "first_name": "Maria-Sophia"
  }
},
{
  "model": "group_manager.student",
  "pk": 1100372,
  "fields": {
    "email": "richardj19@ausdk12.org",
    "english_class": 10,
    "ihs_class": 1,
    "group": 188,
    "last_name": "Jimenez",
    "first_name": "Richard"
  }
},
{
  "model": "group_manager.student",
  "pk": 1100377,
  "fields": {
    "email": "brayamap19@ausdk12.org",
    "english_class": 11,
    "ihs_class": 5,
    "group": 206,
    "last_name": "Peralta",
    "first_name": "Brayam"
  }
},
{
  "model": "group_manager.student",
  "pk": 1100384,
  "fields": {
    "email": "sequoiaob19@ausdk12.org",
    "english_class": 11,
    "ihs_class": 7,
    "group": 173,
    "last_name": "Boubion-McKay",
    "first_name": "Sequoia"
  }
},
{
  "model": "group_manager.student",
  "pk": 1100396,
  "fields": {
    "email": "coriellla19@ausdk12.org",
    "english_class": 9,
    "ihs_class": 5,
    "group": 170,
    "last_name": "Alexander",
    "first_name": "Coriell"
  }
},
{
  "model": "group_manager.student",
  "pk": 1100415,
  "fields": {
    "email": "elybj19@ausdk12.org",
    "english_class": 12,
    "ihs_class": 6,
    "group": 189,
    "last_name": "Jrade",
    "first_name": "Ely"
  }
},
{
  "model": "group_manager.student",
  "pk": 1100430,
  "fields": {
    "email": "noelkk19@ausdk12.org",
    "english_class": 9,
    "ihs_class": 6,
    "group": 192,
    "last_name": "Kyle",
    "first_name": "Noel"
  }
},
{
  "model": "group_manager.student",
  "pk": 1100435,
  "fields": {
    "email": "fanx19@ausdk12.org",
    "english_class": 11,
    "ihs_class": 7,
    "group": 223,
    "last_name": "Xia",
    "first_name": "Fan"
  }
},
{
  "model": "group_manager.student",
  "pk": 1100438,
  "fields": {
    "email": "serenami19@ausdk12.org",
    "english_class": 11,
    "ihs_class": 6,
    "group": 186,
    "last_name": "Ingalls",
    "first_name": "Serena"
  }
},
{
  "model": "group_manager.student",
  "pk": 1100441,
  "fields": {
    "email": "miloss19@ausdk12.org",
    "english_class": 8,
    "ihs_class": 3,
    "group": 213,
    "last_name": "Siegmann-Watson",
    "first_name": "Milo"
  }
},
{
  "model": "group_manager.student",
  "pk": 1100446,
  "fields": {
    "email": "mokaag19@ausdk12.org",
    "english_class": 11,
    "ihs_class": 5,
    "group": 181,
    "last_name": "Gagnon",
    "first_name": "Moka"
  }
},
{
  "model": "group_manager.student",
  "pk": 1100447,
  "fields": {
    "email": "joaquinlj19@ausdk12.org",
    "english_class": 10,
    "ihs_class": 1,
    "group": 187,
    "last_name": "Jarman",
    "first_name": "Joaquin"
  }
},
{
  "model": "group_manager.student",
  "pk": 1100453,
  "fields": {
    "email": "kolomonami19@ausdk12.org",
    "english_class": 11,
    "ihs_class": 5,
    "group": 186,
    "last_name": "Irvine",
    "first_name": "Kolomona Ryan"
  }
},
{
  "model": "group_manager.student",
  "pk": 1100467,
  "fields": {
    "email": "kirbypf19@ausdk12.org",
    "english_class": 13,
    "ihs_class": 1,
    "group": 179,
    "last_name": "Faine",
    "first_name": "Kirby"
  }
},
{
  "model": "group_manager.student",
  "pk": 1100471,
  "fields": {
    "email": "aidannr19@ausdk12.org",
    "english_class": 9,
    "ihs_class": 1,
    "group": 210,
    "last_name": "Rogers",
    "first_name": "Aidan"
  }
},
{
  "model": "group_manager.student",
  "pk": 1100476,
  "fields": {
    "email": "yusufzj19@ausdk12.org",
    "english_class": 11,
    "ihs_class": 6,
    "group": 187,
    "last_name": "Jandali",
    "first_name": "Yusuf"
  }
},
{
  "model": "group_manager.student",
  "pk": 1100483,
  "fields": {
    "email": "raqueler19@ausdk12.org",
    "english_class": 10,
    "ihs_class": 2,
    "group": 208,
    "last_name": "Ramirez",
    "first_name": "Raquel"
  }
},
{
  "model": "group_manager.student",
  "pk": 1100485,
  "fields": {
    "email": "lungilenn19@ausdk12.org",
    "english_class": 11,
    "ihs_class": 1,
    "group": 203,
    "last_name": "Nyoni",
    "first_name": "Lungile"
  }
},
{
  "model": "group_manager.student",
  "pk": 1100486,
  "fields": {
    "email": "tenziny19@ausdk12.org",
    "english_class": 11,
    "ihs_class": 5,
    "group": 223,
    "last_name": "Yangdon",
    "first_name": "Tenzin"
  }
},
{
  "model": "group_manager.student",
  "pk": 1100487,
  "fields": {
    "email": "angels19@ausdk12.org",
    "english_class": 11,
    "ihs_class": 1,
    "group": 214,
    "last_name": "Simental",
    "first_name": "Angel"
  }
},
{
  "model": "group_manager.student",
  "pk": 1100498,
  "fields": {
    "email": "quinnh19@ausdk12.org",
    "english_class": 10,
    "ihs_class": 4,
    "group": 186,
    "last_name": "Hufler",
    "first_name": "Quinn"
  }
},
{
  "model": "group_manager.student",
  "pk": 1100510,
  "fields": {
    "email": "Bojuulaa@gmail.com",
    "english_class": 11,
    "ihs_class": 1,
    "group": 172,
    "last_name": "Battulga",
    "first_name": "Batchuluun"
  }
},
{
  "model": "group_manager.student",
  "pk": 3100012,
  "fields": {
    "email": "veronicab19@ausdk12.org",
    "english_class": 9,
    "ihs_class": 3,
    "group": 173,
    "last_name": "Brown",
    "first_name": "Veronica"
  }
},
{
  "model": "group_manager.student",
  "pk": 3100014,
  "fields": {
    "email": "christophermm19@ausdk12.org",
    "english_class": 11,
    "ihs_class": 6,
    "group": 201,
    "last_name": "Mowdy",
    "first_name": "Christopher"
  }
},
{
  "model": "group_manager.student",
  "pk": 3100023,
  "fields": {
    "email": "loganjt19@ausdk12.org",
    "english_class": 11,
    "ihs_class": 5,
    "group": 218,
    "last_name": "Taylor",
    "first_name": "Logan"
  }
},
{
  "model": "group_manager.student",
  "pk": 3100077,
  "fields": {
    "email": "kailanibk19@ausdk12.org",
    "english_class": 10,
    "ihs_class": 1,
    "group": 192,
    "last_name": "Kwan-Sy",
    "first_name": "Kailani"
  }
},
{
  "model": "group_manager.student",
  "pk": 3100179,
  "fields": {
    "email": "nyahg19@ausdk12.org",
    "english_class": 11,
    "ihs_class": 5,
    "group": 183,
    "last_name": "Guerrero",
    "first_name": "Nyah"
  }
},
{
  "model": "group_manager.student",
  "pk": 3100180,
  "fields": {
    "email": "taraer19@ausdk12.org",
    "english_class": 10,
    "ihs_class": 4,
    "group": 209,
    "last_name": "Robey",
    "first_name": "Tara"
  }
},
{
  "model": "group_manager.student",
  "pk": 3100186,
  "fields": {
    "email": "joshuacs19@ausdk12.org",
    "english_class": 12,
    "ihs_class": 1,
    "group": 215,
    "last_name": "Sloan",
    "first_name": "Joshua"
  }
},
{
  "model": "group_manager.student",
  "pk": 4100005,
  "fields": {
    "email": "danieleh19@ausdk12.org",
    "english_class": 13,
    "ihs_class": 1,
    "group": 184,
    "last_name": "Henriquez",
    "first_name": "Daniel"
  }
},
{
  "model": "group_manager.student",
  "pk": 4100024,
  "fields": {
    "email": "angelah19@ausdk12.org",
    "english_class": 14,
    "ihs_class": 5,
    "group": 185,
    "last_name": "Hong",
    "first_name": "Angela"
  }
},
{
  "model": "group_manager.student",
  "pk": 4100025,
  "fields": {
    "email": "roshanp19@ausdk12.org",
    "english_class": 10,
    "ihs_class": 6,
    "group": 205,
    "last_name": "Pandey",
    "first_name": "Roshan"
  }
},
{
  "model": "group_manager.student",
  "pk": 4100029,
  "fields": {
    "email": "jalenp19@ausdk12.org",
    "english_class": 12,
    "ihs_class": 3,
    "group": 205,
    "last_name": "Palega",
    "first_name": "Jalen"
  }
},
{
  "model": "group_manager.student",
  "pk": 4100141,
  "fields": {
    "email": "johndm19@ausdk12.org",
    "english_class": 12,
    "ihs_class": 6,
    "group": 201,
    "last_name": "Monk",
    "first_name": "John"
  }
},
{
  "model": "group_manager.student",
  "pk": 4100151,
  "fields": {
    "email": "georgiaet19@ausdk12.org",
    "english_class": 9,
    "ihs_class": 7,
    "group": 219,
    "last_name": "Thomsen",
    "first_name": "Georgia"
  }
},
{
  "model": "group_manager.student",
  "pk": 5100117,
  "fields": {
    "email": "marcusok19@ausdk12.org",
    "english_class": 10,
    "ihs_class": 5,
    "group": 192,
    "last_name": "Kosma",
    "first_name": "Marcus"
  }
},
{
  "model": "group_manager.student",
  "pk": 5100166,
  "fields": {
    "email": "devunja19@ausdk12.org",
    "english_class": 12,
    "ihs_class": 6,
    "group": 171,
    "last_name": "Amoranto",
    "first_name": "Devun Norberto"
  }
},
{
  "model": "group_manager.student",
  "pk": 5100253,
  "fields": {
    "email": "junp19@ausdk12.org",
    "english_class": 8,
    "ihs_class": 3,
    "group": 206,
    "last_name": "Park",
    "first_name": "Jun Seo"
  }
},
{
  "model": "group_manager.student",
  "pk": 5100258,
  "fields": {
    "email": "emiliams19@ausdk12.org",
    "english_class": 9,
    "ihs_class": 5,
    "group": 211,
    "last_name": "Sarikakis",
    "first_name": "Emilia"
  }
},
{
  "model": "group_manager.student",
  "pk": 5100268,
  "fields": {
    "email": "henryco19@ausdk12.org",
    "english_class": 13,
    "ihs_class": 3,
    "group": 203,
    "last_name": "O'Connell",
    "first_name": "Henry"
  }
},
{
  "model": "group_manager.student",
  "pk": 5100341,
  "fields": {
    "email": "netsannetsj19@ausdk12.org",
    "english_class": 12,
    "ihs_class": 3,
    "group": 188,
    "last_name": "Jones",
    "first_name": "Netsannet"
  }
},
{
  "model": "group_manager.student",
  "pk": 5100397,
  "fields": {
    "email": "milok19@ausdk12.org",
    "english_class": 10,
    "ihs_class": 2,
    "group": 190,
    "last_name": "Kearney",
    "first_name": "Milo"
  }
},
{
  "model": "group_manager.student",
  "pk": 100100430,
  "fields": {
    "email": "barryar19@ausdk12.org",
    "english_class": 14,
    "ihs_class": 5,
    "group": 210,
    "last_name": "Rodriguez",
    "first_name": "Barry"
  }
},
{
  "model": "group_manager.student",
  "pk": 100100432,
  "fields": {
    "email": "jonathanbt19@ausdk12.org",
    "english_class": 9,
    "ihs_class": 6,
    "group": 219,
    "last_name": "Torres Gutierrez",
    "first_name": "Jonathan"
  }
},
{
  "model": "group_manager.student",
  "pk": 100100433,
  "fields": {
    "email": "arnoldft19@ausdk12.org",
    "english_class": 11,
    "ihs_class": 6,
    "group": 219,
    "last_name": "Torres",
    "first_name": "Arnold"
  }
},
{
  "model": "group_manager.student",
  "pk": 100100434,
  "fields": {
    "email": "danielp19@ausdk12.org",
    "english_class": 8,
    "ihs_class": 4,
    "group": 206,
    "last_name": "Park",
    "first_name": "Daniel"
  }
},
{
  "model": "group_manager.student",
  "pk": 100100437,
  "fields": {
    "email": "zacharywh19@ausdk12.org",
    "english_class": 13,
    "ihs_class": 1,
    "group": 184,
    "last_name": "Harkness",
    "first_name": "Zachary"
  }
},
{
  "model": "group_manager.student",
  "pk": 100100438,
  "fields": {
    "email": "leilamm19@ausdk12.org",
    "english_class": 11,
    "ihs_class": 3,
    "group": 198,
    "last_name": "Massoudi",
    "first_name": "Leila"
  }
},
{
  "model": "group_manager.student",
  "pk": 100100439,
  "fields": {
    "email": "tylergr19@ausdk12.org",
    "english_class": 8,
    "ihs_class": 3,
    "group": 209,
    "last_name": "Rissmann",
    "first_name": "Tyler"
  }
},
{
  "model": "group_manager.student",
  "pk": 100100444,
  "fields": {
    "email": "zhengbt19@ausdk12.org",
    "english_class": 10,
    "ihs_class": 6,
    "group": 217,
    "last_name": "Tan",
    "first_name": "Zheng"
  }
},
{
  "model": "group_manager.student",
  "pk": 100100446,
  "fields": {
    "email": "hailieg19@ausdk12.org",
    "english_class": 11,
    "ihs_class": 5,
    "group": 181,
    "last_name": "Gillis",
    "first_name": "Hailie"
  }
},
{
  "model": "group_manager.student",
  "pk": 100100447,
  "fields": {
    "email": "emmams19@ausdk12.org",
    "english_class": 8,
    "ihs_class": 3,
    "group": 213,
    "last_name": "Siecienski",
    "first_name": "Emma"
  }
},
{
  "model": "group_manager.student",
  "pk": 100100449,
  "fields": {
    "email": "sebastianmm19@ausdk12.org",
    "english_class": 11,
    "ihs_class": 1,
    "group": 197,
    "last_name": "Maaren",
    "first_name": "Sebastian"
  }
},
{
  "model": "group_manager.student",
  "pk": 100100450,
  "fields": {
    "email": "christinalb18@ausdk12.org",
    "english_class": 12,
    "ihs_class": 3,
    "group": 172,
    "last_name": "Blake",
    "first_name": "Christina"
  }
},
{
  "model": "group_manager.student",
  "pk": 100100453,
  "fields": {
    "email": "mikaelaas19@ausdk12.org",
    "english_class": 8,
    "ihs_class": 2,
    "group": 216,
    "last_name": "Stewart",
    "first_name": "Mikaela"
  }
},
{
  "model": "group_manager.student",
  "pk": 100100456,
  "fields": {
    "email": "richardp19@ausdk12.org",
    "english_class": 11,
    "ihs_class": 3,
    "group": 207,
    "last_name": "Polidori",
    "first_name": "Richard"
  }
},
{
  "model": "group_manager.student",
  "pk": 100100460,
  "fields": {
    "email": "jamesja19@ausdk12.org",
    "english_class": 10,
    "ihs_class": 1,
    "group": 171,
    "last_name": "Attree",
    "first_name": "James"
  }
},
{
  "model": "group_manager.student",
  "pk": 100100461,
  "fields": {
    "email": "jessicala19@ausdk12.org",
    "english_class": 12,
    "ihs_class": 1,
    "group": 169,
    "last_name": "Aguilar",
    "first_name": "Jessica"
  }
},
{
  "model": "group_manager.student",
  "pk": 100100462,
  "fields": {
    "email": "ajr26643@gmail.com",
    "english_class": 8,
    "ihs_class": 4,
    "group": 209,
    "last_name": "Rodriguez",
    "first_name": "Adrian"
  }
},
{
  "model": "group_manager.student",
  "pk": 100100470,
  "fields": {
    "email": "bassiroujm19@ausdk12.org",
    "english_class": 9,
    "ihs_class": 5,
    "group": 198,
    "last_name": "Mbacke",
    "first_name": "Bassirou"
  }
},
{
  "model": "group_manager.student",
  "pk": 100100472,
  "fields": {
    "email": "ameliaro19@ausdk12.org",
    "english_class": 8,
    "ihs_class": 4,
    "group": 204,
    "last_name": "Olip-Booth",
    "first_name": "Amelia"
  }
},
{
  "model": "group_manager.student",
  "pk": 100100483,
  "fields": {
    "email": "juliancb19@ausdk12.org",
    "english_class": 12,
    "ihs_class": 3,
    "group": 174,
    "last_name": "Bryant",
    "first_name": "Julian"
  }
},
{
  "model": "group_manager.student",
  "pk": 300000002,
  "fields": {
    "email": "edwardlm19@ausdk12.org",
    "english_class": 12,
    "ihs_class": 3,
    "group": 200,
    "last_name": "Mighetto",
    "first_name": "Edward"
  }
},
{
  "model": "group_manager.judge",
  "pk": 201965,
  "fields": {
    "last_name": "Perdue",
    "first_name": "Katherine",
    "email": "katherinegp17@ausdk12.org"
  }
},
{
  "model": "group_manager.judge",
  "pk": 201988,
  "fields": {
    "last_name": "Liu",
    "first_name": "Andrew",
    "email": "andrewwl17@ausdk12.org"
  }
},
{
  "model": "group_manager.judge",
  "pk": 202742,
  "fields": {
    "last_name": "Abbott",
    "first_name": "Portia",
    "email": "portiala17@ausdk12.org"
  }
},
{
  "model": "group_manager.judge",
  "pk": 202743,
  "fields": {
    "last_name": "Allen",
    "first_name": "Jordan",
    "email": "jordanma17@ausdk12.org"
  }
},
{
  "model": "group_manager.judge",
  "pk": 202823,
  "fields": {
    "last_name": "Baldwin",
    "first_name": "Drew",
    "email": "drewcb17@ausdk12.org"
  }
},
{
  "model": "group_manager.judge",
  "pk": 202824,
  "fields": {
    "last_name": "Barnes",
    "first_name": "Jonathan",
    "email": "jonathanwb17@ausdk12.org"
  }
},
{
  "model": "group_manager.judge",
  "pk": 202828,
  "fields": {
    "last_name": "Bittner",
    "first_name": "Crew",
    "email": "crewvb17@ausdk12.org"
  }
},
{
  "model": "group_manager.judge",
  "pk": 202829,
  "fields": {
    "last_name": "Brusseau",
    "first_name": "Henry",
    "email": "henrymb17@ausdk12.org"
  }
},
{
  "model": "group_manager.judge",
  "pk": 202831,
  "fields": {
    "last_name": "Burke",
    "first_name": "Julian",
    "email": "julianhb17@ausdk12.org"
  }
},
{
  "model": "group_manager.judge",
  "pk": 202836,
  "fields": {
    "last_name": "Church",
    "first_name": "Benjamin",
    "email": "benjaminmc17@ausdk12.org"
  }
},
{
  "model": "group_manager.judge",
  "pk": 202837,
  "fields": {
    "last_name": "Cohen",
    "first_name": "Alexander",
    "email": "alexanderhc17@ausdk12.org"
  }
},
{
  "model": "group_manager.judge",
  "pk": 202838,
  "fields": {
    "last_name": "Cohen",
    "first_name": "Noah",
    "email": "noahsc17@ausdk12.org"
  }
},
{
  "model": "group_manager.judge",
  "pk": 202840,
  "fields": {
    "last_name": "Collins",
    "first_name": "Eva",
    "email": "evarc17@ausdk12.org"
  }
},
{
  "model": "group_manager.judge",
  "pk": 202841,
  "fields": {
    "last_name": "Collins",
    "first_name": "Jane",
    "email": "janewc17@ausdk12.org"
  }
},
{
  "model": "group_manager.judge",
  "pk": 202844,
  "fields": {
    "last_name": "Cotton",
    "first_name": "Dexter",
    "email": "dexterqc17@ausdk12.org"
  }
},
{
  "model": "group_manager.judge",
  "pk": 202845,
  "fields": {
    "last_name": "Dao",
    "first_name": "Trey",
    "email": "treymd17@ausdk12.org"
  }
},
{
  "model": "group_manager.judge",
  "pk": 202846,
  "fields": {
    "last_name": "De Hart",
    "first_name": "Lucas",
    "email": "lucascd17@ausdk12.org"
  }
},
{
  "model": "group_manager.judge",
  "pk": 202880,
  "fields": {
    "last_name": "Elder-Ernst",
    "first_name": "April",
    "email": "aprilae17@ausdk12.org"
  }
},
{
  "model": "group_manager.judge",
  "pk": 202881,
  "fields": {
    "last_name": "Feng",
    "first_name": "Angela",
    "email": "angelaf17@ausdk12.org"
  }
},
{
  "model": "group_manager.judge",
  "pk": 202883,
  "fields": {
    "last_name": "Fone",
    "first_name": "Daniel",
    "email": "danieldf17@ausdk12.org"
  }
},
{
  "model": "group_manager.judge",
  "pk": 202884,
  "fields": {
    "last_name": "Freed",
    "first_name": "Gabriel",
    "email": "gabrieltf17@ausdk12.org"
  }
},
{
  "model": "group_manager.judge",
  "pk": 202886,
  "fields": {
    "last_name": "Garcia",
    "first_name": "Christopher",
    "email": "christopherag17@ausdk12.org"
  }
},
{
  "model": "group_manager.judge",
  "pk": 202887,
  "fields": {
    "last_name": "Glasser",
    "first_name": "Julia",
    "email": "juliaag17@ausdk12.org"
  }
},
{
  "model": "group_manager.judge",
  "pk": 202889,
  "fields": {
    "last_name": "Goess",
    "first_name": "Francis",
    "email": "franciskg17@ausdk12.org"
  }
},
{
  "model": "group_manager.judge",
  "pk": 202892,
  "fields": {
    "last_name": "Haight",
    "first_name": "Michael",
    "email": "michaelth17@ausdk12.org"
  }
},
{
  "model": "group_manager.judge",
  "pk": 202895,
  "fields": {
    "last_name": "Hempel",
    "first_name": "Alexander",
    "email": "alexanderdh17@ausdk12.org"
  }
},
{
  "model": "group_manager.judge",
  "pk": 202898,
  "fields": {
    "last_name": "Hopwood",
    "first_name": "Lily",
    "email": "lilyih17@ausdk12.org"
  }
},
{
  "model": "group_manager.judge",
  "pk": 202900,
  "fields": {
    "last_name": "Howard",
    "first_name": "Sophia",
    "email": "sophiaah17@ausdk12.org"
  }
},
{
  "model": "group_manager.judge",
  "pk": 202902,
  "fields": {
    "last_name": "Gray",
    "first_name": "Richard",
    "email": "richardng17@ausdk12.org"
  }
},
{
  "model": "group_manager.judge",
  "pk": 202903,
  "fields": {
    "last_name": "Huntenburg",
    "first_name": "Wynter",
    "email": "wynterrh17@ausdk12.org"
  }
},
{
  "model": "group_manager.judge",
  "pk": 202904,
  "fields": {
    "last_name": "Greensfelder",
    "first_name": "Julia",
    "email": "juliabg17@ausdk12.org"
  }
},
{
  "model": "group_manager.judge",
  "pk": 202905,
  "fields": {
    "last_name": "Kamuri",
    "first_name": "Jayson",
    "email": "jaysonnk17@ausdk12.org"
  }
},
{
  "model": "group_manager.judge",
  "pk": 202906,
  "fields": {
    "last_name": "Kawamoto",
    "first_name": "Kyra",
    "email": "kyraak17@ausdk12.org"
  }
},
{
  "model": "group_manager.judge",
  "pk": 202907,
  "fields": {
    "last_name": "Kelly",
    "first_name": "Jessica",
    "email": "jessicaek17@ausdk12.org"
  }
},
{
  "model": "group_manager.judge",
  "pk": 202909,
  "fields": {
    "last_name": "Kim",
    "first_name": "Estine",
    "email": "estinek17@ausdk12.org"
  }
},
{
  "model": "group_manager.judge",
  "pk": 202913,
  "fields": {
    "last_name": "Yan",
    "first_name": "Peggy",
    "email": "peggyky17@ausdk12.org"
  }
},
{
  "model": "group_manager.judge",
  "pk": 202915,
  "fields": {
    "last_name": "Lavrov",
    "first_name": "Isabel",
    "email": "isabelml17@ausdk12.org"
  }
},
{
  "model": "group_manager.judge",
  "pk": 202917,
  "fields": {
    "last_name": "Lee",
    "first_name": "Celia",
    "email": "celiajl17@ausdk12.org"
  }
},
{
  "model": "group_manager.judge",
  "pk": 202920,
  "fields": {
    "last_name": "Lee",
    "first_name": "Riley",
    "email": "rileysl17@ausdk12.org"
  }
},
{
  "model": "group_manager.judge",
  "pk": 202924,
  "fields": {
    "last_name": "Lopez",
    "first_name": "Nikolas",
    "email": "nikolasml17@ausdk12.org"
  }
},
{
  "model": "group_manager.judge",
  "pk": 202928,
  "fields": {
    "last_name": "Martin",
    "first_name": "Prynce-Rahyeem",
    "email": "pryncerahyeemtm17@ausdk12.org"
  }
},
{
  "model": "group_manager.judge",
  "pk": 202932,
  "fields": {
    "last_name": "McKinney-Lerma",
    "first_name": "Mariah",
    "email": "mariaham17@ausdk12.org"
  }
},
{
  "model": "group_manager.judge",
  "pk": 202933,
  "fields": {
    "last_name": "McKissack",
    "first_name": "Shaudia",
    "email": "shaudialm17@ausdk12.org"
  }
},
{
  "model": "group_manager.judge",
  "pk": 202937,
  "fields": {
    "last_name": "Norris",
    "first_name": "Conor",
    "email": "conorpn17@ausdk12.org"
  }
},
{
  "model": "group_manager.judge",
  "pk": 202942,
  "fields": {
    "last_name": "Palioca",
    "first_name": "Maya",
    "email": "mayamp17@ausdk12.org"
  }
},
{
  "model": "group_manager.judge",
  "pk": 202946,
  "fields": {
    "last_name": "Morrison",
    "first_name": "Skylee",
    "email": "skyleeam17@ausdk12.org"
  }
},
{
  "model": "group_manager.judge",
  "pk": 202947,
  "fields": {
    "last_name": "Portnoy",
    "first_name": "Herschel",
    "email": "herschelmp17@ausdk12.org"
  }
},
{
  "model": "group_manager.judge",
  "pk": 202951,
  "fields": {
    "last_name": "Rabin",
    "first_name": "Mia",
    "email": "miaar17@ausdk12.org"
  }
},
{
  "model": "group_manager.judge",
  "pk": 202952,
  "fields": {
    "last_name": "Radkey",
    "first_name": "Alison",
    "email": "alisonmr17@ausdk12.org"
  }
},
{
  "model": "group_manager.judge",
  "pk": 202956,
  "fields": {
    "last_name": "Rhodes",
    "first_name": "Nathaniel",
    "email": "nathanielar17@ausdk12.org"
  }
},
{
  "model": "group_manager.judge",
  "pk": 202957,
  "fields": {
    "last_name": "Ritchie",
    "first_name": "Clare",
    "email": "claresr17@ausdk12.org"
  }
},
{
  "model": "group_manager.judge",
  "pk": 202958,
  "fields": {
    "last_name": "Robbeloth",
    "first_name": "Miranda",
    "email": "mirandalr17@ausdk12.org"
  }
},
{
  "model": "group_manager.judge",
  "pk": 202960,
  "fields": {
    "last_name": "Rodriguez",
    "first_name": "Stacey",
    "email": "staceyyr17@ausdk12.org"
  }
},
{
  "model": "group_manager.judge",
  "pk": 202963,
  "fields": {
    "last_name": "Rynhoud",
    "first_name": "Nicholas",
    "email": "nicholasrr17@ausdk12.org"
  }
},
{
  "model": "group_manager.judge",
  "pk": 202964,
  "fields": {
    "last_name": "Saaf",
    "first_name": "Adina",
    "email": "adinals17@ausdk12.org"
  }
},
{
  "model": "group_manager.judge",
  "pk": 202965,
  "fields": {
    "last_name": "Sanders",
    "first_name": "Nathaniel",
    "email": "nathanielrs17@ausdk12.org"
  }
},
{
  "model": "group_manager.judge",
  "pk": 202966,
  "fields": {
    "last_name": "Shan",
    "first_name": "Jonathan",
    "email": "jonathans17@ausdk12.org"
  }
},
{
  "model": "group_manager.judge",
  "pk": 202968,
  "fields": {
    "last_name": "Shelton",
    "first_name": "Quentin",
    "email": "quentinas17@ausdk12.org"
  }
},
{
  "model": "group_manager.judge",
  "pk": 202969,
  "fields": {
    "last_name": "Shores",
    "first_name": "Abegail",
    "email": "abegailos17@ausdk12.org"
  }
},
{
  "model": "group_manager.judge",
  "pk": 202970,
  "fields": {
    "last_name": "Sim",
    "first_name": "Cody",
    "email": "codyss17@ausdk12.org"
  }
},
{
  "model": "group_manager.judge",
  "pk": 202971,
  "fields": {
    "last_name": "Simmons",
    "first_name": "Lyle",
    "email": "lyleps17@ausdk12.org"
  }
},
{
  "model": "group_manager.judge",
  "pk": 202975,
  "fields": {
    "last_name": "Liang",
    "first_name": "Alan",
    "email": "alanyl17@ausdk12.org"
  }
},
{
  "model": "group_manager.judge",
  "pk": 202976,
  "fields": {
    "last_name": "Liang",
    "first_name": "Brian",
    "email": "brianyl17@ausdk12.org"
  }
},
{
  "model": "group_manager.judge",
  "pk": 202979,
  "fields": {
    "last_name": "Norris",
    "first_name": "Graeme",
    "email": "graemepn17@ausdk12.org"
  }
},
{
  "model": "group_manager.judge",
  "pk": 202981,
  "fields": {
    "last_name": "Olivas",
    "first_name": "Icyss",
    "email": "icyssmo17@ausdk12.org"
  }
},
{
  "model": "group_manager.judge",
  "pk": 202983,
  "fields": {
    "last_name": "Ballman",
    "first_name": "Alexis",
    "email": "alexistb17@ausdk12.org"
  }
},
{
  "model": "group_manager.judge",
  "pk": 202984,
  "fields": {
    "last_name": "Juengling Bean",
    "first_name": "Eva",
    "email": "evajj17@ausdk12.org"
  }
},
{
  "model": "group_manager.judge",
  "pk": 202985,
  "fields": {
    "last_name": "Burkett",
    "first_name": "Will",
    "email": "willgb17@ausdk12.org"
  }
},
{
  "model": "group_manager.judge",
  "pk": 202988,
  "fields": {
    "last_name": "Sterner",
    "first_name": "Cory",
    "email": "coryds17@ausdk12.org"
  }
},
{
  "model": "group_manager.judge",
  "pk": 202993,
  "fields": {
    "last_name": "Curran",
    "first_name": "Lucia",
    "email": "luciamc17@ausdk12.org"
  }
},
{
  "model": "group_manager.judge",
  "pk": 202996,
  "fields": {
    "last_name": "Tangherlini",
    "first_name": "Isabella",
    "email": "isabellat17@ausdk12.org"
  }
},
{
  "model": "group_manager.judge",
  "pk": 202997,
  "fields": {
    "last_name": "Frauenfelder",
    "first_name": "Lucie",
    "email": "luciebf17@ausdk12.org"
  }
},
{
  "model": "group_manager.judge",
  "pk": 202998,
  "fields": {
    "last_name": "Tannady",
    "first_name": "Benedict",
    "email": "benedictt17@ausdk12.org"
  }
},
{
  "model": "group_manager.judge",
  "pk": 202999,
  "fields": {
    "last_name": "Tian",
    "first_name": "Haoyi",
    "email": "haoyit17@ausdk12.org"
  }
},
{
  "model": "group_manager.judge",
  "pk": 203000,
  "fields": {
    "last_name": "Thomas",
    "first_name": "Henry",
    "email": "henrynt17@ausdk12.org"
  }
},
{
  "model": "group_manager.judge",
  "pk": 203001,
  "fields": {
    "last_name": "Frauenfelder",
    "first_name": "Oona",
    "email": "oonalf17@ausdk12.org"
  }
},
{
  "model": "group_manager.judge",
  "pk": 203002,
  "fields": {
    "last_name": "Chen",
    "first_name": "Kristie",
    "email": "kristiec17@ausdk12.org"
  }
},
{
  "model": "group_manager.judge",
  "pk": 203003,
  "fields": {
    "last_name": "Tran",
    "first_name": "Eileen",
    "email": "eileenht17@ausdk12.org"
  }
},
{
  "model": "group_manager.judge",
  "pk": 203004,
  "fields": {
    "last_name": "Chuang",
    "first_name": "Claire",
    "email": "clairecc17@ausdk12.org"
  }
},
{
  "model": "group_manager.judge",
  "pk": 203007,
  "fields": {
    "last_name": "Van Bronkhorst",
    "first_name": "Raiden",
    "email": "raidenwv17@ausdk12.org"
  }
},
{
  "model": "group_manager.judge",
  "pk": 203008,
  "fields": {
    "last_name": "Flanagan",
    "first_name": "Margaret",
    "email": "margaretjf17@ausdk12.org"
  }
},
{
  "model": "group_manager.judge",
  "pk": 203009,
  "fields": {
    "last_name": "Higley",
    "first_name": "Ryan",
    "email": "ryannh17@ausdk12.org"
  }
},
{
  "model": "group_manager.judge",
  "pk": 203010,
  "fields": {
    "last_name": "Walden",
    "first_name": "Samuel",
    "email": "samueltw17@ausdk12.org"
  }
},
{
  "model": "group_manager.judge",
  "pk": 203011,
  "fields": {
    "last_name": "Higley",
    "first_name": "Sean",
    "email": "seannh17@ausdk12.org"
  }
},
{
  "model": "group_manager.judge",
  "pk": 203013,
  "fields": {
    "last_name": "Hsu-Storaker",
    "first_name": "Erik",
    "email": "eriklh17@ausdk12.org"
  }
},
{
  "model": "group_manager.judge",
  "pk": 203016,
  "fields": {
    "last_name": "Wood",
    "first_name": "Nicholas",
    "email": "nicholaspw17@ausdk12.org"
  }
},
{
  "model": "group_manager.judge",
  "pk": 203019,
  "fields": {
    "last_name": "Li",
    "first_name": "Jenny",
    "email": "jennyl17@ausdk12.org"
  }
},
{
  "model": "group_manager.judge",
  "pk": 203020,
  "fields": {
    "last_name": "Martin-Beer",
    "first_name": "Isaac",
    "email": "isaacjm17@ausdk12.org"
  }
},
{
  "model": "group_manager.judge",
  "pk": 203021,
  "fields": {
    "last_name": "Xu",
    "first_name": "Nathan",
    "email": "nathanbx17@ausdk12.org"
  }
},
{
  "model": "group_manager.judge",
  "pk": 203023,
  "fields": {
    "last_name": "Patkar-Banerjee",
    "first_name": "Trishna",
    "email": "trishnap17@ausdk12.org"
  }
},
{
  "model": "group_manager.judge",
  "pk": 203029,
  "fields": {
    "last_name": "Zhang",
    "first_name": "Weidi",
    "email": "weidiz17@ausdk12.org"
  }
},
{
  "model": "group_manager.judge",
  "pk": 203033,
  "fields": {
    "last_name": "Zhang",
    "first_name": "Andrew",
    "email": "andrewaz17@ausdk12.org"
  }
},
{
  "model": "group_manager.judge",
  "pk": 203036,
  "fields": {
    "last_name": "Weston",
    "first_name": "Talia",
    "email": "taliamw17@ausdk12.org"
  }
},
{
  "model": "group_manager.judge",
  "pk": 203039,
  "fields": {
    "last_name": "Prioreschi",
    "first_name": "Giacomo",
    "email": "giacomomp17@ausdk12.org"
  }
},
{
  "model": "group_manager.judge",
  "pk": 203044,
  "fields": {
    "last_name": "Ernst",
    "first_name": "Luke",
    "email": "lukeee17@ausdk12.org"
  }
},
{
  "model": "group_manager.judge",
  "pk": 203050,
  "fields": {
    "last_name": "Javier",
    "first_name": "Michael",
    "email": "michaeljj17@ausdk12.org"
  }
},
{
  "model": "group_manager.judge",
  "pk": 203096,
  "fields": {
    "last_name": "Leung",
    "first_name": "Darren",
    "email": "darrenl17@ausdk12.org"
  }
},
{
  "model": "group_manager.judge",
  "pk": 203097,
  "fields": {
    "last_name": "Halpern",
    "first_name": "Myles",
    "email": "mylesah17@ausdk12.org"
  }
},
{
  "model": "group_manager.judge",
  "pk": 203098,
  "fields": {
    "last_name": "Rapella",
    "first_name": "Cody",
    "email": "codyjr17@ausdk12.org"
  }
},
{
  "model": "group_manager.judge",
  "pk": 203099,
  "fields": {
    "last_name": "Paiz",
    "first_name": "Anastazia",
    "email": "anastaziamp17@ausdk12.org"
  }
},
{
  "model": "group_manager.judge",
  "pk": 203100,
  "fields": {
    "last_name": "Cao",
    "first_name": "Willis",
    "email": "willisfc17@ausdk12.org"
  }
},
{
  "model": "group_manager.judge",
  "pk": 203101,
  "fields": {
    "last_name": "Jackson",
    "first_name": "Briahna",
    "email": "briahnacj17@ausdk12.org"
  }
},
{
  "model": "group_manager.judge",
  "pk": 203102,
  "fields": {
    "last_name": "Mermer",
    "first_name": "Nikas",
    "email": "nikasnm17@ausdk12.org"
  }
},
{
  "model": "group_manager.judge",
  "pk": 203103,
  "fields": {
    "last_name": "Ralston",
    "first_name": "Delilah",
    "email": "delilahr17@ausdk12.org"
  }
},
{
  "model": "group_manager.judge",
  "pk": 203104,
  "fields": {
    "last_name": "Choi",
    "first_name": "Shannon",
    "email": "shannonjc17@ausdk12.org"
  }
},
{
  "model": "group_manager.judge",
  "pk": 203105,
  "fields": {
    "last_name": "Endo",
    "first_name": "Michael",
    "email": "michaelme17@ausdk12.org"
  }
},
{
  "model": "group_manager.judge",
  "pk": 203107,
  "fields": {
    "last_name": "Citragno",
    "first_name": "Brian",
    "email": "brianvc17@ausdk12.org"
  }
},
{
  "model": "group_manager.judge",
  "pk": 203108,
  "fields": {
    "last_name": "Mendes",
    "first_name": "Bryan",
    "email": "bryandm17@ausdk12.org"
  }
},
{
  "model": "group_manager.judge",
  "pk": 203109,
  "fields": {
    "last_name": "Mosqueda",
    "first_name": "Micaella",
    "email": "micaellatm17@ausdk12.org"
  }
},
{
  "model": "group_manager.judge",
  "pk": 203110,
  "fields": {
    "last_name": "DaSilva",
    "first_name": "Gabriel",
    "email": "gabrielmd17@ausdk12.org"
  }
},
{
  "model": "group_manager.judge",
  "pk": 203111,
  "fields": {
    "last_name": "Escoto",
    "first_name": "Lucia",
    "email": "luciane17@ausdk12.org"
  }
},
{
  "model": "group_manager.judge",
  "pk": 203115,
  "fields": {
    "last_name": "Vodnoy",
    "first_name": "Summer",
    "email": "summerlv17@ausdk12.org"
  }
},
{
  "model": "group_manager.judge",
  "pk": 203116,
  "fields": {
    "last_name": "McNally",
    "first_name": "Clarissa",
    "email": "clarissarm17@ausdk12.org"
  }
},
{
  "model": "group_manager.judge",
  "pk": 203117,
  "fields": {
    "last_name": "Supar",
    "first_name": "Remy",
    "email": "remyls17@ausdk12.org"
  }
},
{
  "model": "group_manager.judge",
  "pk": 203118,
  "fields": {
    "last_name": "Supar",
    "first_name": "Sophia",
    "email": "sophiams17@ausdk12.org"
  }
},
{
  "model": "group_manager.judge",
  "pk": 203119,
  "fields": {
    "last_name": "Jackson",
    "first_name": "Elle",
    "email": "ellehj17@ausdk12.org"
  }
},
{
  "model": "group_manager.judge",
  "pk": 203120,
  "fields": {
    "last_name": "Wemmer",
    "first_name": "Kaeden",
    "email": "kaedenmw17@ausdk12.org"
  }
},
{
  "model": "group_manager.judge",
  "pk": 203124,
  "fields": {
    "last_name": "Pennington-Kent",
    "first_name": "Brian",
    "email": "brianp17@ausdk12.org"
  }
},
{
  "model": "group_manager.judge",
  "pk": 203125,
  "fields": {
    "last_name": "Zhang",
    "first_name": "Kevin",
    "email": "kevinsz17@ausdk12.org"
  }
},
{
  "model": "group_manager.judge",
  "pk": 203176,
  "fields": {
    "last_name": "Tran",
    "first_name": "Bryan",
    "email": "bryant17@ausdk12.org"
  }
},
{
  "model": "group_manager.judge",
  "pk": 203178,
  "fields": {
    "last_name": "Leung",
    "first_name": "Manyi",
    "email": "manyil17@ausdk12.org"
  }
},
{
  "model": "group_manager.judge",
  "pk": 203233,
  "fields": {
    "last_name": "Than",
    "first_name": "Michael",
    "email": "michaelyt17@ausdk12.org"
  }
},
{
  "model": "group_manager.judge",
  "pk": 203247,
  "fields": {
    "last_name": "Juarez",
    "first_name": "Ivan",
    "email": "ivanj17@ausdk12.org"
  }
},
{
  "model": "group_manager.judge",
  "pk": 203337,
  "fields": {
    "last_name": "Ferguson",
    "first_name": "Jared",
    "email": "jaredrf17@ausdk12.org"
  }
},
{
  "model": "group_manager.judge",
  "pk": 203349,
  "fields": {
    "last_name": "Patterson",
    "first_name": "Grace",
    "email": "gracecp17@ausdk12.org"
  }
},
{
  "model": "group_manager.judge",
  "pk": 203351,
  "fields": {
    "last_name": "Kim-Mann",
    "first_name": "Loma",
    "email": "lomask17@ausdk12.org"
  }
},
{
  "model": "group_manager.judge",
  "pk": 203378,
  "fields": {
    "last_name": "Ransley",
    "first_name": "Dylan",
    "email": "dylansr17@ausdk12.org"
  }
},
{
  "model": "group_manager.judge",
  "pk": 203386,
  "fields": {
    "last_name": "Ho",
    "first_name": "Emily",
    "email": "emilyh17@ausdk12.org"
  }
},
{
  "model": "group_manager.judge",
  "pk": 203387,
  "fields": {
    "last_name": "Wu",
    "first_name": "Stephanie",
    "email": "stephaniepw17@ausdk12.org"
  }
},
{
  "model": "group_manager.judge",
  "pk": 203392,
  "fields": {
    "last_name": "Lebowitz",
    "first_name": "Tallulah",
    "email": "tallulahrl17@ausdk12.org"
  }
},
{
  "model": "group_manager.judge",
  "pk": 203398,
  "fields": {
    "last_name": "Rahman",
    "first_name": "Alexander",
    "email": "alexandersr17@ausdk12.org"
  }
},
{
  "model": "group_manager.judge",
  "pk": 203458,
  "fields": {
    "last_name": "Fong",
    "first_name": "Scott",
    "email": "scottf17@ausdk12.org"
  }
},
{
  "model": "group_manager.judge",
  "pk": 203539,
  "fields": {
    "last_name": "Zorigt",
    "first_name": "Enhsaruul",
    "email": "enhsaruulsz17@ausdk12.org"
  }
},
{
  "model": "group_manager.judge",
  "pk": 203579,
  "fields": {
    "last_name": "Amatya",
    "first_name": "Emita",
    "email": "emitaa17@ausdk12.org"
  }
},
{
  "model": "group_manager.judge",
  "pk": 203595,
  "fields": {
    "last_name": "Solomon-Culp",
    "first_name": "Joshua",
    "email": "joshuals17@ausdk12.org"
  }
},
{
  "model": "group_manager.judge",
  "pk": 203683,
  "fields": {
    "last_name": "Wang",
    "first_name": "Michael",
    "email": "michaeljw17@ausdk12.org"
  }
},
{
  "model": "group_manager.judge",
  "pk": 203796,
  "fields": {
    "last_name": "Pal",
    "first_name": "Karin",
    "email": "karinp17@ausdk12.org"
  }
},
{
  "model": "group_manager.judge",
  "pk": 203799,
  "fields": {
    "last_name": "Aguilar",
    "first_name": "Alejandra",
    "email": "alejandraga17@ausdk12.org"
  }
},
{
  "model": "group_manager.judge",
  "pk": 203800,
  "fields": {
    "last_name": "Aguilar",
    "first_name": "Isabel",
    "email": "isabelma17@ausdk12.org"
  }
},
{
  "model": "group_manager.judge",
  "pk": 203801,
  "fields": {
    "last_name": "Storrs",
    "first_name": "Elizabeth",
    "email": "elizabethas17@ausdk12.org"
  }
},
{
  "model": "group_manager.judge",
  "pk": 203802,
  "fields": {
    "last_name": "Pietropaoli",
    "first_name": "Lewis",
    "email": "lewisjp17@ausdk12.org"
  }
},
{
  "model": "group_manager.judge",
  "pk": 203803,
  "fields": {
    "last_name": "Panian",
    "first_name": "Julia",
    "email": "juliaap17@ausdk12.org"
  }
},
{
  "model": "group_manager.judge",
  "pk": 203805,
  "fields": {
    "last_name": "Osterholt",
    "first_name": "Mehra",
    "email": "mehrao17@ausdk12.org"
  }
},
{
  "model": "group_manager.judge",
  "pk": 203863,
  "fields": {
    "last_name": "Walden",
    "first_name": "Gabriel",
    "email": "gabrieldw17@ausdk12.org"
  }
},
{
  "model": "group_manager.judge",
  "pk": 203864,
  "fields": {
    "last_name": "Yee",
    "first_name": "Kenton",
    "email": "kentonay17@ausdk12.org"
  }
},
{
  "model": "group_manager.judge",
  "pk": 203866,
  "fields": {
    "last_name": "Wu",
    "first_name": "Herman",
    "email": "hermanw17@ausdk12.org"
  }
},
{
  "model": "group_manager.judge",
  "pk": 203943,
  "fields": {
    "last_name": "Maulana",
    "first_name": "Ratu",
    "email": "ratumm17@ausdk12.org"
  }
},
{
  "model": "group_manager.judge",
  "pk": 204054,
  "fields": {
    "last_name": "Olmos",
    "first_name": "Nicholas",
    "email": "nicholasao17@ausdk12.org"
  }
},
{
  "model": "group_manager.judge",
  "pk": 204128,
  "fields": {
    "last_name": "Zulkhuu",
    "first_name": "Amuunaa",
    "email": "amuunaaz17@ausdk12.org"
  }
},
{
  "model": "group_manager.judge",
  "pk": 204132,
  "fields": {
    "last_name": "Shen",
    "first_name": "Justin",
    "email": "justins17@ausdk12.org"
  }
},
{
  "model": "group_manager.judge",
  "pk": 204194,
  "fields": {
    "last_name": "Zahid",
    "first_name": "Wajiha",
    "email": "wajihaz17@ausdk12.org"
  }
},
{
  "model": "group_manager.judge",
  "pk": 204249,
  "fields": {
    "last_name": "Cortes",
    "first_name": "Maria",
    "email": "mariadc17@ausdk12.org"
  }
},
{
  "model": "group_manager.judge",
  "pk": 204316,
  "fields": {
    "last_name": "Fricker",
    "first_name": "Harry",
    "email": "harrybf17@ausdk12.org"
  }
},
{
  "model": "group_manager.judge",
  "pk": 204571,
  "fields": {
    "last_name": "Aguayo",
    "first_name": "Maria",
    "email": "mariafa17@ausdk12.org"
  }
},
{
  "model": "group_manager.judge",
  "pk": 204573,
  "fields": {
    "last_name": "Scott",
    "first_name": "Nicholas",
    "email": "nicholasds17@ausdk12.org"
  }
},
{
  "model": "group_manager.judge",
  "pk": 204574,
  "fields": {
    "last_name": "Senturia",
    "first_name": "Eliana",
    "email": "elianaxs17@ausdk12.org"
  }
},
{
  "model": "group_manager.judge",
  "pk": 204576,
  "fields": {
    "last_name": "Zeiger",
    "first_name": "Simon",
    "email": "simonaz17@ausdk12.org"
  }
},
{
  "model": "group_manager.judge",
  "pk": 204644,
  "fields": {
    "last_name": "Li",
    "first_name": "Timothy",
    "email": "timothyql17@ausdk12.org"
  }
},
{
  "model": "group_manager.judge",
  "pk": 204717,
  "fields": {
    "last_name": "Bensman",
    "first_name": "Olivia",
    "email": "oliviab17@ausdk12.org"
  }
},
{
  "model": "group_manager.judge",
  "pk": 204839,
  "fields": {
    "last_name": "Roche",
    "first_name": "Ellie",
    "email": "ellier17@ausdk12.org"
  }
},
{
  "model": "group_manager.judge",
  "pk": 204844,
  "fields": {
    "last_name": "Banegas",
    "first_name": "Jaime",
    "email": "jaimeeb17@ausdk12.org"
  }
},
{
  "model": "group_manager.judge",
  "pk": 204967,
  "fields": {
    "last_name": "Sharma",
    "first_name": "Subeksha",
    "email": "subekshas17@ausdk12.org"
  }
},
{
  "model": "group_manager.judge",
  "pk": 205121,
  "fields": {
    "last_name": "Miller",
    "first_name": "Christopher",
    "email": "christopherlm17@ausdk12.org"
  }
},
{
  "model": "group_manager.judge",
  "pk": 205305,
  "fields": {
    "last_name": "Shyu",
    "first_name": "Niles",
    "email": "nileshs17@ausdk12.org"
  }
},
{
  "model": "group_manager.judge",
  "pk": 205358,
  "fields": {
    "last_name": "Cassin",
    "first_name": "Kathryn",
    "email": "kathrynec17@ausdk12.org"
  }
},
{
  "model": "group_manager.judge",
  "pk": 205367,
  "fields": {
    "last_name": "Machiyama",
    "first_name": "Mirei",
    "email": "mireim17@ausdk12.org"
  }
},
{
  "model": "group_manager.judge",
  "pk": 205444,
  "fields": {
    "last_name": "Georgeson-Hartman",
    "first_name": "Tyler",
    "email": "tylerrg17@ausdk12.org"
  }
},
{
  "model": "group_manager.judge",
  "pk": 205571,
  "fields": {
    "last_name": "Wei",
    "first_name": "Jerome",
    "email": "jeromejw17@ausdk12.org"
  }
},
{
  "model": "group_manager.judge",
  "pk": 205603,
  "fields": {
    "last_name": "Tashi",
    "first_name": "Gonpo",
    "email": "gonpot17@ausdk12.org"
  }
},
{
  "model": "group_manager.judge",
  "pk": 205666,
  "fields": {
    "last_name": "Javkhlantugs",
    "first_name": "Tanan",
    "email": "tananj17@ausdk12.org"
  }
},
{
  "model": "group_manager.judge",
  "pk": 205667,
  "fields": {
    "last_name": "Kim",
    "first_name": "William",
    "email": "williamck17@ausdk12.org"
  }
},
{
  "model": "group_manager.judge",
  "pk": 205670,
  "fields": {
    "last_name": "Skinner",
    "first_name": "Elliot",
    "email": "elliotds17@ausdk12.org"
  }
},
{
  "model": "group_manager.judge",
  "pk": 205778,
  "fields": {
    "last_name": "Parafina",
    "first_name": "Jay",
    "email": "jayrp17@ausdk12.org"
  }
},
{
  "model": "group_manager.judge",
  "pk": 205793,
  "fields": {
    "last_name": "Cardozo",
    "first_name": "Gabriel",
    "email": "gabrieljc17@ausdk12.org"
  }
},
{
  "model": "group_manager.judge",
  "pk": 205798,
  "fields": {
    "last_name": "Brumels",
    "first_name": "Aaron",
    "email": "aaronb17@ausdk12.org"
  }
},
{
  "model": "group_manager.judge",
  "pk": 205853,
  "fields": {
    "last_name": "Wang",
    "first_name": "Christine",
    "email": "christinejw17@ausdk12.org"
  }
},
{
  "model": "group_manager.judge",
  "pk": 205864,
  "fields": {
    "last_name": "Buchan",
    "first_name": "Mitchell",
    "email": "mitchelljb17@ausdk12.org"
  }
},
{
  "model": "group_manager.judge",
  "pk": 205912,
  "fields": {
    "last_name": "Zhu",
    "first_name": "Lin",
    "email": "linz17@ausdk12.org"
  }
},
{
  "model": "group_manager.judge",
  "pk": 206216,
  "fields": {
    "last_name": "Keller",
    "first_name": "Olivia",
    "email": "oliviapk17@ausdk12.org"
  }
},
{
  "model": "group_manager.judge",
  "pk": 206219,
  "fields": {
    "last_name": "Ray",
    "first_name": "Lauren",
    "email": "laurengr17@ausdk12.org"
  }
},
{
  "model": "group_manager.judge",
  "pk": 206290,
  "fields": {
    "last_name": "Shrestha",
    "first_name": "Aman",
    "email": "amanrs17@ausdk12.org"
  }
},
{
  "model": "group_manager.judge",
  "pk": 206291,
  "fields": {
    "last_name": "Milan",
    "first_name": "Dasan",
    "email": "dasanm17@ausdk12.org"
  }
},
{
  "model": "group_manager.judge",
  "pk": 206293,
  "fields": {
    "last_name": "Ooghe",
    "first_name": "Gwendolyn",
    "email": "gwendolynmo17@ausdk12.org"
  }
},
{
  "model": "group_manager.judge",
  "pk": 206296,
  "fields": {
    "last_name": "Pennington",
    "first_name": "Garrison",
    "email": "garrisonp17@ausdk12.org"
  }
},
{
  "model": "group_manager.judge",
  "pk": 206337,
  "fields": {
    "last_name": "Hancock",
    "first_name": "Angel",
    "email": "angelah17@ausdk12.org"
  }
},
{
  "model": "group_manager.judge",
  "pk": 206388,
  "fields": {
    "last_name": "Fraga",
    "first_name": "Lucas",
    "email": "lucaskf17@ausdk12.org"
  }
},
{
  "model": "group_manager.judge",
  "pk": 206446,
  "fields": {
    "last_name": "Dhakal",
    "first_name": "Amy",
    "email": "amyd17@ausdk12.org"
  }
},
{
  "model": "group_manager.judge",
  "pk": 206641,
  "fields": {
    "last_name": "Ou",
    "first_name": "Julian",
    "email": "julianro17@ausdk12.org"
  }
},
{
  "model": "group_manager.judge",
  "pk": 206653,
  "fields": {
    "last_name": "Khawaunju",
    "first_name": "Aniv",
    "email": "anivrk17@ausdk12.org"
  }
},
{
  "model": "group_manager.judge",
  "pk": 207092,
  "fields": {
    "last_name": "Thandi",
    "first_name": "Gagandeep",
    "email": "gagandeepst17@ausdk12.org"
  }
},
{
  "model": "group_manager.judge",
  "pk": 207093,
  "fields": {
    "last_name": "Sidhu",
    "first_name": "Harkaran",
    "email": "harkaranss17@ausdk12.org"
  }
},
{
  "model": "group_manager.judge",
  "pk": 207095,
  "fields": {
    "last_name": "Gibbons",
    "first_name": "Peter",
    "email": "peterlg17@ausdk12.org"
  }
},
{
  "model": "group_manager.judge",
  "pk": 207121,
  "fields": {
    "last_name": "McClellan",
    "first_name": "Jonah",
    "email": "jonahpm17@ausdk12.org"
  }
},
{
  "model": "group_manager.judge",
  "pk": 207196,
  "fields": {
    "last_name": "Fleming",
    "first_name": "Arayah",
    "email": "arayahtf17@ausdk12.org"
  }
},
{
  "model": "group_manager.judge",
  "pk": 207295,
  "fields": {
    "last_name": "Simon",
    "first_name": "Miriam",
    "email": "miriamrs17@ausdk12.org"
  }
},
{
  "model": "group_manager.judge",
  "pk": 207335,
  "fields": {
    "last_name": "Ivtchenko",
    "first_name": "Emilie",
    "email": "emiliei17@ausdk12.org"
  }
},
{
  "model": "group_manager.judge",
  "pk": 207370,
  "fields": {
    "last_name": "Vanderlaan",
    "first_name": "Sofia",
    "email": "sofiacv17@ausdk12.org"
  }
},
{
  "model": "group_manager.judge",
  "pk": 207382,
  "fields": {
    "last_name": "Hornsby",
    "first_name": "Samaya",
    "email": "samayah17@ausdk12.org"
  }
},
{
  "model": "group_manager.judge",
  "pk": 207389,
  "fields": {
    "last_name": "Bernal",
    "first_name": "Timothy",
    "email": "timothylb17@ausdk12.org"
  }
},
{
  "model": "group_manager.judge",
  "pk": 207415,
  "fields": {
    "last_name": "Noriega",
    "first_name": "Samuel",
    "email": "samueln17@ausdk12.org"
  }
},
{
  "model": "group_manager.judge",
  "pk": 207427,
  "fields": {
    "last_name": "Brown",
    "first_name": "Rebecca",
    "email": "rebeccamb17@ausdk12.org"
  }
},
{
  "model": "group_manager.judge",
  "pk": 207457,
  "fields": {
    "last_name": "Raz",
    "first_name": "Ilay",
    "email": "ilayr17@ausdk12.org"
  }
},
{
  "model": "group_manager.judge",
  "pk": 207530,
  "fields": {
    "last_name": "Arya",
    "first_name": "Sonam",
    "email": "sonamka17@ausdk12.org"
  }
},
{
  "model": "group_manager.judge",
  "pk": 207549,
  "fields": {
    "last_name": "Khyentse",
    "first_name": "Tenzin",
    "email": "tenzink17@ausdk12.org"
  }
},
{
  "model": "group_manager.judge",
  "pk": 207798,
  "fields": {
    "last_name": "Bonnel",
    "first_name": "Jerri",
    "email": "jerriab17@ausdk12.org"
  }
},
{
  "model": "group_manager.judge",
  "pk": 207799,
  "fields": {
    "last_name": "Buoncristiani",
    "first_name": "Nicholas",
    "email": "nicholasmb17@ausdk12.org"
  }
},
{
  "model": "group_manager.judge",
  "pk": 207802,
  "fields": {
    "last_name": "Johnson",
    "first_name": "Sophia",
    "email": "sophiacj17@ausdk12.org"
  }
},
{
  "model": "group_manager.judge",
  "pk": 207804,
  "fields": {
    "last_name": "Khamenian",
    "first_name": "Jasmine",
    "email": "jasminek17@ausdk12.org"
  }
},
{
  "model": "group_manager.judge",
  "pk": 207806,
  "fields": {
    "last_name": "Tran",
    "first_name": "Quynh",
    "email": "quynhnt17@ausdk12.org"
  }
},
{
  "model": "group_manager.judge",
  "pk": 207807,
  "fields": {
    "last_name": "Tuladhar",
    "first_name": "Jyoti",
    "email": "jyotijt17@ausdk12.org"
  }
},
{
  "model": "group_manager.judge",
  "pk": 1100001,
  "fields": {
    "last_name": "Burke",
    "first_name": "Oscar",
    "email": "oscarb17@ausdk12.org"
  }
},
{
  "model": "group_manager.judge",
  "pk": 1100002,
  "fields": {
    "last_name": "Candelaria",
    "first_name": "Caleb",
    "email": "calebdc17@ausdk12.org"
  }
},
{
  "model": "group_manager.judge",
  "pk": 1100006,
  "fields": {
    "last_name": "Friedman",
    "first_name": "John",
    "email": "johnf17@ausdk12.org"
  }
},
{
  "model": "group_manager.judge",
  "pk": 1100007,
  "fields": {
    "last_name": "Gaitan",
    "first_name": "Jerry",
    "email": "jerryg17@ausdk12.org"
  }
},
{
  "model": "group_manager.judge",
  "pk": 1100009,
  "fields": {
    "last_name": "Jimenez",
    "first_name": "Nestor",
    "email": "nestordj17@ausdk12.org"
  }
},
{
  "model": "group_manager.judge",
  "pk": 1100011,
  "fields": {
    "last_name": "McGuire",
    "first_name": "Margaret",
    "email": "margaretcm17@ausdk12.org"
  }
},
{
  "model": "group_manager.judge",
  "pk": 1100012,
  "fields": {
    "last_name": "Pope",
    "first_name": "Joanne",
    "email": "joannelp17@ausdk12.org"
  }
},
{
  "model": "group_manager.judge",
  "pk": 1100013,
  "fields": {
    "last_name": "Shirazi",
    "first_name": "Georgina",
    "email": "georginacs17@ausdk12.org"
  }
},
{
  "model": "group_manager.judge",
  "pk": 1100014,
  "fields": {
    "last_name": "Singh",
    "first_name": "Sarbjot",
    "email": "sarbjots17@ausdk12.org"
  }
},
{
  "model": "group_manager.judge",
  "pk": 1100015,
  "fields": {
    "last_name": "Tamaki",
    "first_name": "Courtney",
    "email": "courtneymt17@ausdk12.org"
  }
},
{
  "model": "group_manager.judge",
  "pk": 1100016,
  "fields": {
    "last_name": "Taylor",
    "first_name": "Kyle",
    "email": "kylejt17@ausdk12.org"
  }
},
{
  "model": "group_manager.judge",
  "pk": 1100017,
  "fields": {
    "last_name": "Wofford",
    "first_name": "Emet",
    "email": "emetaw17@ausdk12.org"
  }
},
{
  "model": "group_manager.judge",
  "pk": 1100047,
  "fields": {
    "last_name": "Wugofski",
    "first_name": "Nicholas",
    "email": "nicholasjw17@ausdk12.org"
  }
},
{
  "model": "group_manager.judge",
  "pk": 1100048,
  "fields": {
    "last_name": "Lavin",
    "first_name": "Gianna",
    "email": "giannaml17@ausdk12.org"
  }
},
{
  "model": "group_manager.judge",
  "pk": 1100055,
  "fields": {
    "last_name": "Mireri",
    "first_name": "Eric",
    "email": "ericpm17@ausdk12.org"
  }
},
{
  "model": "group_manager.judge",
  "pk": 1100058,
  "fields": {
    "last_name": "Padilla Mendoza",
    "first_name": "Daniel",
    "email": "danielop17@ausdk12.org"
  }
},
{
  "model": "group_manager.judge",
  "pk": 1100061,
  "fields": {
    "last_name": "Chu",
    "first_name": "Lauren",
    "email": "laurenc17@ausdk12.org"
  }
},
{
  "model": "group_manager.judge",
  "pk": 1100065,
  "fields": {
    "last_name": "Mirzaie",
    "first_name": "Mona",
    "email": "monam17@ausdk12.org"
  }
},
{
  "model": "group_manager.judge",
  "pk": 1100066,
  "fields": {
    "last_name": "Tsering",
    "first_name": "Tenzin",
    "email": "tenzint17@ausdk12.org"
  }
},
{
  "model": "group_manager.judge",
  "pk": 1100080,
  "fields": {
    "last_name": "McGowen",
    "first_name": "Meliz",
    "email": "melizcm17@ausdk12.org"
  }
},
{
  "model": "group_manager.judge",
  "pk": 1100084,
  "fields": {
    "last_name": "Palabrica",
    "first_name": "Eleonor",
    "email": "eleonorcp17@ausdk12.org"
  }
},
{
  "model": "group_manager.judge",
  "pk": 1100095,
  "fields": {
    "last_name": "Smith",
    "first_name": "Brendan",
    "email": "brendanms17@ausdk12.org"
  }
},
{
  "model": "group_manager.judge",
  "pk": 1100096,
  "fields": {
    "last_name": "Smith",
    "first_name": "Baily",
    "email": "bailyls17@ausdk12.org"
  }
},
{
  "model": "group_manager.judge",
  "pk": 1100108,
  "fields": {
    "last_name": "Lamboy",
    "first_name": "Simone",
    "email": "simoneel17@ausdk12.org"
  }
},
{
  "model": "group_manager.judge",
  "pk": 1100110,
  "fields": {
    "last_name": "Kurzer-Ogul",
    "first_name": "Dylan",
    "email": "dylanfk17@ausdk12.org"
  }
},
{
  "model": "group_manager.judge",
  "pk": 1100112,
  "fields": {
    "last_name": "Xu",
    "first_name": "Sarah",
    "email": "sarahx17@ausdk12.org"
  }
},
{
  "model": "group_manager.judge",
  "pk": 1100117,
  "fields": {
    "last_name": "Cheng",
    "first_name": "An-ya",
    "email": "anyac17@ausdk12.org"
  }
},
{
  "model": "group_manager.judge",
  "pk": 1100123,
  "fields": {
    "last_name": "Gardizi",
    "first_name": "Eddris",
    "email": "eddrisag17@ausdk12.org"
  }
},
{
  "model": "group_manager.judge",
  "pk": 1100124,
  "fields": {
    "last_name": "Collazos",
    "first_name": "Maria",
    "email": "mariafc17@ausdk12.org"
  }
},
{
  "model": "group_manager.judge",
  "pk": 1100130,
  "fields": {
    "last_name": "Wilson",
    "first_name": "Kaelib",
    "email": "kaelibtw17@ausdk12.org"
  }
},
{
  "model": "group_manager.judge",
  "pk": 1100135,
  "fields": {
    "last_name": "Rothblatt-Kenney",
    "first_name": "Eden",
    "email": "edenrr17@ausdk12.org"
  }
},
{
  "model": "group_manager.judge",
  "pk": 1100138,
  "fields": {
    "last_name": "Guerrero de Escalante",
    "first_name": "Anina",
    "email": "aninaag17@ausdk12.org"
  }
},
{
  "model": "group_manager.judge",
  "pk": 1100144,
  "fields": {
    "last_name": "Guffy",
    "first_name": "Jillian",
    "email": "jillianag17@ausdk12.org"
  }
},
{
  "model": "group_manager.judge",
  "pk": 1100155,
  "fields": {
    "last_name": "Silva",
    "first_name": "Matthew",
    "email": "matthewjs17@ausdk12.org"
  }
},
{
  "model": "group_manager.judge",
  "pk": 1100163,
  "fields": {
    "last_name": "Larkins",
    "first_name": "Tyler",
    "email": "tylerbl17@ausdk12.org"
  }
},
{
  "model": "group_manager.judge",
  "pk": 1100167,
  "fields": {
    "last_name": "Goldsmith-Morgan",
    "first_name": "Ezequiel",
    "email": "ezequielg17@ausdk12.org"
  }
},
{
  "model": "group_manager.judge",
  "pk": 1100173,
  "fields": {
    "last_name": "D'Adamo",
    "first_name": "Olivia",
    "email": "oliviacd17@ausdk12.org"
  }
},
{
  "model": "group_manager.judge",
  "pk": 1100175,
  "fields": {
    "last_name": "Bates",
    "first_name": "Lorin",
    "email": "lorinnb17@ausdk12.org"
  }
},
{
  "model": "group_manager.judge",
  "pk": 1100180,
  "fields": {
    "last_name": "Zepeda",
    "first_name": "Daniela",
    "email": "danielanz17@ausdk12.org"
  }
},
{
  "model": "group_manager.judge",
  "pk": 1100194,
  "fields": {
    "last_name": "Wu",
    "first_name": "Yung",
    "email": "yunghw17@ausdk12.org"
  }
},
{
  "model": "group_manager.judge",
  "pk": 1100200,
  "fields": {
    "last_name": "Che",
    "first_name": "Yuzhen",
    "email": "yuzhenjc17@ausdk12.org"
  }
},
{
  "model": "group_manager.judge",
  "pk": 1100227,
  "fields": {
    "last_name": "Mejia",
    "first_name": "Rigoberto",
    "email": "rigobertom17@ausdk12.org"
  }
},
{
  "model": "group_manager.judge",
  "pk": 1100239,
  "fields": {
    "last_name": "Liu",
    "first_name": "Yuhan",
    "email": "yuhanl17@ausdk12.org"
  }
},
{
  "model": "group_manager.judge",
  "pk": 1100259,
  "fields": {
    "last_name": "Schaffer",
    "first_name": "Samuel",
    "email": "samuelfs17@ausdk12.org"
  }
},
{
  "model": "group_manager.judge",
  "pk": 1100266,
  "fields": {
    "last_name": "Balderas",
    "first_name": "Karla",
    "email": "karladb17@ausdk12.org"
  }
},
{
  "model": "group_manager.judge",
  "pk": 1100270,
  "fields": {
    "last_name": "Hai Hai",
    "first_name": "Negeste Pumehana",
    "email": "negesteih17@ausdk12.org"
  }
},
{
  "model": "group_manager.judge",
  "pk": 1100275,
  "fields": {
    "last_name": "Finch",
    "first_name": "Kenda",
    "email": "kendaf17@ausdk12.org"
  }
},
{
  "model": "group_manager.judge",
  "pk": 1100277,
  "fields": {
    "last_name": "Kamps",
    "first_name": "Sophia",
    "email": "sophiadk17@ausdk12.org"
  }
},
{
  "model": "group_manager.judge",
  "pk": 1100278,
  "fields": {
    "last_name": "Li (Angela)",
    "first_name": "Xi",
    "email": "xil17@ausdk12.org"
  }
},
{
  "model": "group_manager.judge",
  "pk": 1100305,
  "fields": {
    "last_name": "Silva",
    "first_name": "Diego",
    "email": "diegos17@ausdk12.org"
  }
},
{
  "model": "group_manager.judge",
  "pk": 100100276,
  "fields": {
    "last_name": "Vacher",
    "first_name": "Auriane",
    "email": "aurianev17@ausdk12.org"
  }
},
{
  "model": "group_manager.judge",
  "pk": 100100277,
  "fields": {
    "last_name": "Horner",
    "first_name": "Claire",
    "email": "clairemh17@ausdk12.org"
  }
},
{
  "model": "group_manager.judge",
  "pk": 100100279,
  "fields": {
    "last_name": "King",
    "first_name": "Miles",
    "email": "milesrk17@ausdk12.org"
  }
},
{
  "model": "group_manager.judge",
  "pk": 100100282,
  "fields": {
    "last_name": "Mestetsky",
    "first_name": "Troy",
    "email": "troym17@ausdk12.org"
  }
},
{
  "model": "group_manager.judge",
  "pk": 100100285,
  "fields": {
    "last_name": "Luna-Sparks",
    "first_name": "Christopher",
    "email": "christopherml17@ausdk12.org"
  }
},
{
  "model": "group_manager.judge",
  "pk": 100100286,
  "fields": {
    "last_name": "Sanchez",
    "first_name": "Camryn",
    "email": "camryngs17@ausdk12.org"
  }
},
{
  "model": "group_manager.judge",
  "pk": 100100287,
  "fields": {
    "last_name": "Dictado",
    "first_name": "Daniel",
    "email": "danielsd17@ausdk12.org"
  }
},
{
  "model": "group_manager.judge",
  "pk": 100100288,
  "fields": {
    "last_name": "Murray",
    "first_name": "Hannah",
    "email": "hannahgm17@ausdk12.org"
  }
},
{
  "model": "group_manager.judge",
  "pk": 100100289,
  "fields": {
    "last_name": "Goldman",
    "first_name": "Lily",
    "email": "lilysg17@ausdk12.org"
  }
},
{
  "model": "group_manager.judge",
  "pk": 100100291,
  "fields": {
    "last_name": "Murray",
    "first_name": "Daniel",
    "email": "danieljm17@ausdk12.org"
  }
},
{
  "model": "group_manager.judge",
  "pk": 100100294,
  "fields": {
    "last_name": "Dereje",
    "first_name": "Hiwot",
    "email": "hiwoted17@ausdk12.org"
  }
},
{
  "model": "group_manager.judge",
  "pk": 100100297,
  "fields": {
    "last_name": "Bernardin",
    "first_name": "Lila",
    "email": "lilatb17@ausdk12.org"
  }
},
{
  "model": "group_manager.judge",
  "pk": 100100301,
  "fields": {
    "last_name": "Li",
    "first_name": "Siliang",
    "email": "siliangl17@ausdk12.org"
  }
},
{
  "model": "group_manager.judge",
  "pk": 100100304,
  "fields": {
    "last_name": "Nguyen",
    "first_name": "KCee",
    "email": "kceevn17@ausdk12.org"
  }
},
{
  "model": "group_manager.judge",
  "pk": 100100306,
  "fields": {
    "last_name": "Yang",
    "first_name": "Xiangyu Michael",
    "email": "xiangyuy17@ausdk12.org"
  }
},
{
  "model": "group_manager.judge",
  "pk": 100100315,
  "fields": {
    "last_name": "Benau",
    "first_name": "Shira",
    "email": "shiramb17@ausdk12.org"
  }
},
{
  "model": "group_manager.judge",
  "pk": 100100317,
  "fields": {
    "last_name": "DePaolis",
    "first_name": "Giorgia",
    "email": "giorgiald17@ausdk12.org"
  }
},
{
  "model": "group_manager.judge",
  "pk": 100100322,
  "fields": {
    "last_name": "Forti-Lynch",
    "first_name": "Isabella",
    "email": "isabellaf17@ausdk12.org"
  }
},
{
  "model": "group_manager.judge",
  "pk": 100100324,
  "fields": {
    "last_name": "Liu",
    "first_name": "Xinyao",
    "email": "xinyaol17@ausdk12.org"
  }
},
{
  "model": "group_manager.judge",
  "pk": 100100326,
  "fields": {
    "last_name": "Sugarbaker",
    "first_name": "Emma",
    "email": "emmacs17@ausdk12.org"
  }
},
{
  "model": "group_manager.judge",
  "pk": 100100334,
  "fields": {
    "last_name": "Davis",
    "first_name": "Ja'Quan",
    "email": "jaquand17@ausdk12.org"
  }
},
{
  "model": "group_manager.judge",
  "pk": 100100356,
  "fields": {
    "last_name": "Parrillo",
    "first_name": "Cameron",
    "email": "cameronmp17@ausdk12.org"
  }
},
{
  "model": "group_manager.judge",
  "pk": 100100370,
  "fields": {
    "last_name": "Sharma",
    "first_name": "Yatin",
    "email": "yatins17@ausdk12.org"
  }
},
{
  "model": "group_manager.judge",
  "pk": 100100380,
  "fields": {
    "last_name": "Yamashiro",
    "first_name": "Kalen",
    "email": "kalenay17@ausdk12.org"
  }
},
{
  "model": "group_manager.judge",
  "pk": 100100383,
  "fields": {
    "last_name": "O'Brien",
    "first_name": "Mia",
    "email": "miao17@ausdk12.org"
  }
},
{
  "model": "group_manager.judge",
  "pk": 100100385,
  "fields": {
    "last_name": "Mendoza",
    "first_name": "Yuvia",
    "email": "yuviaam17@ausdk12.org"
  }
},
{
  "model": "group_manager.judge",
  "pk": 100100394,
  "fields": {
    "last_name": "Gagnon",
    "first_name": "Manriki",
    "email": "manrikiag17@ausdk12.org"
  }
},
{
  "model": "group_manager.judge",
  "pk": 100100398,
  "fields": {
    "last_name": "Abalon",
    "first_name": "Dorris Kaye",
    "email": "dorrista17@ausdk12.org"
  }
},
{
  "model": "group_manager.judge",
  "pk": 100100399,
  "fields": {
    "last_name": "Chase",
    "first_name": "Nicholas",
    "email": "nicholasgc17@ausdk12.org"
  }
},
{
  "model": "group_manager.judge",
  "pk": 100100405,
  "fields": {
    "last_name": "Ye",
    "first_name": "Zi Sheng",
    "email": "ziy17@ausdk12.org"
  }
},
{
  "model": "group_manager.judge",
  "pk": 100100414,
  "fields": {
    "last_name": "Thokar",
    "first_name": "Phoebe",
    "email": "phoebet17@ausdk12.org"
  }
},
{
  "model": "group_manager.judge",
  "pk": 100100427,
  "fields": {
    "last_name": "Suazo",
    "first_name": "Laticia",
    "email": "laticiams17@ausdk12.org"
  }
},
{
  "model": "group_manager.judge",
  "pk": 100100436,
  "fields": {
    "last_name": "Guths",
    "first_name": "Eduardo",
    "email": "eduardolg17@ausdk12.org"
  }
},
{
  "model": "group_manager.judge",
  "pk": 100100448,
  "fields": {
    "last_name": "Son",
    "first_name": "Phillip",
    "email": "phillips17@ausdk12.org"
  }
},
{
  "model": "group_manager.judge",
  "pk": 100100451,
  "fields": {
    "last_name": "Awetahegn",
    "first_name": "Edom",
    "email": "edomfa17@ausdk12.org"
  }
},
{
  "model": "group_manager.judge",
  "pk": 100100452,
  "fields": {
    "last_name": "Pandey",
    "first_name": "Parash",
    "email": "parashp17@ausdk12.org"
  }
},
{
  "model": "group_manager.judge",
  "pk": 100100467,
  "fields": {
    "last_name": "Jones-Dismuke",
    "first_name": "Nyela",
    "email": "nylakj17@ausdk12.org"
  }
},
{
  "model": "group_manager.judge",
  "pk": 100100471,
  "fields": {
    "last_name": "Mbacke",
    "first_name": "Amicole",
    "email": "amicoleem17@ausdk12.org"
  }
},
{
  "model": "group_manager.judge",
  "pk": 100100474,
  "fields": {
    "last_name": "Stephansson",
    "first_name": "Joar",
    "email": "joars17@ausdk12.org"
  }
},
{
  "model": "group_manager.judge",
  "pk": 100100486,
  "fields": {
    "last_name": "Caldwell",
    "first_name": "Jasai",
    "email": "jasaidc17@ausdk12.org"
  }
},
{
  "model": "group_manager.judge",
  "pk": 100100488,
  "fields": {
    "last_name": "Sanjurjo",
    "first_name": "Fernando",
    "email": "fernandos17@ausdk12.org"
  }
},
{
  "model": "group_manager.judge",
  "pk": 100100491,
  "fields": {
    "last_name": "Temesgen",
    "first_name": "Abel",
    "email": "abelyt17@ausdk12.org"
  }
},
{
  "model": "group_manager.judge",
  "pk": 100100493,
  "fields": {
    "last_name": "Medrano Ramos",
    "first_name": "Ashley",
    "email": "ashleeymedrano@gmail.com"
  }
},
{
  "model": "group_manager.judge",
  "pk": 100100494,
  "fields": {
    "last_name": "Medrano Ramos",
    "first_name": "Kimberly",
    "email": "kumorichaan@gmail.com"
  }
}
]
