[
{
  "pk": 1,
  "model": "auth.group",
  "fields": {
    "permissions": [],
    "name": "teacher"
  }
},
{
  "pk": 1,
  "model": "auth.user",
  "fields": {
    "last_name": "",
    "first_name": "",
    "groups": [],
    "last_login": "2015-11-27T14:12:31.486Z",
    "user_permissions": [],
    "is_active": true,
    "username": "admin",
    "is_superuser": true,
    "password": "pbkdf2_sha256$20000$avL8xXhTTA6R$P9pGcH3jsHGrrN5+q4FehTtEmiqREVAWcDWBknJmWF0=",
    "date_joined": "2015-11-27T14:12:24.869Z",
    "email": "ilay.raz@gmail.com",
    "is_staff": true
  }
},
{
  "pk": 2,
  "model": "auth.user",
  "fields": {
    "last_name": "Surowitz",
    "first_name": "Emily",
    "groups": [
      1
    ],
    "last_login": null,
    "user_permissions": [],
    "is_active": true,
    "username": "teacher1",
    "is_superuser": false,
    "password": "pbkdf2_sha256$20000$atLjJxYD6kcI$MSNl7zKJJ5/yi84lsft7/CnCWdTN7qQv+sCArO3zjTI=",
    "date_joined": "2015-11-27T14:13:31Z",
    "email": "esurowitz@ausdk12.org",
    "is_staff": false
  }
},
{
  "pk": 3,
  "model": "auth.user",
  "fields": {
    "last_name": "Fallat",
    "first_name": "Warren",
    "groups": [
      1
    ],
    "last_login": null,
    "user_permissions": [],
    "is_active": true,
    "username": "teacher2",
    "is_superuser": false,
    "password": "pbkdf2_sha256$20000$qGpXJI59FDD5$PFklFq8tzDfjkcYc/tzvnEq43dl5x3mp8k/iOpoIgRE=",
    "date_joined": "2015-11-27T14:16:38Z",
    "email": "wfallat@ausdk12.org",
    "is_staff": false
  }
},
{
  "pk": 4,
  "model": "auth.user",
  "fields": {
    "last_name": "Park",
    "first_name": "Jessica",
    "groups": [
      1
    ],
    "last_login": "2015-11-30T06:38:44.689Z",
    "user_permissions": [],
    "is_active": true,
    "username": "teacher3",
    "is_superuser": false,
    "password": "pbkdf2_sha256$20000$B0Y4oLQJsSZg$xMkA6EHt3Ni9ymsgFTDR7cMbnn3EZfWzc3mScbYq0ag=",
    "date_joined": "2015-11-27T14:17:05Z",
    "email": "jpark@ausdk12.org",
    "is_staff": false
  }
},
{
  "pk": 5,
  "model": "auth.user",
  "fields": {
    "last_name": "Castle",
    "first_name": "Jeff",
    "groups": [
      1
    ],
    "last_login": null,
    "user_permissions": [],
    "is_active": true,
    "username": "teacher4",
    "is_superuser": false,
    "password": "pbkdf2_sha256$20000$MmaKUMVgkBzx$ZFcO2X4KbTZV8xANJixO7SysiPqDWuV1gPVxuSzMy5A=",
    "date_joined": "2015-11-27T14:17:35Z",
    "email": "jcastle@ausdk12.org",
    "is_staff": false
  }
},
{
  "pk": 6,
  "model": "auth.user",
  "fields": {
    "last_name": "Francis",
    "first_name": "Diane",
    "groups": [
      1
    ],
    "last_login": null,
    "user_permissions": [],
    "is_active": true,
    "username": "teacher5",
    "is_superuser": false,
    "password": "pbkdf2_sha256$20000$59QjcLSwvgt0$cWWhAv652RsHtAgg9Bio1xKyPdvABCildWez5GJi8XM=",
    "date_joined": "2015-11-27T14:18:22Z",
    "email": "dfrances@ausdk12.org",
    "is_staff": false
  }
},
{
  "pk": 7,
  "model": "auth.user",
  "fields": {
    "last_name": "Lent",
    "first_name": "Robert",
    "groups": [
      1
    ],
    "last_login": null,
    "user_permissions": [],
    "is_active": true,
    "username": "teacher6",
    "is_superuser": false,
    "password": "pbkdf2_sha256$20000$XDBJXz1CNhxv$Yj05izZeXQr0EUBf1eSIH+EyNAMlktwqIfbJyUM4z14=",
    "date_joined": "2015-11-27T14:19:17Z",
    "email": "rlent@ausdk12.org",
    "is_staff": false
  }
},
{
  "pk": 8,
  "model": "auth.user",
  "fields": {
    "last_name": "Radford",
    "first_name": "Juliet",
    "groups": [
      1
    ],
    "last_login": null,
    "user_permissions": [],
    "is_active": true,
    "username": "teacher7",
    "is_superuser": false,
    "password": "pbkdf2_sha256$20000$3skL5UmtYJfK$VbzFf9p/3dNbiVGyNq/QeUKkmCJdef1PHwdBdkt7KmM=",
    "date_joined": "2015-11-27T14:19:46Z",
    "email": "jradford@ausdk12.org",
    "is_staff": false
  }
},
{
  "pk": 9,
  "model": "auth.user",
  "fields": {
    "last_name": "Edinger",
    "first_name": "Suzanne",
    "groups": [
      1
    ],
    "last_login": null,
    "user_permissions": [],
    "is_active": true,
    "username": "teacher8",
    "is_superuser": false,
    "password": "pbkdf2_sha256$20000$s7NO64kendy6$4CfHZkwhF3tMdHn+S6PEQsZd/iCL8/9ar0Zv+J7VeWY=",
    "date_joined": "2015-11-27T14:20:41Z",
    "email": "sedinger@ausdk12.org",
    "is_staff": false
  }
},
{
  "pk": 1,
  "model": "admin.logentry",
  "fields": {
    "object_repr": "teacher",
    "change_message": "",
    "action_flag": 1,
    "object_id": "1",
    "action_time": "2015-11-27T14:12:45.880Z",
    "content_type": 2,
    "user": 1
  }
},
{
  "pk": 2,
  "model": "admin.logentry",
  "fields": {
    "object_repr": "teacher1",
    "change_message": "",
    "action_flag": 1,
    "object_id": "2",
    "action_time": "2015-11-27T14:13:31.672Z",
    "content_type": 3,
    "user": 1
  }
},
{
  "pk": 3,
  "model": "admin.logentry",
  "fields": {
    "object_repr": "teacher1",
    "change_message": "Changed first_name, last_name, email and groups.",
    "action_flag": 2,
    "object_id": "2",
    "action_time": "2015-11-27T14:14:44.820Z",
    "content_type": 3,
    "user": 1
  }
},
{
  "pk": 4,
  "model": "admin.logentry",
  "fields": {
    "object_repr": "teacher2",
    "change_message": "",
    "action_flag": 1,
    "object_id": "3",
    "action_time": "2015-11-27T14:16:38.886Z",
    "content_type": 3,
    "user": 1
  }
},
{
  "pk": 5,
  "model": "admin.logentry",
  "fields": {
    "object_repr": "teacher2",
    "change_message": "Changed first_name, last_name, email and groups.",
    "action_flag": 2,
    "object_id": "3",
    "action_time": "2015-11-27T14:16:57.897Z",
    "content_type": 3,
    "user": 1
  }
},
{
  "pk": 6,
  "model": "admin.logentry",
  "fields": {
    "object_repr": "teacher3",
    "change_message": "",
    "action_flag": 1,
    "object_id": "4",
    "action_time": "2015-11-27T14:17:05.451Z",
    "content_type": 3,
    "user": 1
  }
},
{
  "pk": 7,
  "model": "admin.logentry",
  "fields": {
    "object_repr": "teacher3",
    "change_message": "Changed first_name, last_name, email and groups.",
    "action_flag": 2,
    "object_id": "4",
    "action_time": "2015-11-27T14:17:28.041Z",
    "content_type": 3,
    "user": 1
  }
},
{
  "pk": 8,
  "model": "admin.logentry",
  "fields": {
    "object_repr": "teacher4",
    "change_message": "",
    "action_flag": 1,
    "object_id": "5",
    "action_time": "2015-11-27T14:17:35.682Z",
    "content_type": 3,
    "user": 1
  }
},
{
  "pk": 9,
  "model": "admin.logentry",
  "fields": {
    "object_repr": "teacher4",
    "change_message": "Changed first_name, last_name, email and groups.",
    "action_flag": 2,
    "object_id": "5",
    "action_time": "2015-11-27T14:18:08.658Z",
    "content_type": 3,
    "user": 1
  }
},
{
  "pk": 10,
  "model": "admin.logentry",
  "fields": {
    "object_repr": "teacher5",
    "change_message": "",
    "action_flag": 1,
    "object_id": "6",
    "action_time": "2015-11-27T14:18:22.229Z",
    "content_type": 3,
    "user": 1
  }
},
{
  "pk": 11,
  "model": "admin.logentry",
  "fields": {
    "object_repr": "teacher5",
    "change_message": "Changed first_name, last_name, email and groups.",
    "action_flag": 2,
    "object_id": "6",
    "action_time": "2015-11-27T14:19:09.070Z",
    "content_type": 3,
    "user": 1
  }
},
{
  "pk": 12,
  "model": "admin.logentry",
  "fields": {
    "object_repr": "teacher6",
    "change_message": "",
    "action_flag": 1,
    "object_id": "7",
    "action_time": "2015-11-27T14:19:17.960Z",
    "content_type": 3,
    "user": 1
  }
},
{
  "pk": 13,
  "model": "admin.logentry",
  "fields": {
    "object_repr": "teacher6",
    "change_message": "Changed first_name, last_name, email and groups.",
    "action_flag": 2,
    "object_id": "7",
    "action_time": "2015-11-27T14:19:34.771Z",
    "content_type": 3,
    "user": 1
  }
},
{
  "pk": 14,
  "model": "admin.logentry",
  "fields": {
    "object_repr": "teacher7",
    "change_message": "",
    "action_flag": 1,
    "object_id": "8",
    "action_time": "2015-11-27T14:19:46.554Z",
    "content_type": 3,
    "user": 1
  }
},
{
  "pk": 15,
  "model": "admin.logentry",
  "fields": {
    "object_repr": "teacher7",
    "change_message": "Changed first_name, last_name, email and groups.",
    "action_flag": 2,
    "object_id": "8",
    "action_time": "2015-11-27T14:20:17.915Z",
    "content_type": 3,
    "user": 1
  }
},
{
  "pk": 16,
  "model": "admin.logentry",
  "fields": {
    "object_repr": "teacher8",
    "change_message": "",
    "action_flag": 1,
    "object_id": "9",
    "action_time": "2015-11-27T14:20:41.055Z",
    "content_type": 3,
    "user": 1
  }
},
{
  "pk": 17,
  "model": "admin.logentry",
  "fields": {
    "object_repr": "teacher8",
    "change_message": "Changed first_name, last_name, email and groups.",
    "action_flag": 2,
    "object_id": "9",
    "action_time": "2015-11-27T14:24:10.646Z",
    "content_type": 3,
    "user": 1
  }
},
{
  "pk": "y6l9sjruh9tjafpy2affyxpk3sv6gprx",
  "model": "sessions.session",
  "fields": {
    "session_data": "YmEyMzI4ZDQ1MTQyNzM4NTcxNDc0ZDhlMzYwMmJlNTgzMGE0YWMxMjp7Il9hdXRoX3VzZXJfaGFzaCI6IjZhMmJhNjlkMjdkZTJhZTAxMzRmMGUwMjczNjAxYmNkMGI0NzRkNTIiLCJfYXV0aF91c2VyX2lkIjoiNCIsIl9hdXRoX3VzZXJfYmFja2VuZCI6ImRqYW5nby5jb250cmliLmF1dGguYmFja2VuZHMuTW9kZWxCYWNrZW5kIn0=",
    "expire_date": "2015-12-14T06:38:44.692Z"
  }
},
{
  "pk": 19,
  "model": "group_manager.student_class",
  "fields": {
    "teacher": 6,
    "type": 1,
    "period": 1
  }
},
{
  "pk": 20,
  "model": "group_manager.student_class",
  "fields": {
    "teacher": 6,
    "type": 1,
    "period": 2
  }
},
{
  "pk": 21,
  "model": "group_manager.student_class",
  "fields": {
    "teacher": 6,
    "type": 1,
    "period": 3
  }
},
{
  "pk": 22,
  "model": "group_manager.student_class",
  "fields": {
    "teacher": 6,
    "type": 1,
    "period": 4
  }
},
{
  "pk": 23,
  "model": "group_manager.student_class",
  "fields": {
    "teacher": 6,
    "type": 1,
    "period": 5
  }
},
{
  "pk": 24,
  "model": "group_manager.student_class",
  "fields": {
    "teacher": 7,
    "type": 0,
    "period": 1
  }
},
{
  "pk": 25,
  "model": "group_manager.student_class",
  "fields": {
    "teacher": 7,
    "type": 0,
    "period": 3
  }
},
{
  "pk": 26,
  "model": "group_manager.student_class",
  "fields": {
    "teacher": 7,
    "type": 0,
    "period": 5
  }
},
{
  "pk": 27,
  "model": "group_manager.student_class",
  "fields": {
    "teacher": 7,
    "type": 0,
    "period": 6
  }
},
{
  "pk": 28,
  "model": "group_manager.student_class",
  "fields": {
    "teacher": 4,
    "type": 0,
    "period": 2
  }
},
{
  "pk": 29,
  "model": "group_manager.student_class",
  "fields": {
    "teacher": 4,
    "type": 0,
    "period": 4
  }
},
{
  "pk": 30,
  "model": "group_manager.student_class",
  "fields": {
    "teacher": 8,
    "type": 1,
    "period": 3
  }
},
{
  "pk": 31,
  "model": "group_manager.student_class",
  "fields": {
    "teacher": 8,
    "type": 1,
    "period": 6
  }
},
{
  "pk": 32,
  "model": "group_manager.student_class",
  "fields": {
    "teacher": 2,
    "type": 1,
    "period": 6
  }
},
{
  "pk": 33,
  "model": "group_manager.student_class",
  "fields": {
    "teacher": 2,
    "type": 1,
    "period": 7
  }
},
{
  "pk": 34,
  "model": "group_manager.student_class",
  "fields": {
    "teacher": 9,
    "type": 0,
    "period": 3
  }
},
{
  "pk": 35,
  "model": "group_manager.student_class",
  "fields": {
    "teacher": 9,
    "type": 0,
    "period": 4
  }
},
{
  "pk": 36,
  "model": "group_manager.student_class",
  "fields": {
    "teacher": 9,
    "type": 0,
    "period": 5
  }
},
{
  "pk": 37,
  "model": "group_manager.student_class",
  "fields": {
    "teacher": 9,
    "type": 0,
    "period": 7
  }
},
{
  "pk": 38,
  "model": "group_manager.student_class",
  "fields": {
    "teacher": 3,
    "type": 1,
    "period": 1
  }
},
{
  "pk": 39,
  "model": "group_manager.student_class",
  "fields": {
    "teacher": 3,
    "type": 1,
    "period": 5
  }
},
{
  "pk": 40,
  "model": "group_manager.student_class",
  "fields": {
    "teacher": 5,
    "type": 0,
    "period": 2
  }
},
{
  "pk": 41,
  "model": "group_manager.student_class",
  "fields": {
    "teacher": 5,
    "type": 0,
    "period": 4
  }
},
{
  "pk": 203591,
  "model": "group_manager.student",
  "fields": {
    "last_name": "Jones",
    "first_name": "Mario",
    "group": null,
    "email": "marioej19@ausdk12.org",
    "english_class": 26,
    "ihs_class": 19
  }
},
{
  "pk": 203638,
  "model": "group_manager.student",
  "fields": {
    "last_name": "Gonzalez",
    "first_name": "Carolina",
    "group": null,
    "email": "carolinag19@ausdk12.org",
    "english_class": 24,
    "ihs_class": 21
  }
},
{
  "pk": 203765,
  "model": "group_manager.student",
  "fields": {
    "last_name": "Snyder",
    "first_name": "Jared",
    "group": null,
    "email": "jaredjs19@ausdk12.org",
    "english_class": 36,
    "ihs_class": 31
  }
},
{
  "pk": 203952,
  "model": "group_manager.student",
  "fields": {
    "last_name": "Lor",
    "first_name": "Sreyroth",
    "group": null,
    "email": "sreyrothjl19@ausdk12.org",
    "english_class": 35,
    "ihs_class": 31
  }
},
{
  "pk": 204345,
  "model": "group_manager.student",
  "fields": {
    "last_name": "Albert",
    "first_name": "Alexa",
    "group": null,
    "email": "alexaca19@ausdk12.org",
    "english_class": 29,
    "ihs_class": 33
  }
},
{
  "pk": 204353,
  "model": "group_manager.student",
  "fields": {
    "last_name": "Adair",
    "first_name": "Ian",
    "group": null,
    "email": "ianma19@ausdk12.org",
    "english_class": 40,
    "ihs_class": 32
  }
},
{
  "pk": 204354,
  "model": "group_manager.student",
  "fields": {
    "last_name": "Albee-Good",
    "first_name": "Brendan",
    "group": null,
    "email": "brendanaa19@ausdk12.org",
    "english_class": 28,
    "ihs_class": 33
  }
},
{
  "pk": 204355,
  "model": "group_manager.student",
  "fields": {
    "last_name": "Aamir",
    "first_name": "Maha",
    "group": null,
    "email": "mahaa19@ausdk12.org",
    "english_class": null,
    "ihs_class": 31
  }
},
{
  "pk": 204356,
  "model": "group_manager.student",
  "fields": {
    "last_name": "Aguayo",
    "first_name": "Lizbeth",
    "group": null,
    "email": "lizbethca19@ausdk12.org",
    "english_class": 40,
    "ihs_class": 33
  }
},
{
  "pk": 204359,
  "model": "group_manager.student",
  "fields": {
    "last_name": "Bittner",
    "first_name": "Lewis",
    "group": null,
    "email": "lewisjb19@ausdk12.org",
    "english_class": 25,
    "ihs_class": 19
  }
},
{
  "pk": 204361,
  "model": "group_manager.student",
  "fields": {
    "last_name": "Black",
    "first_name": "Trenton",
    "group": null,
    "email": "trentonwb19@ausdk12.org",
    "english_class": 24,
    "ihs_class": 23
  }
},
{
  "pk": 204369,
  "model": "group_manager.student",
  "fields": {
    "last_name": "Dixon",
    "first_name": "Stella",
    "group": null,
    "email": "stellaad19@ausdk12.org",
    "english_class": 36,
    "ihs_class": 30
  }
},
{
  "pk": 204371,
  "model": "group_manager.student",
  "fields": {
    "last_name": "Colmenar",
    "first_name": "Isabela",
    "group": null,
    "email": "isabelaec19@ausdk12.org",
    "english_class": 24,
    "ihs_class": 23
  }
},
{
  "pk": 204372,
  "model": "group_manager.student",
  "fields": {
    "last_name": "Cohen",
    "first_name": "Henry",
    "group": null,
    "email": "henryac19@ausdk12.org",
    "english_class": 25,
    "ihs_class": 20
  }
},
{
  "pk": 204373,
  "model": "group_manager.student",
  "fields": {
    "last_name": "Chow",
    "first_name": "Athena",
    "group": null,
    "email": "athenacc19@ausdk12.org",
    "english_class": 29,
    "ihs_class": 33
  }
},
{
  "pk": 204375,
  "model": "group_manager.student",
  "fields": {
    "last_name": "Campbell",
    "first_name": "Myla",
    "group": null,
    "email": "mylanc19@ausdk12.org",
    "english_class": 40,
    "ihs_class": 32
  }
},
{
  "pk": 204377,
  "model": "group_manager.student",
  "fields": {
    "last_name": "Calafiura-Soleri",
    "first_name": "Matteo",
    "group": null,
    "email": "matteoc19@ausdk12.org",
    "english_class": 37,
    "ihs_class": 23
  }
},
{
  "pk": 204389,
  "model": "group_manager.student",
  "fields": {
    "last_name": "Hazen",
    "first_name": "Genelise",
    "group": null,
    "email": "geneliseah19@ausdk12.org",
    "english_class": 41,
    "ihs_class": 38
  }
},
{
  "pk": 204390,
  "model": "group_manager.student",
  "fields": {
    "last_name": "Higgins",
    "first_name": "Cara",
    "group": null,
    "email": "caraxh19@ausdk12.org",
    "english_class": 28,
    "ihs_class": 33
  }
},
{
  "pk": 204391,
  "model": "group_manager.student",
  "fields": {
    "last_name": "Hill",
    "first_name": "Garrett",
    "group": null,
    "email": "garrettrh19@ausdk12.org",
    "english_class": 28,
    "ihs_class": 38
  }
},
{
  "pk": 204392,
  "model": "group_manager.student",
  "fields": {
    "last_name": "Hori",
    "first_name": "Lucas",
    "group": null,
    "email": "lucaskh19@ausdk12.org",
    "english_class": 27,
    "ihs_class": 21
  }
},
{
  "pk": 204393,
  "model": "group_manager.student",
  "fields": {
    "last_name": "Hort",
    "first_name": "James",
    "group": null,
    "email": "jamesth19@ausdk12.org",
    "english_class": 28,
    "ihs_class": 33
  }
},
{
  "pk": 204397,
  "model": "group_manager.student",
  "fields": {
    "last_name": "Ivey",
    "first_name": "Jaylen",
    "group": null,
    "email": "jaylenmi19@ausdk12.org",
    "english_class": 40,
    "ihs_class": 32
  }
},
{
  "pk": 204400,
  "model": "group_manager.student",
  "fields": {
    "last_name": "Judge",
    "first_name": "John",
    "group": null,
    "email": "johnnj19@ausdk12.org",
    "english_class": 36,
    "ihs_class": 31
  }
},
{
  "pk": 204401,
  "model": "group_manager.student",
  "fields": {
    "last_name": "Kazi",
    "first_name": "Zain",
    "group": null,
    "email": "zainak19@ausdk12.org",
    "english_class": 27,
    "ihs_class": 21
  }
},
{
  "pk": 204402,
  "model": "group_manager.student",
  "fields": {
    "last_name": "Khou",
    "first_name": "Julie",
    "group": null,
    "email": "juliek19@ausdk12.org",
    "english_class": 40,
    "ihs_class": 38
  }
},
{
  "pk": 204419,
  "model": "group_manager.student",
  "fields": {
    "last_name": "King",
    "first_name": "Noah",
    "group": null,
    "email": "noahrk19@ausdk12.org",
    "english_class": 27,
    "ihs_class": 19
  }
},
{
  "pk": 204420,
  "model": "group_manager.student",
  "fields": {
    "last_name": "Kiriruangchai",
    "first_name": "Jirachaya",
    "group": null,
    "email": "jirachayak19@ausdk12.org",
    "english_class": 24,
    "ihs_class": 22
  }
},
{
  "pk": 204421,
  "model": "group_manager.student",
  "fields": {
    "last_name": "Kobelin",
    "first_name": "Camille",
    "group": null,
    "email": "camillerk19@ausdk12.org",
    "english_class": 40,
    "ihs_class": 39
  }
},
{
  "pk": 204423,
  "model": "group_manager.student",
  "fields": {
    "last_name": "Korchin",
    "first_name": "Shauna",
    "group": null,
    "email": "shaunak19@ausdk12.org",
    "english_class": 25,
    "ihs_class": 22
  }
},
{
  "pk": 204425,
  "model": "group_manager.student",
  "fields": {
    "last_name": "Lawrence",
    "first_name": "Abigail",
    "group": null,
    "email": "abigailal19@ausdk12.org",
    "english_class": 37,
    "ihs_class": 31
  }
},
{
  "pk": 204428,
  "model": "group_manager.student",
  "fields": {
    "last_name": "Leventhal",
    "first_name": "Ethan",
    "group": null,
    "email": "ethanl19@ausdk12.org",
    "english_class": 28,
    "ihs_class": 33
  }
},
{
  "pk": 204429,
  "model": "group_manager.student",
  "fields": {
    "last_name": "Levine",
    "first_name": "Nathan",
    "group": null,
    "email": "nathanal19@ausdk12.org",
    "english_class": 29,
    "ihs_class": 38
  }
},
{
  "pk": 204430,
  "model": "group_manager.student",
  "fields": {
    "last_name": "Li",
    "first_name": "William",
    "group": null,
    "email": "williaml19@ausdk12.org",
    "english_class": 41,
    "ihs_class": 32
  }
},
{
  "pk": 204433,
  "model": "group_manager.student",
  "fields": {
    "last_name": "Liu",
    "first_name": "Daniel",
    "group": null,
    "email": "danielbl19@ausdk12.org",
    "english_class": 29,
    "ihs_class": 33
  }
},
{
  "pk": 204434,
  "model": "group_manager.student",
  "fields": {
    "last_name": "Loizeaux",
    "first_name": "Peter",
    "group": null,
    "email": "peterrl19@ausdk12.org",
    "english_class": 28,
    "ihs_class": 33
  }
},
{
  "pk": 204435,
  "model": "group_manager.student",
  "fields": {
    "last_name": "Long",
    "first_name": "Maisie",
    "group": null,
    "email": "margaretbl19@ausdk12.org",
    "english_class": 40,
    "ihs_class": 33
  }
},
{
  "pk": 204436,
  "model": "group_manager.student",
  "fields": {
    "last_name": "Luo",
    "first_name": "Jonathan",
    "group": null,
    "email": "jonathanl19@ausdk12.org",
    "english_class": 40,
    "ihs_class": 39
  }
},
{
  "pk": 204437,
  "model": "group_manager.student",
  "fields": {
    "last_name": "Maass",
    "first_name": "Emma",
    "group": null,
    "email": "emmamm19@ausdk12.org",
    "english_class": 35,
    "ihs_class": 23
  }
},
{
  "pk": 204438,
  "model": "group_manager.student",
  "fields": {
    "last_name": "Maida",
    "first_name": "Enzo",
    "group": null,
    "email": "enzoym19@ausdk12.org",
    "english_class": 26,
    "ihs_class": 21
  }
},
{
  "pk": 204439,
  "model": "group_manager.student",
  "fields": {
    "last_name": "Mander",
    "first_name": "Ezra",
    "group": null,
    "email": "ezrajm19@ausdk12.org",
    "english_class": 34,
    "ihs_class": 31
  }
},
{
  "pk": 204440,
  "model": "group_manager.student",
  "fields": {
    "last_name": "Marquina",
    "first_name": "Natalie",
    "group": null,
    "email": "nataliem19@ausdk12.org",
    "english_class": null,
    "ihs_class": 33
  }
},
{
  "pk": 204442,
  "model": "group_manager.student",
  "fields": {
    "last_name": "McCroskey",
    "first_name": "Camden",
    "group": null,
    "email": "camdenlm19@ausdk12.org",
    "english_class": 27,
    "ihs_class": 19
  }
},
{
  "pk": 204443,
  "model": "group_manager.student",
  "fields": {
    "last_name": "McGinley",
    "first_name": "Tess",
    "group": null,
    "email": "tessem19@ausdk12.org",
    "english_class": 28,
    "ihs_class": 32
  }
},
{
  "pk": 204446,
  "model": "group_manager.student",
  "fields": {
    "last_name": "Miki",
    "first_name": "John",
    "group": null,
    "email": "johnam19@ausdk12.org",
    "english_class": 40,
    "ihs_class": 33
  }
},
{
  "pk": 204447,
  "model": "group_manager.student",
  "fields": {
    "last_name": "Mink",
    "first_name": "Cole",
    "group": null,
    "email": "colem19@ausdk12.org",
    "english_class": 36,
    "ihs_class": 30
  }
},
{
  "pk": 204450,
  "model": "group_manager.student",
  "fields": {
    "last_name": "Noble",
    "first_name": "Porsche",
    "group": null,
    "email": "porschen19@ausdk12.org",
    "english_class": 41,
    "ihs_class": 38
  }
},
{
  "pk": 204453,
  "model": "group_manager.student",
  "fields": {
    "last_name": "O'Shea",
    "first_name": "Clair",
    "group": null,
    "email": "clairso19@ausdk12.org",
    "english_class": 28,
    "ihs_class": 39
  }
},
{
  "pk": 204456,
  "model": "group_manager.student",
  "fields": {
    "last_name": "Picard",
    "first_name": "Lucas",
    "group": null,
    "email": "lucasjp19@ausdk12.org",
    "english_class": 29,
    "ihs_class": 38
  }
},
{
  "pk": 204457,
  "model": "group_manager.student",
  "fields": {
    "last_name": "Porras",
    "first_name": "Natalia",
    "group": null,
    "email": "nataliayp19@ausdk12.org",
    "english_class": 26,
    "ihs_class": 21
  }
},
{
  "pk": 204459,
  "model": "group_manager.student",
  "fields": {
    "last_name": "Rainey",
    "first_name": "Isabel",
    "group": null,
    "email": "isabelrr19@ausdk12.org",
    "english_class": 36,
    "ihs_class": 30
  }
},
{
  "pk": 204460,
  "model": "group_manager.student",
  "fields": {
    "last_name": "Rasband",
    "first_name": "Avery",
    "group": null,
    "email": "averyjr19@ausdk12.org",
    "english_class": 27,
    "ihs_class": 20
  }
},
{
  "pk": 204464,
  "model": "group_manager.student",
  "fields": {
    "last_name": "Roberts",
    "first_name": "Cleighton",
    "group": null,
    "email": "cleightonwr19@ausdk12.org",
    "english_class": 37,
    "ihs_class": 31
  }
},
{
  "pk": 204465,
  "model": "group_manager.student",
  "fields": {
    "last_name": "Rosen-Bloom",
    "first_name": "Eliana",
    "group": null,
    "email": "elianamr19@ausdk12.org",
    "english_class": 37,
    "ihs_class": 30
  }
},
{
  "pk": 204466,
  "model": "group_manager.student",
  "fields": {
    "last_name": "Ruberto",
    "first_name": "Milo",
    "group": null,
    "email": "milodr19@ausdk12.org",
    "english_class": 28,
    "ihs_class": 39
  }
},
{
  "pk": 204467,
  "model": "group_manager.student",
  "fields": {
    "last_name": "Rynhoud",
    "first_name": "Christopher",
    "group": null,
    "email": "christopherrr19@ausdk12.org",
    "english_class": 40,
    "ihs_class": 39
  }
},
{
  "pk": 204478,
  "model": "group_manager.student",
  "fields": {
    "last_name": "Saaf",
    "first_name": "Elka",
    "group": null,
    "email": "elkaks19@ausdk12.org",
    "english_class": 28,
    "ihs_class": 38
  }
},
{
  "pk": 204480,
  "model": "group_manager.student",
  "fields": {
    "last_name": "Saghafi",
    "first_name": "Arman",
    "group": null,
    "email": "saghafi.arman@gmail.com",
    "english_class": 37,
    "ihs_class": 23
  }
},
{
  "pk": 204485,
  "model": "group_manager.student",
  "fields": {
    "last_name": "Shaikh",
    "first_name": "Heibah",
    "group": null,
    "email": "heibahws19@ausdk12.org",
    "english_class": 24,
    "ihs_class": 21
  }
},
{
  "pk": 204487,
  "model": "group_manager.student",
  "fields": {
    "last_name": "Shipman",
    "first_name": "Neal",
    "group": null,
    "email": "nealbs19@ausdk12.org",
    "english_class": 27,
    "ihs_class": 20
  }
},
{
  "pk": 204489,
  "model": "group_manager.student",
  "fields": {
    "last_name": "Silva",
    "first_name": "Margaret",
    "group": null,
    "email": "margaretas19@ausdk12.org",
    "english_class": 27,
    "ihs_class": 21
  }
},
{
  "pk": 204490,
  "model": "group_manager.student",
  "fields": {
    "last_name": "Silvestre",
    "first_name": "Wictoria",
    "group": null,
    "email": "wictoriaks19@ausdk12.org",
    "english_class": 37,
    "ihs_class": 30
  }
},
{
  "pk": 204491,
  "model": "group_manager.student",
  "fields": {
    "last_name": "Sim",
    "first_name": "Matthew",
    "group": null,
    "email": "matthewjs19@ausdk12.org",
    "english_class": 29,
    "ihs_class": 39
  }
},
{
  "pk": 204492,
  "model": "group_manager.student",
  "fields": {
    "last_name": "Simon",
    "first_name": "George",
    "group": null,
    "email": "georgens19@ausdk12.org",
    "english_class": 24,
    "ihs_class": 20
  }
},
{
  "pk": 204499,
  "model": "group_manager.student",
  "fields": {
    "last_name": "Szumilo",
    "first_name": "Alexander",
    "group": null,
    "email": "alexanderps19@ausdk12.org",
    "english_class": 24,
    "ihs_class": 21
  }
},
{
  "pk": 204500,
  "model": "group_manager.student",
  "fields": {
    "last_name": "Tamang",
    "first_name": "Shreya",
    "group": null,
    "email": "shreyat19@ausdk12.org",
    "english_class": 26,
    "ihs_class": 20
  }
},
{
  "pk": 204502,
  "model": "group_manager.student",
  "fields": {
    "last_name": "Tembay",
    "first_name": "Ogyen",
    "group": null,
    "email": "ogyendt19@ausdk12.org",
    "english_class": 26,
    "ihs_class": 21
  }
},
{
  "pk": 204503,
  "model": "group_manager.student",
  "fields": {
    "last_name": "Tenzing",
    "first_name": "Dorjee",
    "group": null,
    "email": "dorjeet19@ausdk12.org",
    "english_class": 25,
    "ihs_class": 20
  }
},
{
  "pk": 204504,
  "model": "group_manager.student",
  "fields": {
    "last_name": "Tran",
    "first_name": "Lindsey",
    "group": null,
    "email": "lindseyt19@ausdk12.org",
    "english_class": 29,
    "ihs_class": 32
  }
},
{
  "pk": 204505,
  "model": "group_manager.student",
  "fields": {
    "last_name": "Tremblay",
    "first_name": "Helena",
    "group": null,
    "email": "helena.tremblay@gmail.com",
    "english_class": 28,
    "ihs_class": 32
  }
},
{
  "pk": 204506,
  "model": "group_manager.student",
  "fields": {
    "last_name": "Treseler",
    "first_name": "Dominic",
    "group": null,
    "email": "dominicqt19@ausdk12.org",
    "english_class": 29,
    "ihs_class": 39
  }
},
{
  "pk": 204507,
  "model": "group_manager.student",
  "fields": {
    "last_name": "Trutane",
    "first_name": "Russell",
    "group": null,
    "email": "russellet19@ausdk12.org",
    "english_class": 28,
    "ihs_class": 32
  }
},
{
  "pk": 204509,
  "model": "group_manager.student",
  "fields": {
    "last_name": "Valenzuela",
    "first_name": "Tamara",
    "group": null,
    "email": "tamaradv19@ausdk12.org",
    "english_class": 40,
    "ihs_class": 38
  }
},
{
  "pk": 204510,
  "model": "group_manager.student",
  "fields": {
    "last_name": "Krashna",
    "first_name": "Maria",
    "group": null,
    "email": "mariack19@ausdk12.org",
    "english_class": 36,
    "ihs_class": 30
  }
},
{
  "pk": 204512,
  "model": "group_manager.student",
  "fields": {
    "last_name": "Waters",
    "first_name": "La Mar",
    "group": null,
    "email": "lajw19@ausdk12.org",
    "english_class": 24,
    "ihs_class": 20
  }
},
{
  "pk": 204514,
  "model": "group_manager.student",
  "fields": {
    "last_name": "Wong",
    "first_name": "Tiffany",
    "group": null,
    "email": "tiffanyyw19@ausdk12.org",
    "english_class": 41,
    "ihs_class": 39
  }
},
{
  "pk": 204516,
  "model": "group_manager.student",
  "fields": {
    "last_name": "Wright",
    "first_name": "Jessica",
    "group": null,
    "email": "jessicamw19@ausdk12.org",
    "english_class": 26,
    "ihs_class": 20
  }
},
{
  "pk": 204518,
  "model": "group_manager.student",
  "fields": {
    "last_name": "Xing",
    "first_name": "Albert",
    "group": null,
    "email": "alberthx19@ausdk12.org",
    "english_class": 24,
    "ihs_class": 22
  }
},
{
  "pk": 204519,
  "model": "group_manager.student",
  "fields": {
    "last_name": "Yee",
    "first_name": "Kevin",
    "group": null,
    "email": "kevinsy19@ausdk12.org",
    "english_class": 34,
    "ihs_class": 23
  }
},
{
  "pk": 204521,
  "model": "group_manager.student",
  "fields": {
    "last_name": "Zhong",
    "first_name": "Evan",
    "group": null,
    "email": "evanz19@ausdk12.org",
    "english_class": 24,
    "ihs_class": 20
  }
},
{
  "pk": 204522,
  "model": "group_manager.student",
  "fields": {
    "last_name": "Zhou",
    "first_name": "Sunny",
    "group": null,
    "email": "sunnytz19@ausdk12.org",
    "english_class": 27,
    "ihs_class": 19
  }
},
{
  "pk": 204524,
  "model": "group_manager.student",
  "fields": {
    "last_name": "Abbott",
    "first_name": "Calder",
    "group": null,
    "email": "calderla19@ausdk12.org",
    "english_class": 24,
    "ihs_class": 23
  }
},
{
  "pk": 204526,
  "model": "group_manager.student",
  "fields": {
    "last_name": "Charp",
    "first_name": "Sage",
    "group": null,
    "email": "sageec19@ausdk12.org",
    "english_class": 37,
    "ihs_class": 30
  }
},
{
  "pk": 204527,
  "model": "group_manager.student",
  "fields": {
    "last_name": "Chen",
    "first_name": "Madeleine",
    "group": null,
    "email": "madeleinerc19@ausdk12.org",
    "english_class": 36,
    "ihs_class": 31
  }
},
{
  "pk": 204529,
  "model": "group_manager.student",
  "fields": {
    "last_name": "Davis",
    "first_name": "Jacqueline",
    "group": null,
    "email": "jacquelinehd19@ausdk12.org",
    "english_class": 41,
    "ihs_class": 38
  }
},
{
  "pk": 204530,
  "model": "group_manager.student",
  "fields": {
    "last_name": "DePianto",
    "first_name": "Joseph",
    "group": null,
    "email": "josephwd19@ausdk12.org",
    "english_class": 41,
    "ihs_class": 39
  }
},
{
  "pk": 204531,
  "model": "group_manager.student",
  "fields": {
    "last_name": "Goose",
    "first_name": "Molly",
    "group": null,
    "email": "mollyeg19@ausdk12.org",
    "english_class": 35,
    "ihs_class": 23
  }
},
{
  "pk": 204533,
  "model": "group_manager.student",
  "fields": {
    "last_name": "Liu",
    "first_name": "Jason",
    "group": null,
    "email": "jasonyl19@ausdk12.org",
    "english_class": 35,
    "ihs_class": 23
  }
},
{
  "pk": 204535,
  "model": "group_manager.student",
  "fields": {
    "last_name": "Ng",
    "first_name": "Sarah",
    "group": null,
    "email": "sarahmn19@ausdk12.org",
    "english_class": 24,
    "ihs_class": 21
  }
},
{
  "pk": 204537,
  "model": "group_manager.student",
  "fields": {
    "last_name": "Rodriguez",
    "first_name": "Mateo",
    "group": null,
    "email": "mateogr19@ausdk12.org",
    "english_class": 27,
    "ihs_class": 22
  }
},
{
  "pk": 204538,
  "model": "group_manager.student",
  "fields": {
    "last_name": "Shen-Wachter",
    "first_name": "Jessica",
    "group": null,
    "email": "jessicaes19@ausdk12.org",
    "english_class": 29,
    "ihs_class": 32
  }
},
{
  "pk": 204540,
  "model": "group_manager.student",
  "fields": {
    "last_name": "Stallmeyer",
    "first_name": "Kailey",
    "group": null,
    "email": "kaileygs19@ausdk12.org",
    "english_class": 28,
    "ihs_class": 33
  }
},
{
  "pk": 204541,
  "model": "group_manager.student",
  "fields": {
    "last_name": "Swygert",
    "first_name": "Kory",
    "group": null,
    "email": "koryss19@ausdk12.org",
    "english_class": 27,
    "ihs_class": 21
  }
},
{
  "pk": 204559,
  "model": "group_manager.student",
  "fields": {
    "last_name": "Jain",
    "first_name": "Aditi",
    "group": null,
    "email": "aditiaj19@ausdk12.org",
    "english_class": 24,
    "ihs_class": 20
  }
},
{
  "pk": 204560,
  "model": "group_manager.student",
  "fields": {
    "last_name": "Green",
    "first_name": "Emma",
    "group": null,
    "email": "emmaig19@ausdk12.org",
    "english_class": 28,
    "ihs_class": 38
  }
},
{
  "pk": 204562,
  "model": "group_manager.student",
  "fields": {
    "last_name": "Stapleton-Gray",
    "first_name": "Chloe",
    "group": null,
    "email": "chloets19@ausdk12.org",
    "english_class": 34,
    "ihs_class": 23
  }
},
{
  "pk": 204564,
  "model": "group_manager.student",
  "fields": {
    "last_name": "Wolf",
    "first_name": "David",
    "group": null,
    "email": "davidaw19@ausdk12.org",
    "english_class": 40,
    "ihs_class": 33
  }
},
{
  "pk": 204605,
  "model": "group_manager.student",
  "fields": {
    "last_name": "Blum",
    "first_name": "Leanne",
    "group": null,
    "email": "leannefb19@ausdk12.org",
    "english_class": 37,
    "ihs_class": 31
  }
},
{
  "pk": 204606,
  "model": "group_manager.student",
  "fields": {
    "last_name": "Brusseau",
    "first_name": "Matthew",
    "group": null,
    "email": "matthewlb19@ausdk12.org",
    "english_class": 41,
    "ihs_class": 33
  }
},
{
  "pk": 204612,
  "model": "group_manager.student",
  "fields": {
    "last_name": "El-Saied",
    "first_name": "Abdul-Rahman",
    "group": null,
    "email": "abdulrahmanue19@ausdk12.org",
    "english_class": 29,
    "ihs_class": 33
  }
},
{
  "pk": 204614,
  "model": "group_manager.student",
  "fields": {
    "last_name": "Goree",
    "first_name": "Jade",
    "group": null,
    "email": "jadehg19@ausdk12.org",
    "english_class": 36,
    "ihs_class": 31
  }
},
{
  "pk": 204616,
  "model": "group_manager.student",
  "fields": {
    "last_name": "Gulisano",
    "first_name": "Luna",
    "group": null,
    "email": "lunarg19@ausdk12.org",
    "english_class": 41,
    "ihs_class": 39
  }
},
{
  "pk": 204617,
  "model": "group_manager.student",
  "fields": {
    "last_name": "Hallinan",
    "first_name": "Jack",
    "group": null,
    "email": "jackjh19@ausdk12.org",
    "english_class": 41,
    "ihs_class": 39
  }
},
{
  "pk": 204618,
  "model": "group_manager.student",
  "fields": {
    "last_name": "Intoci",
    "first_name": "Nikko",
    "group": null,
    "email": "nikkopi19@ausdk12.org",
    "english_class": 41,
    "ihs_class": 33
  }
},
{
  "pk": 204622,
  "model": "group_manager.student",
  "fields": {
    "last_name": "Lucky",
    "first_name": "Lucien",
    "group": null,
    "email": "lucienfl19@ausdk12.org",
    "english_class": 28,
    "ihs_class": 33
  }
},
{
  "pk": 204623,
  "model": "group_manager.student",
  "fields": {
    "last_name": "Man",
    "first_name": "Ryan",
    "group": null,
    "email": "ryanlm19@ausdk12.org",
    "english_class": 37,
    "ihs_class": 23
  }
},
{
  "pk": 204626,
  "model": "group_manager.student",
  "fields": {
    "last_name": "Naylor",
    "first_name": "Stella",
    "group": null,
    "email": "stellarn19@ausdk12.org",
    "english_class": 29,
    "ihs_class": 32
  }
},
{
  "pk": 204627,
  "model": "group_manager.student",
  "fields": {
    "last_name": "Payongayong",
    "first_name": "Andres",
    "group": null,
    "email": "Andresmp19@ausdk12.org",
    "english_class": 26,
    "ihs_class": 19
  }
},
{
  "pk": 204629,
  "model": "group_manager.student",
  "fields": {
    "last_name": "Pimpan",
    "first_name": "Caspian",
    "group": null,
    "email": "caspianjp19@ausdk12.org",
    "english_class": 28,
    "ihs_class": 39
  }
},
{
  "pk": 204632,
  "model": "group_manager.student",
  "fields": {
    "last_name": "Sorensen",
    "first_name": "Nico",
    "group": null,
    "email": "nicots19@ausdk12.org",
    "english_class": 40,
    "ihs_class": 39
  }
},
{
  "pk": 204634,
  "model": "group_manager.student",
  "fields": {
    "last_name": "Suennen",
    "first_name": "Yinlin",
    "group": null,
    "email": "yinlinls19@ausdk12.org",
    "english_class": 27,
    "ihs_class": 19
  }
},
{
  "pk": 204661,
  "model": "group_manager.student",
  "fields": {
    "last_name": "Feliciano",
    "first_name": "Angelo",
    "group": null,
    "email": "angelocf19@ausdk12.org",
    "english_class": 24,
    "ihs_class": 20
  }
},
{
  "pk": 204665,
  "model": "group_manager.student",
  "fields": {
    "last_name": "Foster",
    "first_name": "Caleb",
    "group": null,
    "email": "calebvf19@ausdk12.org",
    "english_class": 40,
    "ihs_class": 38
  }
},
{
  "pk": 204666,
  "model": "group_manager.student",
  "fields": {
    "last_name": "Fukumae",
    "first_name": "Jared",
    "group": null,
    "email": "jaredkf19@ausdk12.org",
    "english_class": 26,
    "ihs_class": 20
  }
},
{
  "pk": 204675,
  "model": "group_manager.student",
  "fields": {
    "last_name": "Rockwell",
    "first_name": "Marisa",
    "group": null,
    "email": "marisafr19@ausdk12.org",
    "english_class": 37,
    "ihs_class": 23
  }
},
{
  "pk": 204678,
  "model": "group_manager.student",
  "fields": {
    "last_name": "Kermanshahi",
    "first_name": "Tiam",
    "group": null,
    "email": "tiamak19@ausdk12.org",
    "english_class": 37,
    "ihs_class": 23
  }
},
{
  "pk": 204679,
  "model": "group_manager.student",
  "fields": {
    "last_name": "Luoma",
    "first_name": "Michael",
    "group": null,
    "email": "michaelsl19@ausdk12.org",
    "english_class": 35,
    "ihs_class": 30
  }
},
{
  "pk": 204714,
  "model": "group_manager.student",
  "fields": {
    "last_name": "Lo",
    "first_name": "Benjamin",
    "group": null,
    "email": "benjaminzl19@ausdk12.org",
    "english_class": 26,
    "ihs_class": 20
  }
},
{
  "pk": 204761,
  "model": "group_manager.student",
  "fields": {
    "last_name": "Paiz",
    "first_name": "Kyle",
    "group": null,
    "email": "kylep19@ausdk12.org",
    "english_class": 34,
    "ihs_class": 31
  }
},
{
  "pk": 204762,
  "model": "group_manager.student",
  "fields": {
    "last_name": "Lee",
    "first_name": "Madison",
    "group": null,
    "email": "madisonl19@ausdk12.org",
    "english_class": 40,
    "ihs_class": 38
  }
},
{
  "pk": 204823,
  "model": "group_manager.student",
  "fields": {
    "last_name": "Jackson",
    "first_name": "Tyler",
    "group": null,
    "email": "tylerij19@ausdk12.org",
    "english_class": 24,
    "ihs_class": 21
  }
},
{
  "pk": 204832,
  "model": "group_manager.student",
  "fields": {
    "last_name": "Escoto",
    "first_name": "Nina",
    "group": null,
    "email": "ninace19@ausdk12.org",
    "english_class": 27,
    "ihs_class": 20
  }
},
{
  "pk": 204864,
  "model": "group_manager.student",
  "fields": {
    "last_name": "Johnson",
    "first_name": "Tiffany",
    "group": null,
    "email": "tiffanyaj19@ausdk12.org",
    "english_class": 34,
    "ihs_class": 31
  }
},
{
  "pk": 204874,
  "model": "group_manager.student",
  "fields": {
    "last_name": "Williams",
    "first_name": "Luke",
    "group": null,
    "email": "lukemw19@ausdk12.org",
    "english_class": 25,
    "ihs_class": 20
  }
},
{
  "pk": 204878,
  "model": "group_manager.student",
  "fields": {
    "last_name": "Pree",
    "first_name": "Henry",
    "group": null,
    "email": "henrydp19@ausdk12.org",
    "english_class": 26,
    "ihs_class": 20
  }
},
{
  "pk": 204910,
  "model": "group_manager.student",
  "fields": {
    "last_name": "Plamenco",
    "first_name": "Kristyl Anne",
    "group": null,
    "email": "kristylp19@ausdk12.org",
    "english_class": 26,
    "ihs_class": 20
  }
},
{
  "pk": 204936,
  "model": "group_manager.student",
  "fields": {
    "last_name": "Malik",
    "first_name": "Areez",
    "group": null,
    "email": "areezam19@ausdk12.org",
    "english_class": 36,
    "ihs_class": 31
  }
},
{
  "pk": 204973,
  "model": "group_manager.student",
  "fields": {
    "last_name": "Alvarado",
    "first_name": "Elizabeth",
    "group": null,
    "email": "elizabetha19@ausdk12.org",
    "english_class": 24,
    "ihs_class": 20
  }
},
{
  "pk": 205072,
  "model": "group_manager.student",
  "fields": {
    "last_name": "Chen",
    "first_name": "Derrick",
    "group": null,
    "email": "derrickjc19@ausdk12.org",
    "english_class": 27,
    "ihs_class": 19
  }
},
{
  "pk": 205076,
  "model": "group_manager.student",
  "fields": {
    "last_name": "Wu",
    "first_name": "Jerry",
    "group": null,
    "email": "jerryrw19@ausdk12.org",
    "english_class": 27,
    "ihs_class": 19
  }
},
{
  "pk": 205159,
  "model": "group_manager.student",
  "fields": {
    "last_name": "Tang",
    "first_name": "Ruby",
    "group": null,
    "email": "rubyt19@ausdk12.org",
    "english_class": 27,
    "ihs_class": 19
  }
},
{
  "pk": 205212,
  "model": "group_manager.student",
  "fields": {
    "last_name": "Loshak",
    "first_name": "Maxim",
    "group": null,
    "email": "maximl19@ausdk12.org",
    "english_class": 27,
    "ihs_class": 21
  }
},
{
  "pk": 205259,
  "model": "group_manager.student",
  "fields": {
    "last_name": "Eliyan",
    "first_name": "Yara",
    "group": null,
    "email": "yaraie19@ausdk12.org",
    "english_class": 28,
    "ihs_class": 33
  }
},
{
  "pk": 205295,
  "model": "group_manager.student",
  "fields": {
    "last_name": "Lu",
    "first_name": "Emily",
    "group": null,
    "email": "emilyzl19@ausdk12.org",
    "english_class": 27,
    "ihs_class": 20
  }
},
{
  "pk": 205310,
  "model": "group_manager.student",
  "fields": {
    "last_name": "Lim",
    "first_name": "Jett",
    "group": null,
    "email": "jettsl19@ausdk12.org",
    "english_class": 24,
    "ihs_class": 21
  }
},
{
  "pk": 205315,
  "model": "group_manager.student",
  "fields": {
    "last_name": "Ligon",
    "first_name": "Delian",
    "group": null,
    "email": "delianjl19@ausdk12.org",
    "english_class": 24,
    "ihs_class": 22
  }
},
{
  "pk": 205403,
  "model": "group_manager.student",
  "fields": {
    "last_name": "Williams",
    "first_name": "Shauniece",
    "group": null,
    "email": "shauniecelw19@ausdk12.org",
    "english_class": 24,
    "ihs_class": 20
  }
},
{
  "pk": 205433,
  "model": "group_manager.student",
  "fields": {
    "last_name": "Butiong",
    "first_name": "Alfred",
    "group": null,
    "email": "alfredmb19@ausdk12.org",
    "english_class": 24,
    "ihs_class": 20
  }
},
{
  "pk": 205479,
  "model": "group_manager.student",
  "fields": {
    "last_name": "Megibben",
    "first_name": "Ana",
    "group": null,
    "email": "anam19@ausdk12.org",
    "english_class": 36,
    "ihs_class": 31
  }
},
{
  "pk": 205492,
  "model": "group_manager.student",
  "fields": {
    "last_name": "Borgfeldt",
    "first_name": "Tamara",
    "group": null,
    "email": "tamaradb19@ausdk12.org",
    "english_class": 26,
    "ihs_class": 22
  }
},
{
  "pk": 205503,
  "model": "group_manager.student",
  "fields": {
    "last_name": "Sikand",
    "first_name": "Karman",
    "group": null,
    "email": "karmans19@ausdk12.org",
    "english_class": 35,
    "ihs_class": 23
  }
},
{
  "pk": 205507,
  "model": "group_manager.student",
  "fields": {
    "last_name": "Urbas",
    "first_name": "Natalia",
    "group": null,
    "email": "nataliau19@ausdk12.org",
    "english_class": 27,
    "ihs_class": 20
  }
},
{
  "pk": 205550,
  "model": "group_manager.student",
  "fields": {
    "last_name": "Meyers",
    "first_name": "Maxwell",
    "group": null,
    "email": "maxwelljm19@ausdk12.org",
    "english_class": 36,
    "ihs_class": 31
  }
},
{
  "pk": 205564,
  "model": "group_manager.student",
  "fields": {
    "last_name": "Acker",
    "first_name": "Sophia",
    "group": null,
    "email": "sophiawa19@ausdk12.org",
    "english_class": 34,
    "ihs_class": 23
  }
},
{
  "pk": 205589,
  "model": "group_manager.student",
  "fields": {
    "last_name": "Nihei",
    "first_name": "Anthony",
    "group": null,
    "email": "anthonyjn19@ausdk12.org",
    "english_class": 28,
    "ihs_class": 33
  }
},
{
  "pk": 205640,
  "model": "group_manager.student",
  "fields": {
    "last_name": "Ahn",
    "first_name": "Jungah",
    "group": null,
    "email": "jungaha19@ausdk12.org",
    "english_class": 36,
    "ihs_class": 30
  }
},
{
  "pk": 205643,
  "model": "group_manager.student",
  "fields": {
    "last_name": "Cortez",
    "first_name": "Alexander",
    "group": null,
    "email": "alexandermc19@ausdk12.org",
    "english_class": 24,
    "ihs_class": 20
  }
},
{
  "pk": 205644,
  "model": "group_manager.student",
  "fields": {
    "last_name": "Deng",
    "first_name": "Shuntong",
    "group": null,
    "email": "shuntongd19@ausdk12.org",
    "english_class": 37,
    "ihs_class": 23
  }
},
{
  "pk": 205645,
  "model": "group_manager.student",
  "fields": {
    "last_name": "Ernst",
    "first_name": "Rose",
    "group": null,
    "email": "rosete19@ausdk12.org",
    "english_class": 35,
    "ihs_class": 31
  }
},
{
  "pk": 205648,
  "model": "group_manager.student",
  "fields": {
    "last_name": "Hernandez",
    "first_name": "Nicole",
    "group": null,
    "email": "nicoleh19@ausdk12.org",
    "english_class": 40,
    "ihs_class": 33
  }
},
{
  "pk": 205651,
  "model": "group_manager.student",
  "fields": {
    "last_name": "Sabir",
    "first_name": "Sulaiman",
    "group": null,
    "email": "sulaimanms19@ausdk12.org",
    "english_class": 24,
    "ihs_class": 20
  }
},
{
  "pk": 205655,
  "model": "group_manager.student",
  "fields": {
    "last_name": "Skinner",
    "first_name": "Nathan",
    "group": null,
    "email": "nathands19@ausdk12.org",
    "english_class": 28,
    "ihs_class": 38
  }
},
{
  "pk": 205659,
  "model": "group_manager.student",
  "fields": {
    "last_name": "Kim",
    "first_name": "Sung Joo",
    "group": null,
    "email": "sungk19@ausdk12.org",
    "english_class": 28,
    "ihs_class": 33
  }
},
{
  "pk": 205754,
  "model": "group_manager.student",
  "fields": {
    "last_name": "Chavez",
    "first_name": "Nicholas",
    "group": null,
    "email": "NicholasGC19@ausdk12.org",
    "english_class": 29,
    "ihs_class": 38
  }
},
{
  "pk": 205777,
  "model": "group_manager.student",
  "fields": {
    "last_name": "Parafina",
    "first_name": "Anjelou",
    "group": null,
    "email": "anjeloup19@ausdk12.org",
    "english_class": 28,
    "ihs_class": 33
  }
},
{
  "pk": 205788,
  "model": "group_manager.student",
  "fields": {
    "last_name": "Johnson",
    "first_name": "Caleb",
    "group": null,
    "email": "calebcj19@ausdk12.org",
    "english_class": 24,
    "ihs_class": 20
  }
},
{
  "pk": 205792,
  "model": "group_manager.student",
  "fields": {
    "last_name": "Cardozo",
    "first_name": "Liam",
    "group": null,
    "email": "liambc19@ausdk12.org",
    "english_class": 35,
    "ihs_class": 31
  }
},
{
  "pk": 205812,
  "model": "group_manager.student",
  "fields": {
    "last_name": "Zalkin",
    "first_name": "Isaac",
    "group": null,
    "email": "isaaclz19@ausdk12.org",
    "english_class": 41,
    "ihs_class": 39
  }
},
{
  "pk": 205965,
  "model": "group_manager.student",
  "fields": {
    "last_name": "Voronov",
    "first_name": "Andrey",
    "group": null,
    "email": "andreyv19@ausdk12.org",
    "english_class": 37,
    "ihs_class": 30
  }
},
{
  "pk": 206335,
  "model": "group_manager.student",
  "fields": {
    "last_name": "Chen",
    "first_name": "Brandon",
    "group": null,
    "email": "brandonwc19@ausdk12.org",
    "english_class": 37,
    "ihs_class": 31
  }
},
{
  "pk": 206411,
  "model": "group_manager.student",
  "fields": {
    "last_name": "Aurelio",
    "first_name": "Lucas",
    "group": null,
    "email": "lucasga19@ausdk12.org",
    "english_class": 37,
    "ihs_class": 23
  }
},
{
  "pk": 206457,
  "model": "group_manager.student",
  "fields": {
    "last_name": "Falconi",
    "first_name": "Sebastian",
    "group": null,
    "email": "sebastianlf19@ausdk12.org",
    "english_class": 29,
    "ihs_class": 38
  }
},
{
  "pk": 206487,
  "model": "group_manager.student",
  "fields": {
    "last_name": "Parajuli",
    "first_name": "Apoorva",
    "group": null,
    "email": "apoorvap19@ausdk12.org",
    "english_class": 37,
    "ihs_class": 30
  }
},
{
  "pk": 206495,
  "model": "group_manager.student",
  "fields": {
    "last_name": "Stewart",
    "first_name": "Cali",
    "group": null,
    "email": "calibs19@ausdk12.org",
    "english_class": 40,
    "ihs_class": 38
  }
},
{
  "pk": 206555,
  "model": "group_manager.student",
  "fields": {
    "last_name": "Sullivan",
    "first_name": "Shaye",
    "group": null,
    "email": "shayels19@ausdk12.org",
    "english_class": 27,
    "ihs_class": 20
  }
},
{
  "pk": 206557,
  "model": "group_manager.student",
  "fields": {
    "last_name": "Davidson",
    "first_name": "Grace",
    "group": null,
    "email": "graceed19@ausdk12.org",
    "english_class": 25,
    "ihs_class": 19
  }
},
{
  "pk": 206701,
  "model": "group_manager.student",
  "fields": {
    "last_name": "Liu",
    "first_name": "Wendy",
    "group": null,
    "email": "wendywl19@ausdk12.org",
    "english_class": 26,
    "ihs_class": 20
  }
},
{
  "pk": 206707,
  "model": "group_manager.student",
  "fields": {
    "last_name": "Munoz",
    "first_name": "Amaya",
    "group": null,
    "email": "amayam19@ausdk12.org",
    "english_class": 40,
    "ihs_class": 32
  }
},
{
  "pk": 207102,
  "model": "group_manager.student",
  "fields": {
    "last_name": "Kaduwela",
    "first_name": "Amal",
    "group": null,
    "email": "amalpk19@ausdk12.org",
    "english_class": 41,
    "ihs_class": 32
  }
},
{
  "pk": 207104,
  "model": "group_manager.student",
  "fields": {
    "last_name": "Villegas",
    "first_name": "Julian Florence",
    "group": null,
    "email": "julianev19@ausdk12.org",
    "english_class": 27,
    "ihs_class": 21
  }
},
{
  "pk": 207329,
  "model": "group_manager.student",
  "fields": {
    "last_name": "Munkhbat",
    "first_name": "Azzaya",
    "group": null,
    "email": "azzayam19@ausdk12.org",
    "english_class": 41,
    "ihs_class": 38
  }
},
{
  "pk": 207330,
  "model": "group_manager.student",
  "fields": {
    "last_name": "Divie",
    "first_name": "Kunga",
    "group": null,
    "email": "kungad19@ausdk12.org",
    "english_class": 35,
    "ihs_class": 31
  }
},
{
  "pk": 207371,
  "model": "group_manager.student",
  "fields": {
    "last_name": "Federspiel",
    "first_name": "Emily",
    "group": null,
    "email": "emilyf19@ausdk12.org",
    "english_class": 29,
    "ihs_class": 33
  }
},
{
  "pk": 207373,
  "model": "group_manager.student",
  "fields": {
    "last_name": "Palma",
    "first_name": "Carlos",
    "group": null,
    "email": "carlosp19@ausdk12.org",
    "english_class": 35,
    "ihs_class": 31
  }
},
{
  "pk": 207377,
  "model": "group_manager.student",
  "fields": {
    "last_name": "Zhong",
    "first_name": "Yunfan",
    "group": null,
    "email": "yunfanz19@ausdk12.org",
    "english_class": 28,
    "ihs_class": 33
  }
},
{
  "pk": 207917,
  "model": "group_manager.student",
  "fields": {
    "last_name": "Amare",
    "first_name": "Abel",
    "group": null,
    "email": "abela19@ausdk12.org",
    "english_class": 26,
    "ihs_class": 21
  }
},
{
  "pk": 207918,
  "model": "group_manager.student",
  "fields": {
    "last_name": "DeRosa",
    "first_name": "Miles",
    "group": null,
    "email": "milesrd19@ausdk12.org",
    "english_class": 37,
    "ihs_class": 31
  }
},
{
  "pk": 207920,
  "model": "group_manager.student",
  "fields": {
    "last_name": "Ohshita",
    "first_name": "Irene",
    "group": null,
    "email": "irenemo19@ausdk12.org",
    "english_class": 41,
    "ihs_class": 32
  }
},
{
  "pk": 207955,
  "model": "group_manager.student",
  "fields": {
    "last_name": "Sherman-Howell",
    "first_name": "Sage",
    "group": null,
    "email": "sages19@ausdk12.org",
    "english_class": 41,
    "ihs_class": 33
  }
},
{
  "pk": 1100230,
  "model": "group_manager.student",
  "fields": {
    "last_name": "Lussier",
    "first_name": "Camille",
    "group": null,
    "email": "clussier1488@att.net",
    "english_class": 41,
    "ihs_class": 38
  }
},
{
  "pk": 1100231,
  "model": "group_manager.student",
  "fields": {
    "last_name": "McDonald",
    "first_name": "Shelby",
    "group": null,
    "email": "shelbywm19@ausdk12.org",
    "english_class": 29,
    "ihs_class": 33
  }
},
{
  "pk": 1100236,
  "model": "group_manager.student",
  "fields": {
    "last_name": "Kalika",
    "first_name": "Jamaica",
    "group": null,
    "email": "jamaicakk19@ausdk12.org",
    "english_class": 41,
    "ihs_class": 33
  }
},
{
  "pk": 1100244,
  "model": "group_manager.student",
  "fields": {
    "last_name": "Owens Fiesel",
    "first_name": "Lena",
    "group": null,
    "email": "lenaao19@ausdk12.org",
    "english_class": 34,
    "ihs_class": 23
  }
},
{
  "pk": 1100247,
  "model": "group_manager.student",
  "fields": {
    "last_name": "Owens Fiesel",
    "first_name": "Uma",
    "group": null,
    "email": "umajo19@ausdk12.org",
    "english_class": 40,
    "ihs_class": 32
  }
},
{
  "pk": 1100254,
  "model": "group_manager.student",
  "fields": {
    "last_name": "Holmes-Ung",
    "first_name": "Alvin",
    "group": null,
    "email": "alvinh19@ausdk12.org",
    "english_class": 40,
    "ihs_class": 39
  }
},
{
  "pk": 1100258,
  "model": "group_manager.student",
  "fields": {
    "last_name": "Li",
    "first_name": "Li",
    "group": null,
    "email": "lil19@ausdk12.org",
    "english_class": null,
    "ihs_class": 30
  }
},
{
  "pk": 1100260,
  "model": "group_manager.student",
  "fields": {
    "last_name": "McGuire",
    "first_name": "Elizabeth",
    "group": null,
    "email": "elizabethrm19@ausdk12.org",
    "english_class": 41,
    "ihs_class": 33
  }
},
{
  "pk": 1100265,
  "model": "group_manager.student",
  "fields": {
    "last_name": "Thaden",
    "first_name": "Mabel",
    "group": null,
    "email": "mabelet19@ausdk12.org",
    "english_class": 40,
    "ihs_class": 39
  }
},
{
  "pk": 1100272,
  "model": "group_manager.student",
  "fields": {
    "last_name": "Kasparek",
    "first_name": "Milo",
    "group": null,
    "email": "milotk19@ausdk12.org",
    "english_class": 37,
    "ihs_class": 23
  }
},
{
  "pk": 1100274,
  "model": "group_manager.student",
  "fields": {
    "last_name": "Finch",
    "first_name": "Avri",
    "group": null,
    "email": "avrif19@ausdk12.org",
    "english_class": 37,
    "ihs_class": 30
  }
},
{
  "pk": 1100284,
  "model": "group_manager.student",
  "fields": {
    "last_name": "Finley",
    "first_name": "Dante",
    "group": null,
    "email": "dantef19@ausdk12.org",
    "english_class": 25,
    "ihs_class": 19
  }
},
{
  "pk": 1100285,
  "model": "group_manager.student",
  "fields": {
    "last_name": "Wright",
    "first_name": "Guadalupe",
    "group": null,
    "email": "guadalupecw19@ausdk12.org",
    "english_class": 27,
    "ihs_class": 19
  }
},
{
  "pk": 1100286,
  "model": "group_manager.student",
  "fields": {
    "last_name": "Bustamante",
    "first_name": "Isabel",
    "group": null,
    "email": "isabelab19@ausdk12.org",
    "english_class": 40,
    "ihs_class": 33
  }
},
{
  "pk": 1100288,
  "model": "group_manager.student",
  "fields": {
    "last_name": "Gonzales",
    "first_name": "Jacqueline",
    "group": null,
    "email": "jacquelineg19@ausdk12.org",
    "english_class": 37,
    "ihs_class": 30
  }
},
{
  "pk": 1100289,
  "model": "group_manager.student",
  "fields": {
    "last_name": "Almeida Caballero",
    "first_name": "Maria",
    "group": null,
    "email": "mariasa19@ausdk12.org",
    "english_class": 28,
    "ihs_class": 32
  }
},
{
  "pk": 1100290,
  "model": "group_manager.student",
  "fields": {
    "last_name": "Stiehm",
    "first_name": "Nicholas",
    "group": null,
    "email": "nicholases19@ausdk12.org",
    "english_class": 40,
    "ihs_class": 38
  }
},
{
  "pk": 1100292,
  "model": "group_manager.student",
  "fields": {
    "last_name": "Brantley",
    "first_name": "Asia",
    "group": null,
    "email": "asiamb19@ausdk12.org",
    "english_class": 24,
    "ihs_class": 21
  }
},
{
  "pk": 1100293,
  "model": "group_manager.student",
  "fields": {
    "last_name": "Galaviz",
    "first_name": "Gianni",
    "group": null,
    "email": "giannipg19@ausdk12.org",
    "english_class": 40,
    "ihs_class": 39
  }
},
{
  "pk": 1100294,
  "model": "group_manager.student",
  "fields": {
    "last_name": "McRoberts",
    "first_name": "Aidan",
    "group": null,
    "email": "aidanjm19@ausdk12.org",
    "english_class": 29,
    "ihs_class": 38
  }
},
{
  "pk": 1100298,
  "model": "group_manager.student",
  "fields": {
    "last_name": "Smithies",
    "first_name": "Samantha",
    "group": null,
    "email": "samanthas19@ausdk12.org",
    "english_class": 29,
    "ihs_class": 32
  }
},
{
  "pk": 1100312,
  "model": "group_manager.student",
  "fields": {
    "last_name": "Hampton",
    "first_name": "Spencer",
    "group": null,
    "email": "spencerah19@ausdk12.org",
    "english_class": 25,
    "ihs_class": 19
  }
},
{
  "pk": 1100313,
  "model": "group_manager.student",
  "fields": {
    "last_name": "Li",
    "first_name": "Luanqian",
    "group": null,
    "email": "luanqianl19@ausdk12.org",
    "english_class": 25,
    "ihs_class": 23
  }
},
{
  "pk": 1100314,
  "model": "group_manager.student",
  "fields": {
    "last_name": "Tarano",
    "first_name": "Maya",
    "group": null,
    "email": "mayart19@ausdk12.org",
    "english_class": 25,
    "ihs_class": 20
  }
},
{
  "pk": 1100316,
  "model": "group_manager.student",
  "fields": {
    "last_name": "Petersen",
    "first_name": "Ryan",
    "group": null,
    "email": "ryansp19@ausdk12.org",
    "english_class": 34,
    "ihs_class": 31
  }
},
{
  "pk": 1100317,
  "model": "group_manager.student",
  "fields": {
    "last_name": "White",
    "first_name": "Jordan",
    "group": null,
    "email": "jordanaw19@ausdk12.org",
    "english_class": 29,
    "ihs_class": 39
  }
},
{
  "pk": 1100318,
  "model": "group_manager.student",
  "fields": {
    "last_name": "Nalle",
    "first_name": "Suzanne",
    "group": null,
    "email": "suzannesn19@ausdk12.org",
    "english_class": 27,
    "ihs_class": 22
  }
},
{
  "pk": 1100320,
  "model": "group_manager.student",
  "fields": {
    "last_name": "Gebremichael",
    "first_name": "Shiden",
    "group": null,
    "email": "shidenmg19@ausdk12.org",
    "english_class": 26,
    "ihs_class": 19
  }
},
{
  "pk": 1100322,
  "model": "group_manager.student",
  "fields": {
    "last_name": "Murphy",
    "first_name": "Grace",
    "group": null,
    "email": "gracem19@ausdk12.org",
    "english_class": 26,
    "ihs_class": 22
  }
},
{
  "pk": 1100323,
  "model": "group_manager.student",
  "fields": {
    "last_name": "Murphy",
    "first_name": "Matthew",
    "group": null,
    "email": "matthewm19@ausdk12.org",
    "english_class": 29,
    "ihs_class": 39
  }
},
{
  "pk": 1100325,
  "model": "group_manager.student",
  "fields": {
    "last_name": "Gyaltsen",
    "first_name": "Tara",
    "group": null,
    "email": "tarakg19@ausdk12.org",
    "english_class": 26,
    "ihs_class": 22
  }
},
{
  "pk": 1100331,
  "model": "group_manager.student",
  "fields": {
    "last_name": "Scalice",
    "first_name": "Elizabeth",
    "group": null,
    "email": "elizabethys19@ausdk12.org",
    "english_class": 27,
    "ihs_class": 21
  }
},
{
  "pk": 1100332,
  "model": "group_manager.student",
  "fields": {
    "last_name": "Lucas",
    "first_name": "Amaya",
    "group": null,
    "email": "amayaml19@ausdk12.org",
    "english_class": 37,
    "ihs_class": 31
  }
},
{
  "pk": 1100340,
  "model": "group_manager.student",
  "fields": {
    "last_name": "Larkins",
    "first_name": "Madelyn",
    "group": null,
    "email": "madelynjl19@ausdk12.org",
    "english_class": 40,
    "ihs_class": 39
  }
},
{
  "pk": 1100346,
  "model": "group_manager.student",
  "fields": {
    "last_name": "Shine",
    "first_name": "Shavase",
    "group": null,
    "email": "shavasegs19@ausdk12.org",
    "english_class": 29,
    "ihs_class": 32
  }
},
{
  "pk": 1100356,
  "model": "group_manager.student",
  "fields": {
    "last_name": "Pinnelli",
    "first_name": "Daniel",
    "group": null,
    "email": "danieljp19@ausdk12.org",
    "english_class": null,
    "ihs_class": 19
  }
},
{
  "pk": 1100366,
  "model": "group_manager.student",
  "fields": {
    "last_name": "Hoke",
    "first_name": "Sarah",
    "group": null,
    "email": "sarahjh19@ausdk12.org",
    "english_class": 35,
    "ihs_class": 31
  }
},
{
  "pk": 1100367,
  "model": "group_manager.student",
  "fields": {
    "last_name": "Fedyk",
    "first_name": "Maria-Sophia",
    "group": null,
    "email": "mariasophiaf19@ausdk12.org",
    "english_class": 29,
    "ihs_class": 32
  }
},
{
  "pk": 1100372,
  "model": "group_manager.student",
  "fields": {
    "last_name": "Jimenez",
    "first_name": "Richard",
    "group": null,
    "email": "richardj19@ausdk12.org",
    "english_class": 25,
    "ihs_class": 19
  }
},
{
  "pk": 1100377,
  "model": "group_manager.student",
  "fields": {
    "last_name": "Peralta",
    "first_name": "Brayam",
    "group": null,
    "email": "brayamap19@ausdk12.org",
    "english_class": 29,
    "ihs_class": 39
  }
},
{
  "pk": 1100384,
  "model": "group_manager.student",
  "fields": {
    "last_name": "Boubion-McKay",
    "first_name": "Sequoia",
    "group": null,
    "email": "sequoiaob19@ausdk12.org",
    "english_class": 41,
    "ihs_class": 33
  }
},
{
  "pk": 1100394,
  "model": "group_manager.student",
  "fields": {
    "last_name": "Belmont",
    "first_name": "Eric",
    "group": null,
    "email": "ericmb19@ausdk12.org",
    "english_class": null,
    "ihs_class": 22
  }
},
{
  "pk": 1100396,
  "model": "group_manager.student",
  "fields": {
    "last_name": "Alexander",
    "first_name": "Coriell",
    "group": null,
    "email": "coriellla19@ausdk12.org",
    "english_class": 28,
    "ihs_class": 39
  }
},
{
  "pk": 1100415,
  "model": "group_manager.student",
  "fields": {
    "last_name": "Jrade",
    "first_name": "Ely",
    "group": null,
    "email": "elybj19@ausdk12.org",
    "english_class": 36,
    "ihs_class": 31
  }
},
{
  "pk": 1100430,
  "model": "group_manager.student",
  "fields": {
    "last_name": "Kyle",
    "first_name": "Noel",
    "group": null,
    "email": "noelkk19@ausdk12.org",
    "english_class": 28,
    "ihs_class": 32
  }
},
{
  "pk": 1100435,
  "model": "group_manager.student",
  "fields": {
    "last_name": "Xia",
    "first_name": "Fan",
    "group": null,
    "email": "fanx19@ausdk12.org",
    "english_class": 29,
    "ihs_class": 33
  }
},
{
  "pk": 1100438,
  "model": "group_manager.student",
  "fields": {
    "last_name": "Ingalls",
    "first_name": "Serena",
    "group": null,
    "email": "serenami19@ausdk12.org",
    "english_class": 41,
    "ihs_class": 32
  }
},
{
  "pk": 1100441,
  "model": "group_manager.student",
  "fields": {
    "last_name": "Siegmann-Watson",
    "first_name": "Milo",
    "group": null,
    "email": "miloss19@ausdk12.org",
    "english_class": 24,
    "ihs_class": 21
  }
},
{
  "pk": 1100446,
  "model": "group_manager.student",
  "fields": {
    "last_name": "Gagnon",
    "first_name": "Moka",
    "group": null,
    "email": "mokaag19@ausdk12.org",
    "english_class": 29,
    "ihs_class": 39
  }
},
{
  "pk": 1100447,
  "model": "group_manager.student",
  "fields": {
    "last_name": "Jarman",
    "first_name": "Joaquin",
    "group": null,
    "email": "joaquinlj19@ausdk12.org",
    "english_class": 25,
    "ihs_class": 19
  }
},
{
  "pk": 1100453,
  "model": "group_manager.student",
  "fields": {
    "last_name": "Irvine",
    "first_name": "Kolomona Ryan",
    "group": null,
    "email": "kolomonami19@ausdk12.org",
    "english_class": 35,
    "ihs_class": 23
  }
},
{
  "pk": 1100467,
  "model": "group_manager.student",
  "fields": {
    "last_name": "Faine",
    "first_name": "Kirby",
    "group": null,
    "email": "kirbypf19@ausdk12.org",
    "english_class": 27,
    "ihs_class": 19
  }
},
{
  "pk": 1100471,
  "model": "group_manager.student",
  "fields": {
    "last_name": "Rogers",
    "first_name": "Aidan",
    "group": null,
    "email": "aidannr19@ausdk12.org",
    "english_class": 28,
    "ihs_class": 38
  }
},
{
  "pk": 1100476,
  "model": "group_manager.student",
  "fields": {
    "last_name": "Jandali",
    "first_name": "Yusuf",
    "group": null,
    "email": "yusufzj19@ausdk12.org",
    "english_class": 41,
    "ihs_class": 32
  }
},
{
  "pk": 1100477,
  "model": "group_manager.student",
  "fields": {
    "last_name": "Jackson-Daley",
    "first_name": "Lucas",
    "group": null,
    "email": "lucasj19@ausdk12.org",
    "english_class": null,
    "ihs_class": 32
  }
},
{
  "pk": 1100483,
  "model": "group_manager.student",
  "fields": {
    "last_name": "Ramirez",
    "first_name": "Raquel",
    "group": null,
    "email": "raqueler19@ausdk12.org",
    "english_class": 25,
    "ihs_class": 20
  }
},
{
  "pk": 1100485,
  "model": "group_manager.student",
  "fields": {
    "last_name": "Nyoni",
    "first_name": "Lungile",
    "group": null,
    "email": "lungilenn19@ausdk12.org",
    "english_class": 41,
    "ihs_class": 38
  }
},
{
  "pk": 1100486,
  "model": "group_manager.student",
  "fields": {
    "last_name": "Yangdon",
    "first_name": "Tenzin",
    "group": null,
    "email": "tenziny19@ausdk12.org",
    "english_class": 41,
    "ihs_class": 39
  }
},
{
  "pk": 1100487,
  "model": "group_manager.student",
  "fields": {
    "last_name": "Simental",
    "first_name": "Angel",
    "group": null,
    "email": "angels19@ausdk12.org",
    "english_class": 29,
    "ihs_class": 38
  }
},
{
  "pk": 1100498,
  "model": "group_manager.student",
  "fields": {
    "last_name": "Hufler",
    "first_name": "Quinn",
    "group": null,
    "email": "quinnh19@ausdk12.org",
    "english_class": 25,
    "ihs_class": 22
  }
},
{
  "pk": 1100510,
  "model": "group_manager.student",
  "fields": {
    "last_name": "Battulga",
    "first_name": "Batchuluun",
    "group": null,
    "email": "Bojuulaa@gmail.com",
    "english_class": 35,
    "ihs_class": 19
  }
},
{
  "pk": 3100014,
  "model": "group_manager.student",
  "fields": {
    "last_name": "Mowdy",
    "first_name": "Christopher",
    "group": null,
    "email": "christophermm19@ausdk12.org",
    "english_class": 41,
    "ihs_class": 32
  }
},
{
  "pk": 3100023,
  "model": "group_manager.student",
  "fields": {
    "last_name": "Taylor",
    "first_name": "Logan",
    "group": null,
    "email": "loganjt19@ausdk12.org",
    "english_class": 41,
    "ihs_class": 39
  }
},
{
  "pk": 3100077,
  "model": "group_manager.student",
  "fields": {
    "last_name": "Kwan-Sy",
    "first_name": "Kailani",
    "group": null,
    "email": "kailanibk19@ausdk12.org",
    "english_class": 25,
    "ihs_class": 19
  }
},
{
  "pk": 3100179,
  "model": "group_manager.student",
  "fields": {
    "last_name": "Guerrero",
    "first_name": "Nyah",
    "group": null,
    "email": "nyahg19@ausdk12.org",
    "english_class": 35,
    "ihs_class": 23
  }
},
{
  "pk": 3100180,
  "model": "group_manager.student",
  "fields": {
    "last_name": "Robey",
    "first_name": "Tara",
    "group": null,
    "email": "taraer19@ausdk12.org",
    "english_class": 25,
    "ihs_class": 22
  }
},
{
  "pk": 3100186,
  "model": "group_manager.student",
  "fields": {
    "last_name": "Sloan",
    "first_name": "Joshua",
    "group": null,
    "email": "joshuacs19@ausdk12.org",
    "english_class": 26,
    "ihs_class": 19
  }
},
{
  "pk": 4100005,
  "model": "group_manager.student",
  "fields": {
    "last_name": "Henriquez",
    "first_name": "Daniel",
    "group": null,
    "email": "danieleh19@ausdk12.org",
    "english_class": 27,
    "ihs_class": 19
  }
},
{
  "pk": 4100024,
  "model": "group_manager.student",
  "fields": {
    "last_name": "Hong",
    "first_name": "Angela",
    "group": null,
    "email": "angelah19@ausdk12.org",
    "english_class": 37,
    "ihs_class": 23
  }
},
{
  "pk": 4100025,
  "model": "group_manager.student",
  "fields": {
    "last_name": "Pandey",
    "first_name": "Roshan",
    "group": null,
    "email": "roshanp19@ausdk12.org",
    "english_class": 34,
    "ihs_class": 31
  }
},
{
  "pk": 4100029,
  "model": "group_manager.student",
  "fields": {
    "last_name": "Palega",
    "first_name": "Jalen",
    "group": null,
    "email": "jalenp19@ausdk12.org",
    "english_class": 26,
    "ihs_class": 21
  }
},
{
  "pk": 4100141,
  "model": "group_manager.student",
  "fields": {
    "last_name": "Monk",
    "first_name": "John",
    "group": null,
    "email": "johndm19@ausdk12.org",
    "english_class": 36,
    "ihs_class": 31
  }
},
{
  "pk": 4100151,
  "model": "group_manager.student",
  "fields": {
    "last_name": "Thomsen",
    "first_name": "Georgia",
    "group": null,
    "email": "georgiaet19@ausdk12.org",
    "english_class": 40,
    "ihs_class": 33
  }
},
{
  "pk": 5100117,
  "model": "group_manager.student",
  "fields": {
    "last_name": "Kosma",
    "first_name": "Marcus",
    "group": null,
    "email": "marcusok19@ausdk12.org",
    "english_class": 34,
    "ihs_class": 23
  }
},
{
  "pk": 5100166,
  "model": "group_manager.student",
  "fields": {
    "last_name": "Amoranto",
    "first_name": "Devun Norberto",
    "group": null,
    "email": "devunja19@ausdk12.org",
    "english_class": 36,
    "ihs_class": 31
  }
},
{
  "pk": 5100253,
  "model": "group_manager.student",
  "fields": {
    "last_name": "Park",
    "first_name": "Jun Seo",
    "group": null,
    "email": "junp19@ausdk12.org",
    "english_class": 24,
    "ihs_class": 21
  }
},
{
  "pk": 5100258,
  "model": "group_manager.student",
  "fields": {
    "last_name": "Sarikakis",
    "first_name": "Emilia",
    "group": null,
    "email": "emiliams19@ausdk12.org",
    "english_class": 40,
    "ihs_class": 39
  }
},
{
  "pk": 5100268,
  "model": "group_manager.student",
  "fields": {
    "last_name": "O'Connell",
    "first_name": "Henry",
    "group": null,
    "email": "henryco19@ausdk12.org",
    "english_class": 27,
    "ihs_class": 21
  }
},
{
  "pk": 5100341,
  "model": "group_manager.student",
  "fields": {
    "last_name": "Jones",
    "first_name": "Netsannet",
    "group": null,
    "email": "netsannetsj19@ausdk12.org",
    "english_class": 26,
    "ihs_class": 21
  }
},
{
  "pk": 5100397,
  "model": "group_manager.student",
  "fields": {
    "last_name": "Kearney",
    "first_name": "Milo",
    "group": null,
    "email": "milok19@ausdk12.org",
    "english_class": 25,
    "ihs_class": 20
  }
},
{
  "pk": 100100430,
  "model": "group_manager.student",
  "fields": {
    "last_name": "Rodriguez",
    "first_name": "Barry",
    "group": null,
    "email": "barryar19@ausdk12.org",
    "english_class": 37,
    "ihs_class": 23
  }
},
{
  "pk": 100100432,
  "model": "group_manager.student",
  "fields": {
    "last_name": "Torres Gutierrez",
    "first_name": "Jonathan",
    "group": null,
    "email": "jonathanbt19@ausdk12.org",
    "english_class": 40,
    "ihs_class": 32
  }
},
{
  "pk": 100100433,
  "model": "group_manager.student",
  "fields": {
    "last_name": "Torres",
    "first_name": "Arnold",
    "group": null,
    "email": "arnoldft19@ausdk12.org",
    "english_class": 35,
    "ihs_class": 31
  }
},
{
  "pk": 100100434,
  "model": "group_manager.student",
  "fields": {
    "last_name": "Park",
    "first_name": "Daniel",
    "group": null,
    "email": "danielp19@ausdk12.org",
    "english_class": 24,
    "ihs_class": 22
  }
},
{
  "pk": 100100437,
  "model": "group_manager.student",
  "fields": {
    "last_name": "Harkness",
    "first_name": "Zachary",
    "group": null,
    "email": "zacharywh19@ausdk12.org",
    "english_class": 27,
    "ihs_class": 19
  }
},
{
  "pk": 100100438,
  "model": "group_manager.student",
  "fields": {
    "last_name": "Massoudi",
    "first_name": "Leila",
    "group": null,
    "email": "leilamm19@ausdk12.org",
    "english_class": 35,
    "ihs_class": 30
  }
},
{
  "pk": 100100439,
  "model": "group_manager.student",
  "fields": {
    "last_name": "Rissmann",
    "first_name": "Tyler",
    "group": null,
    "email": "tylergr19@ausdk12.org",
    "english_class": 24,
    "ihs_class": 21
  }
},
{
  "pk": 100100444,
  "model": "group_manager.student",
  "fields": {
    "last_name": "Tan",
    "first_name": "Zheng",
    "group": null,
    "email": "zhengbt19@ausdk12.org",
    "english_class": 34,
    "ihs_class": 31
  }
},
{
  "pk": 100100446,
  "model": "group_manager.student",
  "fields": {
    "last_name": "Gillis",
    "first_name": "Hailie",
    "group": null,
    "email": "hailieg19@ausdk12.org",
    "english_class": 35,
    "ihs_class": 23
  }
},
{
  "pk": 100100447,
  "model": "group_manager.student",
  "fields": {
    "last_name": "Siecienski",
    "first_name": "Emma",
    "group": null,
    "email": "emmams19@ausdk12.org",
    "english_class": 24,
    "ihs_class": 21
  }
},
{
  "pk": 100100449,
  "model": "group_manager.student",
  "fields": {
    "last_name": "Maaren",
    "first_name": "Sebastian",
    "group": null,
    "email": "sebastianmm19@ausdk12.org",
    "english_class": 29,
    "ihs_class": 38
  }
},
{
  "pk": 100100450,
  "model": "group_manager.student",
  "fields": {
    "last_name": "Blake",
    "first_name": "Christina",
    "group": null,
    "email": "christinalb18@ausdk12.org",
    "english_class": 36,
    "ihs_class": 30
  }
},
{
  "pk": 100100453,
  "model": "group_manager.student",
  "fields": {
    "last_name": "Stewart",
    "first_name": "Mikaela",
    "group": null,
    "email": "mikaelaas19@ausdk12.org",
    "english_class": 24,
    "ihs_class": 20
  }
},
{
  "pk": 100100456,
  "model": "group_manager.student",
  "fields": {
    "last_name": "Polidori",
    "first_name": "Richard",
    "group": null,
    "email": "richardp19@ausdk12.org",
    "english_class": 35,
    "ihs_class": 30
  }
},
{
  "pk": 100100460,
  "model": "group_manager.student",
  "fields": {
    "last_name": "Attree",
    "first_name": "James",
    "group": null,
    "email": "jamesja19@ausdk12.org",
    "english_class": 25,
    "ihs_class": 19
  }
},
{
  "pk": 100100461,
  "model": "group_manager.student",
  "fields": {
    "last_name": "Aguilar",
    "first_name": "Jessica",
    "group": null,
    "email": "jessicala19@ausdk12.org",
    "english_class": 26,
    "ihs_class": 19
  }
},
{
  "pk": 100100462,
  "model": "group_manager.student",
  "fields": {
    "last_name": "Rodriguez",
    "first_name": "Adrian",
    "group": null,
    "email": "ajr26643@gmail.com",
    "english_class": 24,
    "ihs_class": 22
  }
},
{
  "pk": 100100469,
  "model": "group_manager.student",
  "fields": {
    "last_name": "Soares",
    "first_name": "Clara",
    "group": null,
    "email": "claras19@ausdk12.org",
    "english_class": null,
    "ihs_class": 22
  }
},
{
  "pk": 100100470,
  "model": "group_manager.student",
  "fields": {
    "last_name": "Mbacke",
    "first_name": "Bassirou",
    "group": null,
    "email": "bassiroujm19@ausdk12.org",
    "english_class": 40,
    "ihs_class": 39
  }
},
{
  "pk": 100100472,
  "model": "group_manager.student",
  "fields": {
    "last_name": "Olip-Booth",
    "first_name": "Amelia",
    "group": null,
    "email": "ameliaro19@ausdk12.org",
    "english_class": 24,
    "ihs_class": 22
  }
},
{
  "pk": 100100482,
  "model": "group_manager.student",
  "fields": {
    "last_name": "Gallardo",
    "first_name": "Alfred",
    "group": null,
    "email": "alfredag19@ausdk12.org",
    "english_class": null,
    "ihs_class": 22
  }
},
{
  "pk": 100100483,
  "model": "group_manager.student",
  "fields": {
    "last_name": "Bryant",
    "first_name": "Julian",
    "group": null,
    "email": "juliancb19@ausdk12.org",
    "english_class": 36,
    "ihs_class": 30
  }
},
{
  "pk": 300000002,
  "model": "group_manager.student",
  "fields": {
    "last_name": "Mighetto",
    "first_name": "Edward",
    "group": null,
    "email": "edwardlm19@ausdk12.org",
    "english_class": 36,
    "ihs_class": 30
  }
}
]
